"Sample    : 31508 Ag",
"Operator  : thiago",
"Comment  : cubatao-g-policarbonato",
"Group     : kerr2007ag180cal_lt",
"Date       : 2010-06-26 14:04:32",
"",
"Mesurement Condition",
"------------------------------------------------------------------------------------",
"Instrument : 700HS2   Atmosphere : Vac.   Collimator : 10(mm)   Spin : No",
"------------------------------------------------------------------------------------",
"Analyte               TG kV   uA      FI Acq.(keV)  Anal.(keV)  Time(sec)     DT(%)",
"------------------------------------------------------------------------------------",
"Na                    Rh 50  393-Auto Al  0 - 20    0.8 - 1.2   Live -  179   16",
"",
"<Profile>",
"Channel_info_start",
"Channel : Na",
"Points : 2048",
"Range : 0.000000 - 20.480000",
"Step : 0.010000",
"Channel_info_end",
"0",
"0",
"0",
"0",
"0",
"0",
"0",
"0",
"0",
"0",
"0",
"0",
"0",
"0",
"0",
"0",
"0",
"0",
"0",
"0",
"0",
"0",
"0",
"0",
"0",
"0",
"0",
"0",
"0",
"0",
"12",
"52",
"53",
"50",
"47",
"55",
"56",
"63",
"44",
"53",
"55",
"60",
"47",
"66",
"51",
"55",
"39",
"46",
"40",
"47",
"50",
"59",
"49",
"50",
"46",
"59",
"52",
"51",
"41",
"78",
"56",
"38",
"50",
"51",
"39",
"60",
"40",
"50",
"57",
"52",
"56",
"50",
"55",
"52",
"32",
"41",
"41",
"61",
"61",
"64",
"39",
"51",
"47",
"47",
"49",
"49",
"52",
"61",
"56",
"71",
"53",
"46",
"56",
"66",
"51",
"59",
"48",
"47",
"47",
"64",
"55",
"45",
"55",
"61",
"62",
"59",
"62",
"50",
"63",
"71",
"82",
"71",
"45",
"75",
"73",
"90",
"89",
"102",
"120",
"148",
"154",
"195",
"177",
"240",
"211",
"221",
"189",
"204",
"146",
"170",
"136",
"123",
"117",
"99",
"102",
"93",
"120",
"126",
"114",
"158",
"146",
"131",
"145",
"138",
"121",
"137",
"108",
"141",
"113",
"112",
"93",
"110",
"99",
"82",
"99",
"74",
"94",
"80",
"76",
"95",
"100",
"83",
"74",
"70",
"78",
"93",
"74",
"86",
"69",
"73",
"72",
"92",
"70",
"94",
"90",
"90",
"93",
"80",
"97",
"92",
"66",
"65",
"83",
"84",
"74",
"68",
"80",
"76",
"72",
"73",
"62",
"83",
"113",
"98",
"99",
"135",
"119",
"189",
"182",
"183",
"203",
"182",
"170",
"140",
"143",
"160",
"118",
"122",
"101",
"81",
"80",
"87",
"74",
"65",
"60",
"59",
"68",
"72",
"66",
"82",
"75",
"74",
"61",
"73",
"70",
"77",
"70",
"89",
"96",
"101",
"57",
"92",
"87",
"88",
"95",
"97",
"85",
"83",
"87",
"92",
"113",
"106",
"122",
"85",
"106",
"119",
"133",
"147",
"119",
"130",
"116",
"145",
"158",
"205",
"197",
"246",
"264",
"326",
"376",
"415",
"449",
"546",
"540",
"612",
"610",
"590",
"592",
"578",
"504",
"455",
"414",
"415",
"361",
"364",
"363",
"344",
"382",
"359",
"403",
"439",
"449",
"444",
"472",
"535",
"568",
"678",
"798",
"1070",
"1396",
"1966",
"2574",
"3465",
"4550",
"5694",
"6594",
"8443",
"8992",
"10379",
"10281",
"10880",
"10768",
"10340",
"9009",
"8571",
"7032",
"6097",
"5063",
"4466",
"4040",
"3994",
"3864",
"4269",
"4550",
"4995",
"4973",
"5360",
"5463",
"5548",
"5143",
"5277",
"4623",
"4470",
"3815",
"3252",
"2915",
"2739",
"2349",
"2038",
"1818",
"1705",
"1439",
"1457",
"1317",
"1372",
"1302",
"1438",
"1232",
"1218",
"1153",
"1053",
"994",
"839",
"731",
"727",
"591",
"559",
"534",
"536",
"477",
"557",
"523",
"591",
"580",
"583",
"569",
"560",
"505",
"532",
"467",
"622",
"618",
"668",
"707",
"812",
"1017",
"1147",
"1288",
"1406",
"1431",
"1566",
"1509",
"1551",
"1473",
"1475",
"1226",
"1189",
"951",
"823",
"662",
"532",
"427",
"374",
"302",
"229",
"190",
"161",
"143",
"100",
"119",
"111",
"118",
"135",
"112",
"126",
"129",
"156",
"147",
"181",
"184",
"204",
"206",
"217",
"181",
"210",
"204",
"208",
"192",
"161",
"129",
"133",
"104",
"105",
"75",
"81",
"70",
"50",
"50",
"49",
"51",
"28",
"46",
"37",
"46",
"46",
"51",
"52",
"44",
"56",
"36",
"37",
"41",
"57",
"64",
"60",
"44",
"56",
"55",
"68",
"40",
"52",
"52",
"72",
"64",
"58",
"69",
"73",
"82",
"81",
"88",
"76",
"85",
"75",
"87",
"82",
"69",
"81",
"88",
"87",
"82",
"73",
"96",
"90",
"87",
"85",
"73",
"73",
"84",
"63",
"75",
"76",
"76",
"65",
"68",
"71",
"72",
"65",
"68",
"63",
"62",
"60",
"47",
"86",
"61",
"62",
"77",
"66",
"74",
"59",
"61",
"71",
"78",
"66",
"77",
"65",
"56",
"53",
"58",
"71",
"73",
"61",
"47",
"66",
"55",
"63",
"50",
"62",
"69",
"56",
"61",
"57",
"69",
"62",
"61",
"59",
"66",
"73",
"81",
"70",
"61",
"77",
"80",
"98",
"76",
"97",
"97",
"94",
"90",
"118",
"69",
"106",
"93",
"98",
"104",
"109",
"104",
"104",
"117",
"112",
"122",
"107",
"123",
"130",
"119",
"134",
"109",
"110",
"106",
"101",
"126",
"124",
"96",
"117",
"117",
"108",
"108",
"92",
"110",
"108",
"85",
"109",
"100",
"90",
"85",
"83",
"83",
"77",
"88",
"99",
"85",
"89",
"87",
"85",
"83",
"73",
"78",
"96",
"78",
"89",
"68",
"71",
"101",
"77",
"84",
"86",
"90",
"96",
"95",
"96",
"95",
"81",
"87",
"87",
"109",
"118",
"86",
"77",
"99",
"107",
"89",
"160",
"121",
"116",
"105",
"132",
"122",
"120",
"141",
"145",
"148",
"135",
"142",
"172",
"173",
"161",
"185",
"168",
"171",
"164",
"167",
"216",
"210",
"202",
"199",
"203",
"217",
"223",
"235",
"258",
"229",
"238",
"185",
"227",
"240",
"225",
"243",
"254",
"262",
"241",
"271",
"258",
"252",
"244",
"256",
"225",
"259",
"275",
"268",
"294",
"253",
"210",
"231",
"203",
"223",
"230",
"220",
"215",
"189",
"197",
"186",
"197",
"204",
"207",
"190",
"187",
"186",
"173",
"178",
"162",
"202",
"229",
"173",
"171",
"160",
"221",
"170",
"170",
"174",
"168",
"167",
"169",
"164",
"170",
"147",
"165",
"166",
"144",
"141",
"153",
"159",
"144",
"125",
"125",
"144",
"131",
"140",
"154",
"144",
"142",
"120",
"134",
"153",
"131",
"137",
"135",
"133",
"143",
"130",
"143",
"144",
"143",
"131",
"126",
"120",
"148",
"140",
"126",
"133",
"128",
"126",
"140",
"110",
"135",
"152",
"144",
"124",
"106",
"131",
"130",
"138",
"155",
"119",
"169",
"137",
"136",
"131",
"149",
"135",
"138",
"138",
"141",
"142",
"154",
"138",
"147",
"144",
"136",
"148",
"157",
"137",
"146",
"132",
"196",
"137",
"132",
"145",
"135",
"138",
"156",
"119",
"158",
"159",
"148",
"138",
"144",
"161",
"165",
"158",
"157",
"173",
"144",
"158",
"166",
"130",
"148",
"133",
"145",
"126",
"156",
"149",
"164",
"144",
"165",
"168",
"160",
"143",
"146",
"156",
"174",
"156",
"156",
"160",
"155",
"171",
"193",
"169",
"210",
"204",
"199",
"182",
"194",
"211",
"206",
"226",
"215",
"206",
"225",
"204",
"214",
"207",
"201",
"205",
"208",
"207",
"208",
"197",
"215",
"192",
"208",
"185",
"180",
"205",
"197",
"195",
"216",
"206",
"185",
"213",
"201",
"227",
"214",
"198",
"228",
"242",
"205",
"206",
"233",
"245",
"219",
"190",
"221",
"235",
"222",
"203",
"214",
"220",
"184",
"206",
"226",
"242",
"242",
"215",
"225",
"258",
"225",
"227",
"237",
"290",
"262",
"244",
"264",
"280",
"264",
"267",
"262",
"279",
"294",
"243",
"239",
"257",
"232",
"244",
"249",
"216",
"191",
"184",
"173",
"209",
"189",
"175",
"199",
"211",
"198",
"153",
"164",
"165",
"166",
"178",
"154",
"161",
"168",
"155",
"166",
"174",
"155",
"174",
"154",
"185",
"157",
"131",
"144",
"143",
"161",
"156",
"181",
"147",
"181",
"161",
"159",
"173",
"147",
"155",
"189",
"165",
"194",
"162",
"170",
"156",
"159",
"167",
"198",
"166",
"161",
"165",
"162",
"170",
"171",
"170",
"186",
"186",
"181",
"189",
"185",
"184",
"168",
"172",
"175",
"183",
"196",
"178",
"147",
"173",
"171",
"182",
"205",
"180",
"177",
"193",
"172",
"209",
"184",
"179",
"198",
"159",
"179",
"211",
"189",
"187",
"181",
"181",
"191",
"180",
"202",
"175",
"175",
"157",
"218",
"179",
"187",
"177",
"171",
"173",
"180",
"175",
"178",
"164",
"171",
"178",
"179",
"161",
"168",
"184",
"174",
"172",
"173",
"190",
"191",
"170",
"201",
"205",
"197",
"157",
"190",
"195",
"195",
"180",
"202",
"181",
"173",
"198",
"173",
"181",
"181",
"179",
"183",
"198",
"189",
"157",
"170",
"164",
"180",
"193",
"165",
"177",
"158",
"152",
"172",
"154",
"159",
"177",
"155",
"166",
"164",
"132",
"165",
"170",
"147",
"143",
"140",
"165",
"159",
"135",
"133",
"135",
"170",
"149",
"148",
"153",
"144",
"133",
"160",
"147",
"145",
"145",
"145",
"140",
"132",
"150",
"142",
"144",
"148",
"138",
"131",
"152",
"132",
"137",
"144",
"123",
"147",
"143",
"125",
"128",
"164",
"150",
"170",
"146",
"131",
"144",
"126",
"161",
"167",
"155",
"125",
"134",
"150",
"154",
"137",
"148",
"141",
"144",
"135",
"162",
"168",
"143",
"140",
"172",
"150",
"158",
"154",
"126",
"168",
"126",
"173",
"147",
"171",
"165",
"141",
"156",
"149",
"143",
"178",
"159",
"168",
"174",
"173",
"144",
"178",
"183",
"148",
"167",
"152",
"155",
"160",
"185",
"186",
"160",
"181",
"165",
"185",
"143",
"158",
"165",
"169",
"170",
"159",
"162",
"191",
"180",
"150",
"189",
"171",
"172",
"206",
"197",
"185",
"155",
"162",
"171",
"174",
"153",
"156",
"174",
"195",
"159",
"140",
"193",
"194",
"149",
"158",
"143",
"164",
"145",
"182",
"168",
"174",
"174",
"172",
"148",
"157",
"166",
"158",
"170",
"165",
"145",
"164",
"156",
"162",
"156",
"152",
"154",
"177",
"144",
"168",
"156",
"148",
"158",
"153",
"165",
"140",
"133",
"169",
"161",
"156",
"167",
"135",
"160",
"145",
"133",
"148",
"157",
"148",
"130",
"159",
"132",
"152",
"142",
"158",
"149",
"129",
"150",
"156",
"145",
"178",
"124",
"161",
"162",
"145",
"154",
"141",
"141",
"153",
"147",
"145",
"164",
"140",
"134",
"136",
"162",
"152",
"125",
"126",
"135",
"159",
"142",
"137",
"132",
"145",
"120",
"145",
"120",
"159",
"133",
"136",
"133",
"128",
"129",
"158",
"134",
"156",
"147",
"141",
"162",
"130",
"161",
"146",
"156",
"150",
"129",
"130",
"137",
"137",
"143",
"158",
"123",
"125",
"118",
"157",
"126",
"129",
"126",
"165",
"138",
"141",
"123",
"156",
"143",
"159",
"117",
"125",
"134",
"128",
"135",
"126",
"129",
"135",
"141",
"124",
"113",
"152",
"124",
"131",
"123",
"122",
"122",
"120",
"125",
"156",
"122",
"117",
"116",
"114",
"124",
"120",
"130",
"146",
"136",
"143",
"102",
"162",
"128",
"133",
"118",
"130",
"145",
"155",
"123",
"112",
"118",
"128",
"144",
"120",
"120",
"123",
"152",
"144",
"124",
"140",
"138",
"135",
"146",
"131",
"112",
"146",
"132",
"96",
"138",
"119",
"108",
"111",
"110",
"125",
"121",
"141",
"132",
"124",
"145",
"116",
"131",
"117",
"147",
"123",
"126",
"144",
"137",
"135",
"145",
"129",
"137",
"120",
"130",
"136",
"131",
"110",
"119",
"147",
"118",
"124",
"147",
"137",
"137",
"128",
"137",
"121",
"142",
"128",
"130",
"147",
"136",
"128",
"113",
"132",
"124",
"149",
"142",
"130",
"134",
"135",
"128",
"134",
"123",
"130",
"108",
"137",
"134",
"107",
"117",
"124",
"140",
"141",
"114",
"164",
"133",
"140",
"107",
"142",
"132",
"116",
"113",
"118",
"122",
"118",
"122",
"113",
"124",
"125",
"128",
"117",
"136",
"119",
"121",
"140",
"130",
"104",
"99",
"134",
"143",
"119",
"132",
"128",
"106",
"121",
"109",
"140",
"117",
"119",
"123",
"126",
"125",
"126",
"142",
"131",
"118",
"129",
"109",
"126",
"112",
"116",
"106",
"122",
"135",
"92",
"134",
"132",
"124",
"126",
"120",
"110",
"119",
"140",
"107",
"136",
"132",
"129",
"105",
"135",
"106",
"104",
"125",
"141",
"117",
"101",
"123",
"111",
"104",
"120",
"128",
"135",
"125",
"92",
"116",
"142",
"97",
"108",
"119",
"111",
"134",
"109",
"107",
"105",
"102",
"106",
"120",
"109",
"111",
"114",
"125",
"120",
"102",
"100",
"101",
"94",
"108",
"134",
"96",
"108",
"112",
"112",
"118",
"122",
"135",
"111",
"106",
"100",
"99",
"118",
"116",
"114",
"118",
"100",
"99",
"138",
"130",
"120",
"119",
"129",
"88",
"88",
"106",
"112",
"101",
"112",
"110",
"119",
"100",
"109",
"102",
"134",
"102",
"102",
"110",
"89",
"110",
"98",
"101",
"90",
"98",
"100",
"102",
"106",
"81",
"108",
"107",
"114",
"92",
"114",
"104",
"112",
"102",
"105",
"101",
"106",
"107",
"96",
"111",
"109",
"99",
"118",
"99",
"116",
"105",
"96",
"123",
"97",
"131",
"107",
"93",
"104",
"132",
"92",
"96",
"106",
"95",
"98",
"96",
"118",
"104",
"104",
"105",
"105",
"102",
"90",
"98",
"104",
"101",
"111",
"118",
"120",
"90",
"97",
"107",
"111",
"83",
"122",
"106",
"107",
"89",
"94",
"95",
"92",
"83",
"107",
"100",
"92",
"105",
"87",
"108",
"88",
"105",
"111",
"87",
"122",
"93",
"93",
"112",
"116",
"89",
"108",
"107",
"97",
"95",
"118",
"109",
"97",
"105",
"102",
"94",
"120",
"105",
"97",
"97",
"94",
"98",
"100",
"84",
"92",
"101",
"96",
"121",
"99",
"105",
"87",
"101",
"93",
"94",
"93",
"86",
"107",
"88",
"101",
"113",
"88",
"88",
"98",
"88",
"106",
"93",
"75",
"97",
"98",
"82",
"99",
"106",
"87",
"92",
"93",
"106",
"95",
"80",
"100",
"105",
"99",
"78",
"102",
"102",
"90",
"98",
"92",
"111",
"97",
"78",
"86",
"92",
"117",
"111",
"100",
"92",
"100",
"83",
"81",
"77",
"97",
"99",
"84",
"81",
"87",
"81",
"90",
"97",
"104",
"89",
"102",
"101",
"117",
"76",
"88",
"87",
"94",
"86",
"88",
"101",
"97",
"105",
"97",
"111",
"104",
"95",
"89",
"93",
"106",
"88",
"98",
"96",
"85",
"94",
"113",
"97",
"89",
"86",
"84",
"92",
"106",
"132",
"109",
"118",
"87",
"80",
"86",
"96",
"97",
"101",
"86",
"120",
"89",
"100",
"83",
"83",
"94",
"104",
"86",
"90",
"104",
"92",
"110",
"102",
"114",
"105",
"117",
"94",
"95",
"83",
"73",
"102",
"90",
"107",
"84",
"98",
"98",
"102",
"96",
"97",
"106",
"90",
"89",
"101",
"111",
"111",
"109",
"108",
"65",
"100",
"92",
"85",
"96",
"108",
"95",
"112",
"102",
"96",
"104",
"93",
"89",
"82",
"101",
"118",
"105",
"100",
"95",
"102",
"88",
"90",
"95",
"94",
"97",
"81",
"101",
"86",
"99",
"84",
"85",
"107",
"76",
"89",
"107",
"108",
"108",
"99",
"93",
"112",
"85",
"101",
"105",
"101",
"105",
"107",
"99",
"107",
"120",
"92",
"112",
"116",
"121",
"105",
"102",
"137",
"123",
"107",
"104",
"117",
"117",
"109",
"118",
"113",
"104",
"102",
"114",
"145",
"108",
"120",
"97",
"136",
"113",
"114",
"106",
"110",
"132",
"129",
"117",
"121",
"144",
"145",
"128",
"140",
"159",
"142",
"140",
"178",
"160",
"157",
"138",
"150",
"168",
"168",
"149",
"175",
"206",
"211",
"181",
"191",
"185",
"207",
"217",
"239",
"232",
"214",
"262",
"261",
"276",
"273",
"277",
"324",
"298",
"307",
"317",
"312",
"350",
"335",
"367",
"403",
"398",
"402",
"400",
"409",
"433",
"436",
"448",
"503",
"508",
"448",
"500",
"554",
"489",
"554",
"523",
"538",
"553",
"557",
"541",
"569",
"554",
"584",
"525",
"671",
"593",
"576",
"554",
"573",
"546",
"557",
"566",
"556",
"541",
"570",
"526",
"529",
"488",
"441",
"514",
"483",
"495",
"427",
"424",
"380",
"428",
"390",
"421",
"365",
"359",
"375",
"366",
"329",
"341",
"298",
"306",
"314",
"259",
"258",
"275",
"261",
"218",
"244",
"221",
"266",
"209",
"197",
"192",
"181",
"201",
"213",
"172",
"177",
"183",
"158",
"167",
"167",
"157",
"138",
"147",
"159",
"133",
"132",
"130",
"144",
"128",
"150",
"157",
"154",
"142",
"181",
"205",
"183",
"182",
"178",
"181",
"209",
"216",
"238",
"238",
"239",
"287",
"269",
"278",
"316",
"307",
"317",
"312",
"335",
"347",
"315",
"337",
"394",
"373",
"360",
"370",
"315",
"328",
"340",
"330",
"342",
"298",
"302",
"299",
"273",
"296",
"249",
"238",
"239",
"211",
"187",
"232",
"183",
"168",
"170",
"157",
"150",
"135",
"111",
"126",
"105",
"108",
"118",
"104",
"89",
"126",
"90",
"92",
"98",
"90",
"87",
"247093",
"Channel_info_start",
"Channel : Mg",
"Points : 0",
"Range : 0.000000 - 0.000000",
"Step : 0.010000",
"Channel_info_end",
"Channel_info_start",
"Channel : Al",
"Points : 0",
"Range : 0.000000 - 0.000000",
"Step : 0.010000",
"Channel_info_end",
"Channel_info_start",
"Channel : Si",
"Points : 0",
"Range : 0.000000 - 0.000000",
"Step : 0.010000",
"Channel_info_end",
"Channel_info_start",
"Channel : P ",
"Points : 0",
"Range : 0.000000 - 0.000000",
"Step : 0.010000",
"Channel_info_end",
"Channel_info_start",
"Channel : S ",
"Points : 0",
"Range : 0.000000 - 0.000000",
"Step : 0.010000",
"Channel_info_end",
"Channel_info_start",
"Channel : Cl",
"Points : 0",
"Range : 0.000000 - 0.000000",
"Step : 0.010000",
"Channel_info_end",
"Channel_info_start",
"Channel : K ",
"Points : 0",
"Range : 0.000000 - 0.000000",
"Step : 0.010000",
"Channel_info_end",
"Channel_info_start",
"Channel : Ca",
"Points : 0",
"Range : 0.000000 - 0.000000",
"Step : 0.010000",
"Channel_info_end",
"Channel_info_start",
"Channel : Ti",
"Points : 0",
"Range : 0.000000 - 0.000000",
"Step : 0.010000",
"Channel_info_end",
"Channel_info_start",
"Channel : V ",
"Points : 0",
"Range : 0.000000 - 0.000000",
"Step : 0.010000",
"Channel_info_end",
"Channel_info_start",
"Channel : Cr",
"Points : 0",
"Range : 0.000000 - 0.000000",
"Step : 0.010000",
"Channel_info_end",
"Channel_info_start",
"Channel : Mn",
"Points : 0",
"Range : 0.000000 - 0.000000",
"Step : 0.010000",
"Channel_info_end",
"Channel_info_start",
"Channel : Fe",
"Points : 0",
"Range : 0.000000 - 0.000000",
"Step : 0.010000",
"Channel_info_end",
"Channel_info_start",
"Channel : Cu",
"Points : 0",
"Range : 0.000000 - 0.000000",
"Step : 0.010000",
"Channel_info_end",
"Channel_info_start",
"Channel : Zn",
"Points : 0",
"Range : 0.000000 - 0.000000",
"Step : 0.010000",
"Channel_info_end",
"Channel_info_start",
"Channel : Sr",
"Points : 0",
"Range : 0.000000 - 0.000000",
"Step : 0.010000",
"Channel_info_end",
"Channel_info_start",
"Channel : Pb",
"Points : 0",
"Range : 0.000000 - 0.000000",
"Step : 0.010000",
"Channel_info_end",
"",
"Qualitative Result",
"--------------------------------------------------------------------------------",
"Element :  Mg, P , Cl, Cd, Ca, Zn, Rh",
"",
"Peak List",
"--------------------------------------------------------------------------------",
"Channel               Line        keV     Net Int.(cps/uA)",
"--------------------------------------------------------------------------------",
"Na                    MgKa         1.24     0.026",
"                      ----         1.40     0.013",
"                      P Ka         2.00     0.021",
"                      ClKa         2.64     0.069",
"                      ----         2.99     1.914",
"                      CdLa         3.16     0.957",
"                      CdLb1        3.38     0.141",
"                      CdLb2        3.52     0.046",
"                      CdLg1        3.70     0.048",
"                      CaKa         3.70     0.208",
"                      CaKb         4.03     0.022",
"                      ----         6.46     0.035",
"                      ZnKa         8.64     0.030",
"                      RhKaC       19.21     0.138",
"                      ----        19.47     0.057",
"                      RhKa        20.09     0.084",
"--------------------------------------------------------------------------------",
"",
"Quantitative Result",
"--------------------------------------------------------------------------------",
"Analyte               Result             Std.Dev. Proc.-Calc. Line Intensity(cps/uA)",
"--------------------------------------------------------------------------------",
"====[No. 1 Layer]====< Layer1               >===============================",
"Layer1                   8.660 ug/cm2    -------- Flux       -------- --------",
"Mg                       8.660 ug/cm2    -------- ********** -------- --------",
