"Sample    : Al 31492",
"Operator  : thiago",
"Comment  : cubatao-g-policarbonato",
"Group     : kerr2007ag180cal_lt",
"Date       : 2010-05-25 20:11:30",
"",
"Mesurement Condition",
"------------------------------------------------------------------------------------",
"Instrument : 700HS2   Atmosphere : Vac.   Collimator : 10(mm)   Spin : No",
"------------------------------------------------------------------------------------",
"Analyte               TG kV   uA      FI Acq.(keV)  Anal.(keV)  Time(sec)     DT(%)",
"------------------------------------------------------------------------------------",
"Na                    Rh 50  970-Auto Al  0 - 20    0.8 - 1.2   Live -  179   15",
"",
"<Profile>",
"Channel_info_start",
"Channel : Na",
"Points : 2048",
"Range : 0.000000 - 20.480000",
"Step : 0.010000",
"Channel_info_end",
"0",
"0",
"0",
"0",
"0",
"0",
"0",
"0",
"0",
"0",
"0",
"0",
"0",
"0",
"0",
"0",
"0",
"0",
"0",
"0",
"0",
"0",
"0",
"0",
"0",
"0",
"0",
"0",
"0",
"0",
"24",
"39",
"52",
"45",
"49",
"57",
"33",
"46",
"65",
"54",
"50",
"47",
"56",
"61",
"54",
"56",
"52",
"67",
"51",
"58",
"40",
"54",
"64",
"50",
"59",
"44",
"61",
"59",
"40",
"63",
"52",
"47",
"47",
"36",
"44",
"56",
"49",
"61",
"45",
"57",
"64",
"52",
"42",
"61",
"42",
"53",
"54",
"53",
"40",
"54",
"44",
"42",
"36",
"50",
"51",
"57",
"42",
"51",
"39",
"48",
"32",
"46",
"42",
"40",
"45",
"48",
"46",
"54",
"53",
"54",
"52",
"54",
"49",
"54",
"46",
"50",
"45",
"59",
"53",
"56",
"50",
"70",
"59",
"58",
"49",
"58",
"60",
"59",
"51",
"79",
"72",
"73",
"78",
"97",
"91",
"110",
"102",
"128",
"134",
"118",
"123",
"135",
"137",
"173",
"177",
"226",
"254",
"353",
"528",
"813",
"1266",
"1866",
"2453",
"3670",
"4170",
"5381",
"5798",
"6657",
"6855",
"7121",
"6367",
"6503",
"5175",
"4528",
"3450",
"2751",
"1977",
"1509",
"992",
"666",
"435",
"330",
"199",
"160",
"125",
"120",
"77",
"87",
"79",
"81",
"72",
"61",
"70",
"81",
"70",
"74",
"75",
"81",
"51",
"87",
"62",
"66",
"56",
"69",
"64",
"51",
"53",
"79",
"62",
"76",
"89",
"128",
"121",
"136",
"147",
"201",
"208",
"251",
"257",
"328",
"308",
"337",
"305",
"274",
"244",
"245",
"219",
"162",
"134",
"125",
"100",
"89",
"62",
"62",
"56",
"60",
"47",
"42",
"38",
"42",
"44",
"45",
"38",
"40",
"39",
"44",
"36",
"45",
"34",
"35",
"33",
"46",
"41",
"38",
"47",
"54",
"41",
"51",
"46",
"47",
"25",
"44",
"45",
"39",
"30",
"48",
"35",
"51",
"49",
"26",
"26",
"47",
"36",
"23",
"34",
"36",
"40",
"38",
"34",
"40",
"36",
"47",
"40",
"48",
"38",
"57",
"59",
"51",
"50",
"54",
"51",
"63",
"63",
"48",
"58",
"66",
"63",
"41",
"46",
"47",
"50",
"54",
"51",
"57",
"58",
"52",
"59",
"69",
"46",
"61",
"54",
"37",
"38",
"51",
"60",
"47",
"51",
"53",
"50",
"45",
"45",
"42",
"39",
"50",
"33",
"45",
"40",
"48",
"57",
"40",
"38",
"39",
"34",
"78",
"37",
"50",
"52",
"51",
"46",
"47",
"49",
"57",
"53",
"64",
"53",
"53",
"61",
"69",
"64",
"60",
"64",
"65",
"81",
"64",
"70",
"57",
"83",
"74",
"64",
"53",
"64",
"60",
"69",
"50",
"73",
"71",
"76",
"72",
"82",
"110",
"96",
"122",
"142",
"205",
"202",
"299",
"347",
"533",
"640",
"849",
"1156",
"1495",
"1756",
"2265",
"2514",
"2951",
"3279",
"3572",
"3700",
"3869",
"3565",
"3579",
"3298",
"3103",
"2484",
"2270",
"1831",
"1451",
"1088",
"892",
"655",
"519",
"380",
"284",
"249",
"212",
"220",
"207",
"173",
"211",
"224",
"248",
"259",
"300",
"312",
"340",
"393",
"417",
"504",
"554",
"479",
"544",
"499",
"493",
"516",
"468",
"364",
"380",
"314",
"251",
"221",
"209",
"173",
"132",
"118",
"106",
"108",
"109",
"74",
"108",
"79",
"115",
"82",
"95",
"115",
"128",
"123",
"107",
"112",
"107",
"127",
"155",
"156",
"150",
"118",
"140",
"155",
"138",
"146",
"119",
"139",
"149",
"149",
"158",
"151",
"161",
"156",
"130",
"179",
"180",
"175",
"167",
"162",
"198",
"188",
"208",
"181",
"191",
"209",
"185",
"200",
"185",
"177",
"197",
"182",
"201",
"181",
"201",
"168",
"158",
"157",
"185",
"140",
"171",
"145",
"156",
"150",
"173",
"145",
"155",
"158",
"143",
"138",
"156",
"149",
"116",
"124",
"152",
"136",
"128",
"149",
"113",
"158",
"150",
"132",
"143",
"126",
"150",
"137",
"137",
"146",
"131",
"127",
"122",
"137",
"137",
"146",
"124",
"138",
"137",
"139",
"144",
"146",
"143",
"130",
"133",
"149",
"155",
"138",
"139",
"149",
"164",
"147",
"161",
"176",
"175",
"176",
"192",
"165",
"204",
"163",
"177",
"191",
"193",
"208",
"223",
"217",
"217",
"191",
"231",
"232",
"228",
"201",
"223",
"213",
"213",
"226",
"231",
"209",
"229",
"181",
"201",
"209",
"201",
"212",
"205",
"202",
"206",
"233",
"198",
"179",
"204",
"182",
"195",
"188",
"170",
"171",
"200",
"170",
"172",
"201",
"184",
"185",
"173",
"197",
"205",
"180",
"197",
"184",
"191",
"158",
"221",
"192",
"204",
"208",
"204",
"182",
"222",
"191",
"188",
"235",
"232",
"183",
"204",
"199",
"211",
"234",
"224",
"241",
"223",
"221",
"209",
"218",
"233",
"250",
"217",
"258",
"243",
"239",
"267",
"255",
"272",
"262",
"266",
"247",
"275",
"283",
"283",
"280",
"288",
"328",
"303",
"312",
"341",
"296",
"325",
"290",
"282",
"323",
"354",
"322",
"358",
"312",
"336",
"367",
"356",
"384",
"383",
"392",
"406",
"392",
"393",
"371",
"404",
"410",
"408",
"377",
"367",
"345",
"371",
"341",
"389",
"327",
"354",
"297",
"414",
"364",
"347",
"319",
"317",
"353",
"393",
"365",
"354",
"376",
"370",
"321",
"323",
"367",
"377",
"360",
"341",
"353",
"354",
"324",
"347",
"351",
"361",
"314",
"331",
"343",
"354",
"330",
"377",
"319",
"360",
"307",
"364",
"288",
"322",
"310",
"361",
"328",
"343",
"318",
"352",
"329",
"348",
"336",
"307",
"331",
"331",
"329",
"339",
"337",
"334",
"310",
"294",
"307",
"330",
"287",
"306",
"297",
"332",
"283",
"336",
"318",
"317",
"294",
"296",
"325",
"291",
"290",
"280",
"318",
"342",
"284",
"330",
"337",
"304",
"300",
"317",
"309",
"292",
"299",
"337",
"288",
"298",
"300",
"333",
"342",
"299",
"322",
"312",
"322",
"336",
"287",
"323",
"323",
"307",
"333",
"333",
"285",
"346",
"312",
"336",
"329",
"291",
"325",
"319",
"339",
"331",
"324",
"349",
"321",
"300",
"314",
"329",
"308",
"322",
"319",
"330",
"360",
"361",
"294",
"358",
"337",
"340",
"341",
"352",
"327",
"368",
"340",
"343",
"346",
"353",
"341",
"358",
"348",
"370",
"348",
"361",
"347",
"411",
"386",
"413",
"383",
"393",
"391",
"441",
"439",
"416",
"444",
"405",
"444",
"411",
"411",
"420",
"426",
"402",
"358",
"437",
"458",
"395",
"395",
"376",
"340",
"393",
"379",
"366",
"363",
"365",
"364",
"366",
"379",
"374",
"315",
"356",
"354",
"404",
"363",
"414",
"351",
"409",
"380",
"398",
"384",
"366",
"371",
"410",
"379",
"363",
"414",
"376",
"418",
"384",
"407",
"452",
"445",
"482",
"443",
"479",
"490",
"521",
"496",
"563",
"572",
"623",
"575",
"632",
"598",
"598",
"582",
"612",
"601",
"638",
"565",
"575",
"568",
"497",
"541",
"507",
"472",
"466",
"439",
"450",
"406",
"371",
"395",
"423",
"353",
"372",
"376",
"367",
"334",
"348",
"345",
"369",
"358",
"357",
"292",
"329",
"337",
"368",
"364",
"393",
"343",
"345",
"297",
"383",
"376",
"333",
"332",
"357",
"347",
"364",
"327",
"361",
"337",
"336",
"353",
"395",
"348",
"332",
"329",
"407",
"396",
"380",
"343",
"330",
"339",
"330",
"339",
"353",
"336",
"359",
"329",
"341",
"364",
"340",
"344",
"358",
"347",
"384",
"351",
"335",
"376",
"361",
"348",
"366",
"342",
"367",
"339",
"396",
"337",
"357",
"321",
"348",
"355",
"365",
"370",
"336",
"421",
"378",
"336",
"394",
"378",
"377",
"361",
"361",
"361",
"408",
"328",
"328",
"333",
"339",
"348",
"357",
"376",
"314",
"337",
"323",
"321",
"371",
"330",
"366",
"327",
"354",
"287",
"333",
"344",
"343",
"331",
"341",
"356",
"337",
"352",
"320",
"351",
"343",
"302",
"334",
"331",
"306",
"344",
"319",
"367",
"336",
"310",
"349",
"308",
"356",
"284",
"316",
"334",
"353",
"311",
"333",
"333",
"327",
"340",
"331",
"299",
"335",
"349",
"323",
"309",
"351",
"337",
"307",
"341",
"316",
"337",
"346",
"295",
"334",
"319",
"341",
"334",
"317",
"312",
"329",
"329",
"348",
"314",
"370",
"318",
"291",
"315",
"381",
"291",
"346",
"330",
"342",
"329",
"305",
"344",
"321",
"341",
"318",
"281",
"340",
"333",
"368",
"312",
"351",
"311",
"341",
"319",
"322",
"293",
"347",
"319",
"337",
"321",
"322",
"309",
"316",
"317",
"324",
"324",
"353",
"307",
"342",
"318",
"321",
"311",
"355",
"293",
"354",
"315",
"356",
"340",
"272",
"342",
"321",
"315",
"323",
"297",
"357",
"333",
"324",
"308",
"328",
"308",
"318",
"312",
"329",
"316",
"314",
"343",
"349",
"307",
"340",
"323",
"348",
"325",
"337",
"287",
"367",
"304",
"344",
"312",
"328",
"322",
"292",
"357",
"310",
"305",
"335",
"344",
"315",
"299",
"314",
"330",
"355",
"315",
"329",
"299",
"335",
"308",
"340",
"329",
"314",
"320",
"340",
"304",
"342",
"316",
"323",
"320",
"335",
"312",
"334",
"324",
"348",
"291",
"311",
"294",
"334",
"302",
"346",
"324",
"331",
"327",
"346",
"337",
"324",
"300",
"311",
"331",
"306",
"302",
"318",
"318",
"307",
"295",
"363",
"303",
"319",
"318",
"334",
"344",
"283",
"305",
"314",
"304",
"316",
"331",
"307",
"372",
"353",
"331",
"307",
"334",
"316",
"321",
"354",
"368",
"322",
"363",
"347",
"316",
"339",
"354",
"360",
"320",
"347",
"307",
"300",
"344",
"307",
"295",
"312",
"321",
"308",
"298",
"327",
"296",
"330",
"318",
"292",
"324",
"295",
"269",
"306",
"303",
"320",
"307",
"290",
"305",
"304",
"281",
"290",
"336",
"320",
"297",
"312",
"296",
"288",
"296",
"321",
"284",
"308",
"277",
"267",
"284",
"298",
"298",
"265",
"267",
"287",
"291",
"269",
"291",
"320",
"294",
"271",
"325",
"287",
"260",
"287",
"265",
"341",
"281",
"298",
"310",
"307",
"317",
"292",
"285",
"291",
"299",
"307",
"324",
"298",
"297",
"320",
"277",
"271",
"280",
"317",
"327",
"279",
"297",
"277",
"274",
"271",
"243",
"251",
"277",
"307",
"245",
"258",
"255",
"305",
"295",
"279",
"323",
"296",
"294",
"272",
"271",
"303",
"280",
"277",
"258",
"275",
"274",
"309",
"295",
"298",
"285",
"293",
"288",
"275",
"254",
"280",
"293",
"290",
"277",
"256",
"285",
"298",
"277",
"269",
"270",
"285",
"251",
"271",
"293",
"273",
"269",
"283",
"277",
"274",
"296",
"311",
"278",
"274",
"283",
"278",
"275",
"296",
"260",
"275",
"257",
"302",
"259",
"315",
"269",
"279",
"286",
"235",
"274",
"254",
"304",
"262",
"250",
"293",
"269",
"255",
"238",
"261",
"270",
"279",
"247",
"271",
"281",
"275",
"293",
"292",
"270",
"288",
"245",
"261",
"225",
"266",
"280",
"285",
"233",
"267",
"269",
"275",
"250",
"262",
"248",
"242",
"257",
"259",
"259",
"296",
"233",
"255",
"266",
"277",
"271",
"233",
"269",
"269",
"261",
"272",
"272",
"259",
"266",
"249",
"236",
"269",
"278",
"268",
"263",
"250",
"266",
"241",
"275",
"268",
"226",
"269",
"273",
"265",
"257",
"224",
"290",
"267",
"295",
"231",
"279",
"278",
"238",
"250",
"284",
"260",
"218",
"241",
"234",
"255",
"258",
"248",
"237",
"239",
"278",
"261",
"280",
"282",
"248",
"235",
"233",
"257",
"273",
"268",
"250",
"279",
"231",
"217",
"236",
"228",
"213",
"266",
"229",
"263",
"259",
"214",
"229",
"268",
"254",
"257",
"225",
"241",
"239",
"253",
"248",
"269",
"258",
"257",
"261",
"278",
"233",
"234",
"259",
"221",
"220",
"255",
"250",
"237",
"225",
"242",
"236",
"254",
"243",
"257",
"249",
"253",
"258",
"247",
"219",
"267",
"232",
"263",
"251",
"245",
"242",
"239",
"243",
"268",
"234",
"242",
"248",
"228",
"233",
"213",
"248",
"261",
"233",
"230",
"271",
"238",
"233",
"226",
"263",
"246",
"216",
"248",
"259",
"266",
"236",
"250",
"212",
"268",
"216",
"247",
"257",
"256",
"216",
"262",
"228",
"236",
"244",
"214",
"244",
"260",
"232",
"228",
"237",
"246",
"263",
"217",
"254",
"239",
"243",
"237",
"192",
"220",
"214",
"225",
"225",
"255",
"224",
"204",
"213",
"221",
"209",
"238",
"206",
"198",
"231",
"211",
"244",
"243",
"219",
"175",
"237",
"207",
"217",
"204",
"218",
"226",
"251",
"193",
"245",
"263",
"188",
"231",
"194",
"246",
"216",
"209",
"233",
"246",
"177",
"220",
"225",
"201",
"229",
"213",
"224",
"220",
"200",
"218",
"212",
"206",
"201",
"209",
"250",
"216",
"194",
"216",
"204",
"239",
"222",
"242",
"219",
"206",
"232",
"212",
"218",
"257",
"222",
"210",
"209",
"230",
"249",
"224",
"251",
"205",
"209",
"242",
"200",
"219",
"222",
"209",
"220",
"207",
"224",
"225",
"219",
"221",
"194",
"224",
"219",
"217",
"205",
"220",
"218",
"222",
"211",
"212",
"189",
"204",
"224",
"211",
"247",
"208",
"189",
"213",
"199",
"207",
"212",
"229",
"182",
"206",
"210",
"214",
"220",
"226",
"197",
"180",
"223",
"217",
"208",
"195",
"184",
"205",
"201",
"200",
"210",
"220",
"187",
"218",
"220",
"228",
"181",
"197",
"209",
"204",
"180",
"201",
"218",
"174",
"202",
"245",
"197",
"211",
"210",
"170",
"219",
"196",
"200",
"207",
"209",
"201",
"201",
"212",
"209",
"216",
"206",
"213",
"218",
"217",
"194",
"217",
"231",
"223",
"199",
"201",
"200",
"219",
"198",
"186",
"237",
"234",
"199",
"201",
"195",
"189",
"201",
"213",
"210",
"199",
"191",
"184",
"189",
"197",
"199",
"180",
"185",
"237",
"198",
"200",
"229",
"208",
"201",
"201",
"200",
"210",
"197",
"193",
"202",
"218",
"186",
"193",
"187",
"220",
"223",
"187",
"196",
"187",
"197",
"207",
"202",
"200",
"220",
"205",
"188",
"223",
"211",
"188",
"201",
"189",
"217",
"204",
"197",
"202",
"209",
"209",
"225",
"192",
"202",
"197",
"207",
"198",
"207",
"191",
"205",
"214",
"195",
"185",
"231",
"208",
"193",
"209",
"194",
"199",
"216",
"234",
"196",
"207",
"199",
"225",
"229",
"211",
"220",
"194",
"224",
"212",
"223",
"233",
"199",
"244",
"205",
"198",
"226",
"216",
"237",
"170",
"242",
"228",
"209",
"222",
"207",
"226",
"219",
"207",
"229",
"261",
"247",
"229",
"247",
"248",
"211",
"241",
"244",
"246",
"232",
"234",
"232",
"261",
"248",
"256",
"265",
"253",
"237",
"266",
"263",
"271",
"246",
"256",
"241",
"253",
"265",
"287",
"277",
"284",
"253",
"260",
"259",
"282",
"244",
"256",
"298",
"324",
"319",
"303",
"307",
"314",
"293",
"352",
"344",
"314",
"291",
"323",
"342",
"348",
"340",
"364",
"365",
"368",
"394",
"419",
"445",
"431",
"427",
"451",
"457",
"490",
"463",
"524",
"523",
"516",
"564",
"546",
"601",
"651",
"618",
"642",
"649",
"718",
"701",
"774",
"867",
"834",
"825",
"821",
"959",
"918",
"953",
"1022",
"1068",
"1053",
"1093",
"1082",
"1179",
"1157",
"1274",
"1213",
"1335",
"1317",
"1295",
"1273",
"1373",
"1400",
"1383",
"1349",
"1437",
"1482",
"1408",
"1459",
"1478",
"1529",
"1449",
"1389",
"1556",
"1466",
"1427",
"1494",
"1388",
"1451",
"1391",
"1435",
"1446",
"1323",
"1288",
"1271",
"1277",
"1275",
"1164",
"1158",
"1209",
"1117",
"1025",
"1006",
"1060",
"1019",
"954",
"904",
"1005",
"922",
"826",
"786",
"765",
"778",
"704",
"700",
"711",
"700",
"640",
"567",
"553",
"558",
"527",
"531",
"499",
"511",
"431",
"420",
"411",
"421",
"415",
"366",
"409",
"371",
"345",
"355",
"335",
"334",
"321",
"332",
"359",
"337",
"300",
"332",
"304",
"318",
"297",
"294",
"365",
"337",
"310",
"331",
"383",
"394",
"364",
"393",
"423",
"415",
"396",
"463",
"475",
"479",
"479",
"528",
"551",
"536",
"524",
"531",
"588",
"610",
"572",
"598",
"564",
"592",
"558",
"554",
"564",
"520",
"497",
"486",
"531",
"493",
"419",
"459",
"434",
"457",
"426",
"370",
"376",
"371",
"340",
"333",
"312",
"294",
"250",
"233",
"272",
"232",
"206",
"229",
"210",
"230",
"202",
"211",
"226",
"207",
"207",
"158",
"206",
"198",
"200",
"100627",
"Channel_info_start",
"Channel : Mg",
"Points : 0",
"Range : 0.000000 - 0.000000",
"Step : 0.010000",
"Channel_info_end",
"Channel_info_start",
"Channel : Al",
"Points : 0",
"Range : 0.000000 - 0.000000",
"Step : 0.010000",
"Channel_info_end",
"Channel_info_start",
"Channel : Si",
"Points : 0",
"Range : 0.000000 - 0.000000",
"Step : 0.010000",
"Channel_info_end",
"Channel_info_start",
"Channel : P ",
"Points : 0",
"Range : 0.000000 - 0.000000",
"Step : 0.010000",
"Channel_info_end",
"Channel_info_start",
"Channel : S ",
"Points : 0",
"Range : 0.000000 - 0.000000",
"Step : 0.010000",
"Channel_info_end",
"Channel_info_start",
"Channel : Cl",
"Points : 0",
"Range : 0.000000 - 0.000000",
"Step : 0.010000",
"Channel_info_end",
"Channel_info_start",
"Channel : K ",
"Points : 0",
"Range : 0.000000 - 0.000000",
"Step : 0.010000",
"Channel_info_end",
"Channel_info_start",
"Channel : Ca",
"Points : 0",
"Range : 0.000000 - 0.000000",
"Step : 0.010000",
"Channel_info_end",
"Channel_info_start",
"Channel : Ti",
"Points : 0",
"Range : 0.000000 - 0.000000",
"Step : 0.010000",
"Channel_info_end",
"Channel_info_start",
"Channel : V ",
"Points : 0",
"Range : 0.000000 - 0.000000",
"Step : 0.010000",
"Channel_info_end",
"Channel_info_start",
"Channel : Cr",
"Points : 0",
"Range : 0.000000 - 0.000000",
"Step : 0.010000",
"Channel_info_end",
"Channel_info_start",
"Channel : Mn",
"Points : 0",
"Range : 0.000000 - 0.000000",
"Step : 0.010000",
"Channel_info_end",
"Channel_info_start",
"Channel : Fe",
"Points : 0",
"Range : 0.000000 - 0.000000",
"Step : 0.010000",
"Channel_info_end",
"Channel_info_start",
"Channel : Cu",
"Points : 0",
"Range : 0.000000 - 0.000000",
"Step : 0.010000",
"Channel_info_end",
"Channel_info_start",
"Channel : Zn",
"Points : 0",
"Range : 0.000000 - 0.000000",
"Step : 0.010000",
"Channel_info_end",
"Channel_info_start",
"Channel : Sr",
"Points : 0",
"Range : 0.000000 - 0.000000",
"Step : 0.010000",
"Channel_info_end",
"Channel_info_start",
"Channel : Pb",
"Points : 0",
"Range : 0.000000 - 0.000000",
"Step : 0.010000",
"Channel_info_end",
"",
"Qualitative Result",
"--------------------------------------------------------------------------------",
"Element :  Al, P , Ca, Rh",
"",
"Peak List",
"--------------------------------------------------------------------------------",
"Channel               Line        keV     Net Int.(cps/uA)",
"--------------------------------------------------------------------------------",
"Na                    AlKa         1.48     0.446",
"                      P Ka         2.00     0.019",
"                      CaKa         3.68     0.291",
"                      CaKb         4.02     0.033",
"                      ----         6.42     0.011",
"                      ----         8.64     0.028",
"                      RhKaC       19.17     0.134",
"                      ----        19.44     0.069",
"                      RhKa        20.08     0.043",
"--------------------------------------------------------------------------------",
"",
"Quantitative Result",
"--------------------------------------------------------------------------------",
"Analyte               Result             Std.Dev. Proc.-Calc. Line Intensity(cps/uA)",
"--------------------------------------------------------------------------------",
"====[No. 1 Layer]====< Layer1               >===============================",
"Layer1                   0.000 ug/cm2    -------- Flux       -------- --------",
