"Sample    : BaFe 31514",
"Operator  : Luís",
"Comment  : cubatao-g-policarbonato",
"Group     : kerr2007ag180cal_lt",
"Date       : 2010-06-11 03:32:27",
"",
"Mesurement Condition",
"------------------------------------------------------------------------------------",
"Instrument : 700HS2   Atmosphere : Vac.   Collimator : 10(mm)   Spin : No",
"------------------------------------------------------------------------------------",
"Analyte               TG kV   uA      FI Acq.(keV)  Anal.(keV)  Time(sec)     DT(%)",
"------------------------------------------------------------------------------------",
"Na                    Rh 50  360-Auto Al  0 - 20    0.8 - 1.2   Live -  179   15",
"",
"<Profile>",
"Channel_info_start",
"Channel : Na",
"Points : 2048",
"Range : 0.000000 - 20.480000",
"Step : 0.010000",
"Channel_info_end",
"0",
"0",
"0",
"0",
"0",
"0",
"0",
"0",
"0",
"0",
"0",
"0",
"0",
"0",
"0",
"0",
"0",
"0",
"0",
"0",
"0",
"0",
"0",
"0",
"0",
"0",
"0",
"1",
"0",
"0",
"9",
"37",
"32",
"25",
"39",
"28",
"17",
"33",
"28",
"24",
"23",
"24",
"32",
"22",
"35",
"29",
"36",
"32",
"25",
"36",
"26",
"25",
"28",
"24",
"28",
"30",
"34",
"21",
"22",
"21",
"24",
"34",
"25",
"37",
"34",
"37",
"45",
"27",
"25",
"28",
"38",
"42",
"37",
"37",
"34",
"46",
"48",
"52",
"52",
"54",
"50",
"57",
"30",
"42",
"41",
"54",
"42",
"45",
"36",
"34",
"51",
"36",
"35",
"49",
"45",
"45",
"37",
"46",
"53",
"51",
"65",
"49",
"68",
"65",
"72",
"69",
"62",
"42",
"64",
"50",
"51",
"56",
"40",
"50",
"49",
"35",
"35",
"37",
"25",
"29",
"29",
"26",
"20",
"33",
"28",
"29",
"23",
"46",
"29",
"30",
"25",
"35",
"32",
"30",
"32",
"37",
"34",
"25",
"32",
"34",
"28",
"35",
"28",
"44",
"34",
"36",
"34",
"47",
"29",
"26",
"34",
"38",
"26",
"40",
"36",
"28",
"23",
"36",
"33",
"21",
"25",
"36",
"30",
"37",
"30",
"36",
"46",
"46",
"49",
"41",
"38",
"49",
"44",
"51",
"58",
"40",
"53",
"48",
"53",
"52",
"48",
"45",
"50",
"51",
"48",
"60",
"46",
"53",
"40",
"40",
"54",
"54",
"58",
"76",
"75",
"76",
"103",
"111",
"119",
"134",
"134",
"145",
"133",
"138",
"105",
"106",
"84",
"109",
"61",
"53",
"46",
"34",
"41",
"33",
"38",
"35",
"48",
"38",
"44",
"41",
"38",
"47",
"51",
"45",
"33",
"41",
"34",
"45",
"27",
"40",
"39",
"29",
"25",
"25",
"32",
"25",
"36",
"37",
"35",
"26",
"36",
"32",
"28",
"36",
"37",
"36",
"42",
"32",
"36",
"37",
"42",
"42",
"40",
"28",
"38",
"45",
"36",
"45",
"36",
"49",
"50",
"48",
"60",
"68",
"80",
"93",
"111",
"109",
"137",
"143",
"139",
"184",
"145",
"154",
"135",
"132",
"109",
"108",
"82",
"99",
"75",
"74",
"60",
"61",
"53",
"49",
"38",
"53",
"34",
"62",
"32",
"58",
"37",
"51",
"45",
"40",
"45",
"51",
"51",
"61",
"58",
"66",
"68",
"90",
"95",
"75",
"89",
"105",
"102",
"105",
"99",
"98",
"107",
"131",
"83",
"87",
"75",
"71",
"73",
"60",
"68",
"56",
"59",
"47",
"40",
"51",
"69",
"46",
"50",
"60",
"39",
"51",
"58",
"57",
"46",
"81",
"48",
"57",
"63",
"58",
"51",
"56",
"80",
"80",
"60",
"63",
"49",
"80",
"76",
"56",
"76",
"72",
"90",
"95",
"102",
"140",
"183",
"217",
"289",
"394",
"443",
"559",
"653",
"826",
"921",
"1122",
"1196",
"1366",
"1406",
"1471",
"1318",
"1335",
"1176",
"1187",
"953",
"860",
"695",
"595",
"443",
"407",
"309",
"222",
"198",
"242",
"213",
"273",
"260",
"354",
"360",
"433",
"497",
"604",
"622",
"747",
"699",
"809",
"793",
"812",
"778",
"840",
"718",
"672",
"550",
"561",
"548",
"460",
"346",
"337",
"320",
"265",
"253",
"213",
"186",
"174",
"172",
"197",
"174",
"145",
"181",
"173",
"200",
"196",
"219",
"237",
"252",
"296",
"333",
"416",
"440",
"549",
"700",
"937",
"1048",
"1517",
"1954",
"2631",
"3396",
"4439",
"5468",
"6960",
"8384",
"10046",
"11031",
"12881",
"13750",
"15189",
"14764",
"14961",
"14905",
"14196",
"12287",
"11378",
"9607",
"8305",
"6549",
"5339",
"4029",
"3155",
"2230",
"1726",
"1272",
"944",
"669",
"563",
"452",
"451",
"410",
"514",
"612",
"786",
"1027",
"1356",
"1856",
"2484",
"3066",
"3801",
"4720",
"5771",
"6374",
"7434",
"8281",
"9042",
"8952",
"9730",
"9410",
"9495",
"8574",
"8423",
"8063",
"7420",
"6213",
"5708",
"5037",
"4557",
"3697",
"3356",
"2737",
"2374",
"1909",
"1707",
"1484",
"1297",
"1103",
"1002",
"1039",
"999",
"1042",
"1190",
"1388",
"1531",
"1687",
"2135",
"2125",
"2342",
"2322",
"2518",
"2491",
"2418",
"2239",
"2195",
"2007",
"1868",
"1439",
"1394",
"1051",
"932",
"701",
"637",
"441",
"428",
"326",
"308",
"227",
"228",
"184",
"225",
"228",
"235",
"223",
"267",
"285",
"351",
"433",
"531",
"611",
"726",
"786",
"970",
"968",
"1126",
"1214",
"1347",
"1322",
"1343",
"1308",
"1315",
"1175",
"1098",
"991",
"945",
"786",
"726",
"582",
"506",
"473",
"402",
"339",
"340",
"372",
"384",
"393",
"443",
"474",
"550",
"567",
"595",
"651",
"739",
"748",
"781",
"753",
"736",
"676",
"700",
"615",
"566",
"528",
"476",
"405",
"398",
"332",
"331",
"300",
"313",
"254",
"247",
"231",
"225",
"227",
"230",
"205",
"185",
"190",
"167",
"187",
"174",
"150",
"162",
"123",
"133",
"109",
"130",
"125",
"113",
"115",
"132",
"97",
"132",
"122",
"111",
"111",
"129",
"119",
"131",
"139",
"134",
"118",
"157",
"117",
"168",
"146",
"146",
"160",
"159",
"147",
"147",
"168",
"168",
"161",
"157",
"182",
"156",
"173",
"169",
"155",
"178",
"119",
"148",
"149",
"162",
"136",
"157",
"145",
"167",
"155",
"163",
"132",
"170",
"136",
"140",
"134",
"142",
"147",
"157",
"152",
"129",
"137",
"159",
"160",
"142",
"125",
"151",
"137",
"131",
"135",
"134",
"147",
"140",
"107",
"123",
"127",
"138",
"119",
"137",
"110",
"125",
"108",
"113",
"114",
"113",
"131",
"129",
"100",
"143",
"122",
"117",
"126",
"126",
"136",
"148",
"129",
"136",
"132",
"140",
"123",
"150",
"130",
"120",
"143",
"130",
"124",
"146",
"112",
"149",
"131",
"115",
"123",
"135",
"152",
"149",
"148",
"157",
"149",
"175",
"151",
"157",
"154",
"149",
"163",
"162",
"140",
"150",
"152",
"150",
"156",
"171",
"146",
"169",
"174",
"156",
"196",
"174",
"142",
"179",
"149",
"154",
"158",
"168",
"129",
"164",
"144",
"171",
"136",
"178",
"171",
"167",
"169",
"168",
"155",
"151",
"145",
"178",
"160",
"152",
"156",
"192",
"145",
"178",
"173",
"158",
"139",
"188",
"147",
"156",
"161",
"171",
"171",
"170",
"171",
"163",
"185",
"185",
"170",
"190",
"166",
"162",
"159",
"148",
"176",
"180",
"180",
"171",
"198",
"206",
"187",
"175",
"215",
"197",
"184",
"199",
"229",
"225",
"206",
"220",
"221",
"249",
"200",
"229",
"245",
"236",
"195",
"249",
"173",
"198",
"186",
"193",
"181",
"194",
"204",
"209",
"192",
"174",
"154",
"163",
"182",
"175",
"190",
"161",
"155",
"151",
"144",
"148",
"133",
"149",
"160",
"162",
"155",
"155",
"144",
"151",
"133",
"156",
"144",
"138",
"157",
"182",
"169",
"160",
"150",
"178",
"184",
"167",
"198",
"151",
"167",
"199",
"210",
"184",
"220",
"209",
"199",
"198",
"206",
"218",
"208",
"240",
"203",
"196",
"205",
"186",
"168",
"160",
"188",
"171",
"172",
"181",
"186",
"171",
"169",
"169",
"148",
"168",
"156",
"181",
"154",
"150",
"170",
"174",
"168",
"164",
"147",
"149",
"173",
"182",
"151",
"172",
"169",
"148",
"186",
"152",
"178",
"134",
"158",
"138",
"170",
"163",
"175",
"180",
"169",
"187",
"168",
"201",
"209",
"182",
"179",
"149",
"174",
"174",
"156",
"170",
"180",
"174",
"180",
"186",
"194",
"180",
"173",
"166",
"192",
"198",
"203",
"174",
"203",
"212",
"167",
"175",
"174",
"192",
"156",
"160",
"179",
"171",
"173",
"203",
"191",
"171",
"188",
"191",
"175",
"200",
"179",
"185",
"162",
"178",
"158",
"167",
"166",
"163",
"184",
"191",
"195",
"187",
"161",
"183",
"169",
"204",
"170",
"178",
"151",
"183",
"169",
"157",
"157",
"164",
"157",
"164",
"142",
"171",
"188",
"173",
"145",
"175",
"146",
"144",
"152",
"178",
"151",
"173",
"158",
"158",
"142",
"142",
"164",
"140",
"144",
"151",
"139",
"120",
"151",
"125",
"171",
"149",
"119",
"125",
"134",
"143",
"118",
"142",
"121",
"146",
"133",
"139",
"144",
"124",
"143",
"122",
"145",
"132",
"142",
"170",
"120",
"136",
"156",
"132",
"135",
"139",
"140",
"134",
"147",
"164",
"140",
"126",
"143",
"132",
"120",
"172",
"136",
"135",
"170",
"175",
"158",
"154",
"155",
"136",
"148",
"159",
"125",
"151",
"154",
"145",
"138",
"156",
"131",
"142",
"147",
"136",
"146",
"146",
"138",
"143",
"150",
"182",
"140",
"162",
"117",
"137",
"157",
"144",
"135",
"142",
"136",
"179",
"151",
"149",
"136",
"140",
"142",
"130",
"174",
"151",
"145",
"151",
"110",
"135",
"164",
"157",
"161",
"148",
"135",
"160",
"107",
"125",
"147",
"149",
"138",
"152",
"133",
"167",
"162",
"156",
"108",
"148",
"123",
"162",
"143",
"163",
"140",
"156",
"144",
"161",
"143",
"140",
"129",
"143",
"135",
"152",
"146",
"142",
"134",
"129",
"131",
"145",
"99",
"133",
"152",
"143",
"150",
"122",
"151",
"164",
"132",
"134",
"127",
"130",
"139",
"145",
"121",
"146",
"137",
"121",
"133",
"152",
"148",
"158",
"144",
"147",
"137",
"132",
"140",
"168",
"131",
"131",
"129",
"127",
"138",
"152",
"138",
"139",
"126",
"130",
"145",
"127",
"137",
"124",
"131",
"150",
"135",
"151",
"144",
"135",
"135",
"136",
"126",
"145",
"159",
"149",
"137",
"144",
"134",
"143",
"129",
"129",
"137",
"135",
"142",
"122",
"125",
"150",
"107",
"123",
"149",
"152",
"129",
"146",
"120",
"136",
"135",
"121",
"122",
"130",
"142",
"125",
"143",
"129",
"138",
"140",
"112",
"122",
"112",
"138",
"111",
"122",
"111",
"119",
"109",
"121",
"135",
"123",
"147",
"140",
"144",
"129",
"108",
"113",
"138",
"130",
"142",
"136",
"133",
"156",
"117",
"140",
"117",
"131",
"129",
"135",
"132",
"149",
"117",
"134",
"138",
"112",
"101",
"121",
"148",
"115",
"124",
"136",
"123",
"124",
"126",
"131",
"114",
"145",
"124",
"102",
"111",
"125",
"135",
"146",
"125",
"148",
"114",
"139",
"142",
"117",
"118",
"124",
"139",
"111",
"105",
"135",
"131",
"114",
"145",
"131",
"121",
"138",
"99",
"124",
"109",
"129",
"107",
"114",
"125",
"145",
"125",
"126",
"130",
"111",
"136",
"114",
"140",
"133",
"147",
"115",
"106",
"119",
"105",
"136",
"124",
"106",
"112",
"115",
"108",
"140",
"120",
"113",
"124",
"111",
"101",
"96",
"105",
"114",
"126",
"126",
"113",
"138",
"95",
"121",
"136",
"110",
"120",
"110",
"139",
"140",
"103",
"109",
"107",
"125",
"121",
"131",
"113",
"115",
"103",
"121",
"121",
"112",
"109",
"102",
"107",
"93",
"111",
"130",
"115",
"145",
"107",
"130",
"119",
"123",
"110",
"132",
"101",
"120",
"114",
"95",
"125",
"127",
"107",
"103",
"140",
"113",
"98",
"95",
"120",
"115",
"130",
"109",
"112",
"97",
"107",
"100",
"117",
"111",
"107",
"113",
"101",
"107",
"121",
"89",
"102",
"121",
"109",
"110",
"127",
"112",
"110",
"115",
"130",
"121",
"114",
"119",
"123",
"97",
"110",
"117",
"111",
"135",
"118",
"113",
"114",
"115",
"100",
"117",
"105",
"113",
"114",
"122",
"145",
"127",
"130",
"115",
"135",
"124",
"134",
"133",
"121",
"123",
"133",
"133",
"112",
"119",
"123",
"120",
"120",
"123",
"110",
"100",
"117",
"118",
"122",
"111",
"119",
"113",
"123",
"115",
"113",
"121",
"95",
"109",
"124",
"117",
"118",
"108",
"108",
"95",
"112",
"94",
"109",
"134",
"101",
"90",
"108",
"122",
"103",
"113",
"107",
"108",
"100",
"107",
"99",
"117",
"100",
"97",
"118",
"108",
"100",
"91",
"94",
"119",
"95",
"110",
"89",
"84",
"81",
"103",
"98",
"109",
"108",
"123",
"93",
"94",
"95",
"89",
"117",
"111",
"110",
"111",
"86",
"112",
"89",
"89",
"93",
"98",
"120",
"101",
"106",
"90",
"102",
"83",
"83",
"101",
"98",
"75",
"102",
"86",
"84",
"87",
"114",
"98",
"113",
"98",
"96",
"112",
"98",
"111",
"93",
"98",
"88",
"102",
"102",
"114",
"95",
"94",
"106",
"118",
"81",
"90",
"109",
"101",
"97",
"78",
"90",
"95",
"108",
"96",
"102",
"95",
"96",
"97",
"91",
"91",
"95",
"90",
"107",
"101",
"82",
"71",
"97",
"121",
"80",
"88",
"76",
"94",
"89",
"86",
"102",
"86",
"82",
"115",
"90",
"110",
"87",
"103",
"88",
"76",
"81",
"108",
"100",
"70",
"90",
"80",
"111",
"112",
"77",
"96",
"107",
"101",
"105",
"83",
"96",
"89",
"88",
"103",
"97",
"103",
"86",
"99",
"82",
"96",
"94",
"83",
"76",
"85",
"106",
"99",
"87",
"93",
"93",
"110",
"86",
"94",
"110",
"84",
"72",
"82",
"82",
"89",
"102",
"108",
"84",
"89",
"110",
"98",
"77",
"96",
"89",
"99",
"102",
"91",
"90",
"78",
"93",
"91",
"90",
"109",
"83",
"87",
"86",
"87",
"91",
"74",
"95",
"76",
"78",
"90",
"74",
"86",
"80",
"77",
"107",
"81",
"61",
"87",
"93",
"86",
"94",
"99",
"109",
"82",
"66",
"91",
"101",
"96",
"89",
"78",
"91",
"97",
"80",
"90",
"103",
"88",
"83",
"98",
"88",
"83",
"88",
"96",
"82",
"81",
"96",
"91",
"89",
"88",
"87",
"111",
"97",
"83",
"86",
"83",
"85",
"77",
"96",
"102",
"87",
"72",
"100",
"84",
"81",
"111",
"74",
"68",
"72",
"89",
"84",
"84",
"81",
"93",
"89",
"89",
"75",
"91",
"75",
"99",
"81",
"90",
"87",
"80",
"89",
"78",
"72",
"99",
"91",
"89",
"80",
"72",
"75",
"82",
"97",
"71",
"89",
"93",
"81",
"91",
"101",
"96",
"82",
"87",
"97",
"78",
"68",
"70",
"74",
"78",
"83",
"80",
"93",
"82",
"73",
"87",
"77",
"80",
"78",
"93",
"83",
"85",
"80",
"83",
"89",
"85",
"66",
"76",
"78",
"87",
"85",
"85",
"85",
"80",
"84",
"83",
"107",
"75",
"75",
"71",
"83",
"70",
"69",
"78",
"85",
"98",
"76",
"96",
"72",
"98",
"84",
"85",
"99",
"80",
"93",
"89",
"75",
"90",
"75",
"76",
"86",
"88",
"83",
"89",
"87",
"98",
"86",
"83",
"100",
"85",
"91",
"90",
"72",
"86",
"73",
"75",
"91",
"103",
"94",
"72",
"95",
"96",
"86",
"99",
"64",
"115",
"70",
"80",
"103",
"96",
"70",
"75",
"97",
"114",
"91",
"94",
"83",
"101",
"98",
"95",
"86",
"119",
"77",
"77",
"100",
"114",
"105",
"101",
"97",
"121",
"102",
"97",
"101",
"84",
"96",
"118",
"99",
"93",
"101",
"98",
"106",
"109",
"110",
"108",
"134",
"107",
"119",
"121",
"120",
"121",
"127",
"109",
"148",
"120",
"127",
"137",
"143",
"140",
"125",
"117",
"135",
"121",
"130",
"138",
"144",
"138",
"163",
"174",
"182",
"205",
"186",
"216",
"198",
"196",
"245",
"209",
"205",
"227",
"203",
"273",
"246",
"222",
"245",
"282",
"329",
"278",
"272",
"338",
"341",
"344",
"370",
"326",
"386",
"408",
"395",
"439",
"401",
"451",
"427",
"478",
"464",
"503",
"420",
"535",
"492",
"508",
"505",
"525",
"518",
"579",
"510",
"541",
"531",
"585",
"516",
"561",
"578",
"547",
"551",
"515",
"518",
"496",
"494",
"506",
"463",
"476",
"491",
"493",
"469",
"428",
"399",
"448",
"444",
"430",
"402",
"370",
"379",
"370",
"342",
"371",
"329",
"320",
"279",
"311",
"262",
"314",
"252",
"232",
"278",
"210",
"225",
"199",
"220",
"203",
"224",
"185",
"186",
"186",
"167",
"166",
"147",
"159",
"159",
"118",
"139",
"133",
"134",
"118",
"148",
"123",
"127",
"125",
"106",
"135",
"130",
"145",
"151",
"138",
"152",
"144",
"218",
"201",
"179",
"163",
"169",
"164",
"215",
"218",
"231",
"262",
"247",
"284",
"283",
"255",
"306",
"327",
"358",
"333",
"316",
"319",
"376",
"357",
"342",
"334",
"375",
"338",
"329",
"360",
"318",
"296",
"291",
"296",
"337",
"284",
"232",
"241",
"235",
"237",
"204",
"209",
"216",
"183",
"162",
"140",
"140",
"132",
"129",
"97",
"112",
"118",
"81",
"96",
"102",
"68",
"77",
"75",
"82",
"66",
"87",
"82",
"83",
"86",
"74",
"52650",
"Channel_info_start",
"Channel : Mg",
"Points : 0",
"Range : 0.000000 - 0.000000",
"Step : 0.010000",
"Channel_info_end",
"Channel_info_start",
"Channel : Al",
"Points : 0",
"Range : 0.000000 - 0.000000",
"Step : 0.010000",
"Channel_info_end",
"Channel_info_start",
"Channel : Si",
"Points : 0",
"Range : 0.000000 - 0.000000",
"Step : 0.010000",
"Channel_info_end",
"Channel_info_start",
"Channel : P ",
"Points : 0",
"Range : 0.000000 - 0.000000",
"Step : 0.010000",
"Channel_info_end",
"Channel_info_start",
"Channel : S ",
"Points : 0",
"Range : 0.000000 - 0.000000",
"Step : 0.010000",
"Channel_info_end",
"Channel_info_start",
"Channel : Cl",
"Points : 0",
"Range : 0.000000 - 0.000000",
"Step : 0.010000",
"Channel_info_end",
"Channel_info_start",
"Channel : K ",
"Points : 0",
"Range : 0.000000 - 0.000000",
"Step : 0.010000",
"Channel_info_end",
"Channel_info_start",
"Channel : Ca",
"Points : 0",
"Range : 0.000000 - 0.000000",
"Step : 0.010000",
"Channel_info_end",
"Channel_info_start",
"Channel : Ti",
"Points : 0",
"Range : 0.000000 - 0.000000",
"Step : 0.010000",
"Channel_info_end",
"Channel_info_start",
"Channel : V ",
"Points : 0",
"Range : 0.000000 - 0.000000",
"Step : 0.010000",
"Channel_info_end",
"Channel_info_start",
"Channel : Cr",
"Points : 0",
"Range : 0.000000 - 0.000000",
"Step : 0.010000",
"Channel_info_end",
"Channel_info_start",
"Channel : Mn",
"Points : 0",
"Range : 0.000000 - 0.000000",
"Step : 0.010000",
"Channel_info_end",
"Channel_info_start",
"Channel : Fe",
"Points : 0",
"Range : 0.000000 - 0.000000",
"Step : 0.010000",
"Channel_info_end",
"Channel_info_start",
"Channel : Cu",
"Points : 0",
"Range : 0.000000 - 0.000000",
"Step : 0.010000",
"Channel_info_end",
"Channel_info_start",
"Channel : Zn",
"Points : 0",
"Range : 0.000000 - 0.000000",
"Step : 0.010000",
"Channel_info_end",
"Channel_info_start",
"Channel : Sr",
"Points : 0",
"Range : 0.000000 - 0.000000",
"Step : 0.010000",
"Channel_info_end",
"Channel_info_start",
"Channel : Pb",
"Points : 0",
"Range : 0.000000 - 0.000000",
"Step : 0.010000",
"Channel_info_end",
"",
"Qualitative Result",
"--------------------------------------------------------------------------------",
"Element :  Na, P , Ba, Ca, Te, Pr, Rh",
"",
"Peak List",
"--------------------------------------------------------------------------------",
"Channel               Line        keV     Net Int.(cps/uA)",
"--------------------------------------------------------------------------------",
"Na                    NaKa         1.04     0.007",
"                      P Ka         2.01     0.020",
"                      BaLaESC      2.72     0.024",
"                      BaLb1ESC     3.12     0.013",
"                      CaKa         3.68     0.284",
"                      BaLL         3.96     0.099",
"                      TeLb1        3.96     0.043",
"                      BaLa         4.46     3.296",
"                      BaLb1        4.84     2.118",
"                      BaLb2        5.16     0.507",
"                      BaLg1        5.52     0.198",
"                      PrLb1        5.52     0.067",
"                      BaLg2        5.79     0.140",
"                      ----         8.08     0.026",
"                      RhKaC       19.20     0.140",
"                      RhKa        20.08     0.090",
"--------------------------------------------------------------------------------",
"",
"Quantitative Result",
"--------------------------------------------------------------------------------",
"Analyte               Result             Std.Dev. Proc.-Calc. Line Intensity(cps/uA)",
"--------------------------------------------------------------------------------",
"====[No. 1 Layer]====< Layer1               >===============================",
"Layer1                   7.215 ug/cm2    -------- Flux       -------- --------",
"Na                       7.215 ug/cm2    -------- ********** -------- --------",
