"Sample    : CaF2 31496",
"Operator  : thiago",
"Comment  : cubatao-g-policarbonato",
"Group     : kerr2007ag180cal_lt",
"Date       : 2010-06-10 23:56:27",
"",
"Mesurement Condition",
"------------------------------------------------------------------------------------",
"Instrument : 700HS2   Atmosphere : Vac.   Collimator : 10(mm)   Spin : No",
"------------------------------------------------------------------------------------",
"Analyte               TG kV   uA      FI Acq.(keV)  Anal.(keV)  Time(sec)     DT(%)",
"------------------------------------------------------------------------------------",
"Na                    Rh 50  548-Auto Al  0 - 20    0.8 - 1.2   Live -  179   16",
"",
"<Profile>",
"Channel_info_start",
"Channel : Na",
"Points : 2048",
"Range : 0.000000 - 20.480000",
"Step : 0.010000",
"Channel_info_end",
"0",
"0",
"0",
"0",
"0",
"0",
"0",
"0",
"0",
"0",
"0",
"0",
"0",
"0",
"0",
"0",
"0",
"0",
"0",
"0",
"0",
"0",
"0",
"0",
"0",
"0",
"0",
"2",
"1",
"2",
"12",
"32",
"46",
"36",
"27",
"39",
"28",
"34",
"37",
"36",
"37",
"30",
"24",
"39",
"37",
"37",
"31",
"43",
"43",
"35",
"22",
"42",
"36",
"44",
"32",
"37",
"31",
"56",
"36",
"36",
"35",
"42",
"24",
"31",
"25",
"33",
"37",
"27",
"33",
"34",
"27",
"28",
"44",
"28",
"26",
"23",
"24",
"25",
"22",
"30",
"35",
"41",
"20",
"31",
"36",
"31",
"25",
"35",
"23",
"35",
"32",
"28",
"34",
"23",
"26",
"32",
"36",
"25",
"32",
"26",
"30",
"33",
"18",
"24",
"33",
"31",
"37",
"34",
"28",
"35",
"28",
"42",
"32",
"35",
"26",
"23",
"21",
"35",
"42",
"27",
"26",
"38",
"36",
"31",
"34",
"38",
"30",
"41",
"30",
"44",
"44",
"36",
"35",
"42",
"35",
"33",
"35",
"28",
"33",
"47",
"50",
"34",
"33",
"33",
"39",
"30",
"50",
"35",
"39",
"49",
"39",
"41",
"32",
"47",
"38",
"27",
"35",
"34",
"39",
"51",
"49",
"54",
"41",
"65",
"58",
"73",
"55",
"88",
"103",
"108",
"127",
"131",
"129",
"115",
"161",
"161",
"124",
"168",
"122",
"131",
"126",
"116",
"126",
"111",
"108",
"149",
"127",
"141",
"196",
"238",
"286",
"300",
"346",
"396",
"436",
"452",
"411",
"393",
"406",
"422",
"341",
"347",
"275",
"282",
"218",
"197",
"174",
"135",
"105",
"105",
"80",
"70",
"76",
"56",
"53",
"37",
"56",
"62",
"57",
"58",
"59",
"51",
"64",
"79",
"78",
"76",
"77",
"83",
"70",
"68",
"80",
"66",
"59",
"54",
"58",
"56",
"51",
"32",
"37",
"36",
"31",
"41",
"31",
"44",
"36",
"39",
"38",
"48",
"46",
"46",
"27",
"53",
"30",
"24",
"38",
"48",
"34",
"34",
"28",
"56",
"48",
"49",
"42",
"57",
"61",
"51",
"49",
"58",
"59",
"55",
"53",
"47",
"57",
"49",
"55",
"47",
"64",
"57",
"47",
"64",
"59",
"62",
"57",
"57",
"59",
"57",
"60",
"69",
"58",
"84",
"84",
"76",
"89",
"85",
"92",
"89",
"70",
"83",
"101",
"84",
"95",
"94",
"124",
"139",
"136",
"125",
"117",
"152",
"127",
"134",
"139",
"148",
"146",
"154",
"147",
"184",
"154",
"172",
"137",
"185",
"157",
"199",
"159",
"186",
"188",
"188",
"170",
"188",
"208",
"204",
"157",
"188",
"187",
"182",
"188",
"215",
"194",
"193",
"177",
"232",
"236",
"200",
"242",
"228",
"239",
"248",
"283",
"297",
"283",
"365",
"374",
"457",
"542",
"794",
"994",
"1500",
"2018",
"3016",
"4179",
"5847",
"7783",
"10660",
"12610",
"16530",
"19291",
"23128",
"24447",
"28855",
"28332",
"30398",
"28178",
"28240",
"25528",
"23411",
"19360",
"16984",
"13492",
"11050",
"7791",
"6226",
"4309",
"3150",
"1996",
"1467",
"1022",
"745",
"554",
"563",
"518",
"670",
"734",
"971",
"1248",
"1471",
"1682",
"2245",
"2486",
"2951",
"3046",
"3781",
"3515",
"3728",
"3675",
"3610",
"3328",
"3201",
"2691",
"2347",
"1869",
"1549",
"1183",
"963",
"737",
"530",
"414",
"266",
"210",
"122",
"133",
"89",
"67",
"70",
"55",
"61",
"53",
"45",
"74",
"49",
"53",
"64",
"53",
"53",
"62",
"62",
"73",
"70",
"69",
"71",
"76",
"91",
"68",
"99",
"84",
"104",
"77",
"83",
"111",
"102",
"105",
"113",
"110",
"100",
"110",
"140",
"117",
"113",
"119",
"116",
"110",
"107",
"98",
"119",
"116",
"101",
"90",
"121",
"92",
"104",
"87",
"116",
"90",
"83",
"108",
"99",
"100",
"88",
"79",
"94",
"87",
"84",
"76",
"93",
"99",
"102",
"82",
"90",
"82",
"84",
"79",
"71",
"77",
"89",
"71",
"80",
"68",
"76",
"69",
"72",
"68",
"67",
"60",
"62",
"65",
"67",
"83",
"88",
"64",
"73",
"74",
"56",
"66",
"82",
"65",
"81",
"64",
"89",
"71",
"67",
"78",
"91",
"62",
"83",
"77",
"87",
"67",
"83",
"72",
"92",
"65",
"55",
"72",
"91",
"90",
"84",
"73",
"68",
"94",
"87",
"100",
"78",
"76",
"88",
"102",
"96",
"70",
"88",
"88",
"92",
"73",
"98",
"98",
"73",
"61",
"105",
"80",
"89",
"93",
"93",
"85",
"91",
"111",
"110",
"91",
"104",
"104",
"85",
"88",
"96",
"92",
"88",
"105",
"95",
"77",
"111",
"88",
"121",
"96",
"95",
"106",
"108",
"101",
"101",
"90",
"121",
"112",
"116",
"115",
"108",
"129",
"95",
"127",
"110",
"102",
"113",
"114",
"126",
"134",
"129",
"146",
"101",
"154",
"127",
"134",
"154",
"122",
"162",
"136",
"141",
"139",
"158",
"124",
"156",
"163",
"192",
"154",
"172",
"156",
"151",
"165",
"179",
"136",
"182",
"169",
"165",
"165",
"176",
"150",
"197",
"159",
"193",
"180",
"182",
"187",
"165",
"164",
"210",
"195",
"222",
"193",
"210",
"190",
"180",
"190",
"183",
"195",
"180",
"174",
"179",
"197",
"182",
"152",
"171",
"150",
"191",
"165",
"161",
"145",
"153",
"156",
"188",
"158",
"170",
"169",
"169",
"180",
"180",
"164",
"181",
"173",
"188",
"148",
"182",
"159",
"186",
"191",
"199",
"187",
"194",
"183",
"191",
"165",
"219",
"170",
"187",
"218",
"204",
"191",
"209",
"191",
"219",
"202",
"202",
"198",
"206",
"195",
"219",
"208",
"218",
"194",
"228",
"170",
"217",
"187",
"221",
"204",
"223",
"202",
"213",
"208",
"225",
"214",
"187",
"209",
"211",
"210",
"187",
"188",
"202",
"183",
"211",
"222",
"191",
"191",
"198",
"192",
"196",
"161",
"206",
"191",
"206",
"195",
"193",
"194",
"197",
"158",
"200",
"218",
"209",
"183",
"210",
"204",
"216",
"195",
"180",
"202",
"219",
"170",
"165",
"207",
"217",
"163",
"173",
"174",
"168",
"170",
"193",
"164",
"194",
"167",
"175",
"176",
"182",
"172",
"184",
"185",
"174",
"193",
"193",
"177",
"190",
"183",
"192",
"177",
"207",
"184",
"173",
"190",
"171",
"190",
"215",
"181",
"223",
"194",
"214",
"194",
"203",
"195",
"191",
"161",
"216",
"203",
"213",
"259",
"217",
"228",
"256",
"225",
"251",
"282",
"289",
"319",
"314",
"388",
"382",
"404",
"458",
"450",
"486",
"506",
"549",
"539",
"562",
"591",
"552",
"526",
"609",
"521",
"548",
"488",
"452",
"443",
"463",
"356",
"399",
"337",
"298",
"308",
"291",
"229",
"220",
"206",
"241",
"215",
"194",
"199",
"203",
"193",
"227",
"213",
"227",
"172",
"204",
"205",
"181",
"210",
"231",
"196",
"209",
"197",
"216",
"206",
"233",
"228",
"230",
"231",
"259",
"279",
"278",
"290",
"299",
"293",
"280",
"297",
"322",
"290",
"284",
"249",
"317",
"278",
"230",
"229",
"256",
"227",
"248",
"221",
"196",
"218",
"198",
"208",
"209",
"202",
"188",
"170",
"210",
"182",
"217",
"174",
"183",
"200",
"211",
"164",
"193",
"193",
"169",
"168",
"186",
"199",
"209",
"181",
"188",
"182",
"173",
"175",
"179",
"174",
"188",
"170",
"193",
"169",
"197",
"192",
"251",
"206",
"192",
"211",
"234",
"223",
"219",
"230",
"240",
"257",
"294",
"272",
"288",
"264",
"286",
"305",
"329",
"348",
"346",
"339",
"383",
"358",
"357",
"357",
"366",
"378",
"371",
"372",
"326",
"321",
"325",
"316",
"326",
"293",
"301",
"257",
"264",
"256",
"240",
"262",
"267",
"250",
"253",
"256",
"275",
"257",
"253",
"271",
"244",
"247",
"265",
"257",
"268",
"255",
"280",
"226",
"264",
"252",
"245",
"220",
"236",
"229",
"197",
"211",
"204",
"214",
"207",
"180",
"202",
"187",
"180",
"204",
"193",
"167",
"202",
"190",
"196",
"172",
"196",
"179",
"165",
"183",
"187",
"192",
"197",
"198",
"179",
"165",
"193",
"179",
"188",
"179",
"182",
"160",
"170",
"199",
"196",
"188",
"179",
"188",
"202",
"182",
"162",
"176",
"186",
"180",
"188",
"177",
"190",
"165",
"165",
"170",
"173",
"197",
"191",
"185",
"204",
"181",
"167",
"192",
"164",
"187",
"214",
"181",
"188",
"184",
"197",
"191",
"215",
"185",
"204",
"183",
"207",
"176",
"196",
"180",
"192",
"176",
"203",
"175",
"193",
"186",
"213",
"192",
"205",
"176",
"196",
"188",
"177",
"196",
"181",
"180",
"188",
"198",
"194",
"175",
"199",
"177",
"200",
"156",
"206",
"192",
"215",
"187",
"193",
"198",
"202",
"206",
"196",
"228",
"209",
"199",
"219",
"223",
"223",
"192",
"195",
"199",
"221",
"228",
"227",
"221",
"221",
"214",
"214",
"218",
"203",
"188",
"180",
"192",
"209",
"192",
"207",
"187",
"163",
"177",
"207",
"202",
"210",
"175",
"177",
"182",
"174",
"192",
"196",
"200",
"202",
"165",
"182",
"181",
"190",
"171",
"193",
"184",
"191",
"199",
"184",
"180",
"211",
"192",
"186",
"185",
"180",
"188",
"188",
"169",
"174",
"187",
"174",
"180",
"170",
"144",
"145",
"148",
"195",
"151",
"163",
"170",
"203",
"187",
"181",
"167",
"190",
"177",
"179",
"157",
"159",
"183",
"180",
"179",
"174",
"151",
"174",
"179",
"174",
"159",
"180",
"180",
"167",
"171",
"181",
"171",
"188",
"175",
"165",
"170",
"176",
"145",
"161",
"172",
"168",
"176",
"152",
"183",
"177",
"164",
"176",
"151",
"184",
"172",
"174",
"171",
"174",
"153",
"159",
"169",
"179",
"177",
"157",
"181",
"163",
"165",
"162",
"164",
"163",
"138",
"180",
"185",
"171",
"156",
"183",
"162",
"162",
"156",
"136",
"165",
"168",
"150",
"168",
"152",
"177",
"169",
"190",
"159",
"164",
"145",
"151",
"160",
"165",
"159",
"145",
"153",
"162",
"192",
"157",
"173",
"190",
"142",
"179",
"168",
"172",
"146",
"173",
"158",
"154",
"160",
"159",
"181",
"146",
"161",
"148",
"128",
"181",
"164",
"152",
"172",
"177",
"145",
"169",
"145",
"163",
"158",
"154",
"159",
"153",
"157",
"158",
"158",
"172",
"144",
"146",
"168",
"172",
"172",
"140",
"164",
"136",
"153",
"153",
"179",
"158",
"152",
"151",
"158",
"159",
"138",
"141",
"135",
"164",
"145",
"158",
"144",
"173",
"151",
"168",
"148",
"165",
"148",
"153",
"161",
"149",
"182",
"163",
"149",
"190",
"134",
"171",
"137",
"163",
"142",
"171",
"164",
"159",
"150",
"137",
"133",
"158",
"153",
"154",
"170",
"145",
"159",
"151",
"141",
"161",
"122",
"154",
"153",
"142",
"138",
"149",
"163",
"149",
"154",
"135",
"136",
"150",
"168",
"157",
"127",
"159",
"152",
"145",
"144",
"136",
"144",
"152",
"140",
"156",
"142",
"159",
"154",
"138",
"137",
"141",
"147",
"161",
"140",
"173",
"161",
"164",
"146",
"164",
"111",
"157",
"146",
"145",
"157",
"148",
"149",
"147",
"121",
"168",
"122",
"127",
"136",
"125",
"160",
"138",
"160",
"161",
"145",
"177",
"142",
"141",
"125",
"140",
"148",
"125",
"146",
"145",
"150",
"172",
"141",
"159",
"148",
"138",
"124",
"167",
"126",
"148",
"144",
"128",
"174",
"159",
"140",
"134",
"158",
"156",
"136",
"145",
"146",
"157",
"119",
"159",
"154",
"127",
"145",
"148",
"130",
"144",
"128",
"145",
"129",
"149",
"135",
"145",
"151",
"139",
"156",
"137",
"127",
"156",
"133",
"137",
"139",
"118",
"138",
"128",
"135",
"127",
"118",
"174",
"144",
"136",
"127",
"141",
"141",
"144",
"123",
"164",
"134",
"128",
"146",
"156",
"133",
"153",
"146",
"134",
"131",
"138",
"139",
"159",
"154",
"123",
"145",
"136",
"136",
"128",
"168",
"131",
"133",
"126",
"139",
"123",
"125",
"130",
"133",
"160",
"145",
"142",
"121",
"135",
"145",
"139",
"152",
"156",
"138",
"146",
"134",
"128",
"126",
"174",
"128",
"125",
"123",
"151",
"129",
"131",
"117",
"150",
"122",
"126",
"138",
"130",
"135",
"145",
"131",
"136",
"123",
"151",
"139",
"137",
"121",
"110",
"144",
"124",
"138",
"128",
"123",
"127",
"137",
"158",
"121",
"119",
"117",
"138",
"133",
"111",
"114",
"136",
"142",
"100",
"128",
"105",
"149",
"131",
"106",
"130",
"115",
"125",
"114",
"123",
"145",
"153",
"125",
"110",
"148",
"123",
"119",
"127",
"137",
"122",
"126",
"125",
"147",
"134",
"122",
"133",
"128",
"136",
"125",
"112",
"145",
"144",
"114",
"135",
"138",
"129",
"114",
"103",
"119",
"133",
"105",
"123",
"146",
"131",
"125",
"127",
"119",
"124",
"130",
"119",
"106",
"147",
"134",
"127",
"128",
"115",
"110",
"130",
"128",
"153",
"134",
"106",
"134",
"128",
"112",
"119",
"129",
"134",
"119",
"92",
"98",
"128",
"131",
"121",
"118",
"136",
"93",
"107",
"124",
"121",
"125",
"123",
"119",
"98",
"105",
"100",
"135",
"123",
"111",
"128",
"106",
"140",
"127",
"113",
"99",
"134",
"129",
"113",
"125",
"125",
"121",
"137",
"107",
"113",
"107",
"129",
"110",
"107",
"116",
"106",
"129",
"124",
"124",
"124",
"107",
"105",
"138",
"121",
"121",
"124",
"128",
"106",
"135",
"115",
"118",
"117",
"96",
"106",
"121",
"121",
"115",
"133",
"110",
"135",
"117",
"140",
"102",
"118",
"100",
"134",
"105",
"127",
"98",
"125",
"101",
"106",
"114",
"102",
"119",
"130",
"127",
"123",
"108",
"126",
"130",
"104",
"103",
"126",
"131",
"103",
"107",
"103",
"130",
"105",
"112",
"112",
"112",
"101",
"113",
"107",
"135",
"111",
"108",
"110",
"118",
"117",
"101",
"110",
"122",
"112",
"118",
"110",
"114",
"104",
"112",
"116",
"102",
"125",
"105",
"116",
"116",
"118",
"114",
"123",
"108",
"117",
"119",
"111",
"118",
"127",
"113",
"122",
"118",
"104",
"101",
"108",
"111",
"125",
"116",
"101",
"117",
"115",
"117",
"121",
"122",
"116",
"105",
"99",
"100",
"114",
"115",
"103",
"102",
"94",
"104",
"102",
"130",
"126",
"114",
"105",
"115",
"127",
"114",
"114",
"128",
"110",
"123",
"116",
"116",
"130",
"104",
"110",
"104",
"135",
"91",
"110",
"116",
"131",
"118",
"112",
"124",
"116",
"104",
"136",
"99",
"116",
"114",
"135",
"138",
"140",
"130",
"125",
"111",
"134",
"113",
"108",
"121",
"121",
"116",
"116",
"131",
"128",
"127",
"131",
"116",
"139",
"125",
"133",
"125",
"122",
"126",
"146",
"119",
"133",
"144",
"128",
"124",
"157",
"134",
"131",
"126",
"142",
"127",
"116",
"125",
"151",
"160",
"128",
"133",
"150",
"118",
"127",
"124",
"168",
"148",
"144",
"158",
"131",
"144",
"137",
"152",
"168",
"136",
"138",
"161",
"160",
"152",
"164",
"180",
"161",
"182",
"190",
"184",
"205",
"175",
"175",
"205",
"186",
"210",
"193",
"196",
"217",
"192",
"247",
"233",
"245",
"230",
"254",
"248",
"250",
"272",
"316",
"276",
"312",
"299",
"305",
"356",
"342",
"360",
"341",
"362",
"401",
"367",
"389",
"451",
"440",
"454",
"465",
"528",
"527",
"504",
"548",
"606",
"609",
"573",
"645",
"581",
"626",
"672",
"668",
"695",
"731",
"672",
"761",
"749",
"824",
"761",
"742",
"809",
"795",
"691",
"816",
"804",
"807",
"782",
"780",
"898",
"853",
"793",
"823",
"713",
"769",
"721",
"759",
"777",
"733",
"755",
"744",
"712",
"674",
"681",
"686",
"641",
"634",
"611",
"578",
"558",
"564",
"505",
"488",
"523",
"463",
"458",
"437",
"444",
"408",
"349",
"401",
"356",
"334",
"347",
"324",
"309",
"316",
"279",
"275",
"285",
"247",
"236",
"243",
"227",
"218",
"208",
"172",
"192",
"177",
"184",
"186",
"184",
"173",
"140",
"161",
"217",
"202",
"177",
"191",
"180",
"173",
"177",
"184",
"214",
"200",
"185",
"225",
"213",
"230",
"217",
"244",
"243",
"277",
"261",
"264",
"314",
"324",
"286",
"301",
"309",
"340",
"300",
"342",
"339",
"351",
"349",
"370",
"347",
"337",
"347",
"325",
"374",
"368",
"323",
"276",
"331",
"263",
"256",
"270",
"233",
"257",
"229",
"232",
"217",
"188",
"162",
"180",
"151",
"146",
"156",
"130",
"138",
"137",
"144",
"115",
"102",
"112",
"95",
"117",
"123",
"114",
"95",
"100",
"98",
"103",
"93",
"55098",
"Channel_info_start",
"Channel : Mg",
"Points : 0",
"Range : 0.000000 - 0.000000",
"Step : 0.010000",
"Channel_info_end",
"Channel_info_start",
"Channel : Al",
"Points : 0",
"Range : 0.000000 - 0.000000",
"Step : 0.010000",
"Channel_info_end",
"Channel_info_start",
"Channel : Si",
"Points : 0",
"Range : 0.000000 - 0.000000",
"Step : 0.010000",
"Channel_info_end",
"Channel_info_start",
"Channel : P ",
"Points : 0",
"Range : 0.000000 - 0.000000",
"Step : 0.010000",
"Channel_info_end",
"Channel_info_start",
"Channel : S ",
"Points : 0",
"Range : 0.000000 - 0.000000",
"Step : 0.010000",
"Channel_info_end",
"Channel_info_start",
"Channel : Cl",
"Points : 0",
"Range : 0.000000 - 0.000000",
"Step : 0.010000",
"Channel_info_end",
"Channel_info_start",
"Channel : K ",
"Points : 0",
"Range : 0.000000 - 0.000000",
"Step : 0.010000",
"Channel_info_end",
"Channel_info_start",
"Channel : Ca",
"Points : 0",
"Range : 0.000000 - 0.000000",
"Step : 0.010000",
"Channel_info_end",
"Channel_info_start",
"Channel : Ti",
"Points : 0",
"Range : 0.000000 - 0.000000",
"Step : 0.010000",
"Channel_info_end",
"Channel_info_start",
"Channel : V ",
"Points : 0",
"Range : 0.000000 - 0.000000",
"Step : 0.010000",
"Channel_info_end",
"Channel_info_start",
"Channel : Cr",
"Points : 0",
"Range : 0.000000 - 0.000000",
"Step : 0.010000",
"Channel_info_end",
"Channel_info_start",
"Channel : Mn",
"Points : 0",
"Range : 0.000000 - 0.000000",
"Step : 0.010000",
"Channel_info_end",
"Channel_info_start",
"Channel : Fe",
"Points : 0",
"Range : 0.000000 - 0.000000",
"Step : 0.010000",
"Channel_info_end",
"Channel_info_start",
"Channel : Cu",
"Points : 0",
"Range : 0.000000 - 0.000000",
"Step : 0.010000",
"Channel_info_end",
"Channel_info_start",
"Channel : Zn",
"Points : 0",
"Range : 0.000000 - 0.000000",
"Step : 0.010000",
"Channel_info_end",
"Channel_info_start",
"Channel : Sr",
"Points : 0",
"Range : 0.000000 - 0.000000",
"Step : 0.010000",
"Channel_info_end",
"Channel_info_start",
"Channel : Pb",
"Points : 0",
"Range : 0.000000 - 0.000000",
"Step : 0.010000",
"Channel_info_end",
"",
"Qualitative Result",
"--------------------------------------------------------------------------------",
"Element :  Ta, P , Ca, Sc, Ru",
"",
"Peak List",
"--------------------------------------------------------------------------------",
"Channel               Line        keV     Net Int.(cps/uA)",
"--------------------------------------------------------------------------------",
"Na                    TaMa         1.74     0.013",
"                      P Ka         1.95     0.048",
"                      CaKa         3.68     4.112",
"                      CaKb         4.02     0.513",
"                      ScKa         4.09     0.069",
"                      ScKb         4.53     0.010",
"                      TaLa         8.12     0.068",
"                      TaLb1        9.35     0.033",
"                      RuKa        19.20     0.141",
"                      ----        19.97     0.038",
"--------------------------------------------------------------------------------",
"",
"Quantitative Result",
"--------------------------------------------------------------------------------",
"Analyte               Result             Std.Dev. Proc.-Calc. Line Intensity(cps/uA)",
"--------------------------------------------------------------------------------",
"====[No. 1 Layer]====< Layer1               >===============================",
"Layer1                   0.000 ug/cm2    -------- Flux       -------- --------",
