"Sample    : KCl",
"Operator  : Mariana",
"Comment  : 31494",
"Group     : kerr2007ag180cal_lt",
"Date       : 2010-06-25 21:40:13",
"",
"Mesurement Condition",
"------------------------------------------------------------------------------------",
"Instrument : 700HS2   Atmosphere : Vac.   Collimator : 10(mm)   Spin : No",
"------------------------------------------------------------------------------------",
"Analyte               TG kV   uA      FI Acq.(keV)  Anal.(keV)  Time(sec)     DT(%)",
"------------------------------------------------------------------------------------",
"Na                    Rh 50  500-Auto Al  0 - 20    0.8 - 1.2   Live -  179   15",
"",
"<Profile>",
"Channel_info_start",
"Channel : Na",
"Points : 2048",
"Range : 0.000000 - 20.480000",
"Step : 0.010000",
"Channel_info_end",
"0",
"0",
"0",
"0",
"0",
"0",
"0",
"0",
"0",
"0",
"0",
"0",
"0",
"0",
"0",
"0",
"0",
"0",
"0",
"0",
"0",
"0",
"0",
"0",
"0",
"0",
"0",
"0",
"0",
"0",
"10",
"35",
"20",
"33",
"20",
"31",
"37",
"28",
"29",
"37",
"29",
"34",
"32",
"28",
"37",
"38",
"35",
"34",
"38",
"34",
"31",
"20",
"26",
"41",
"34",
"29",
"34",
"26",
"28",
"39",
"26",
"34",
"31",
"28",
"33",
"39",
"34",
"39",
"44",
"37",
"32",
"37",
"35",
"40",
"46",
"37",
"46",
"53",
"44",
"81",
"76",
"96",
"112",
"126",
"142",
"189",
"182",
"221",
"206",
"202",
"195",
"177",
"125",
"126",
"86",
"75",
"84",
"59",
"52",
"68",
"50",
"55",
"45",
"64",
"59",
"53",
"56",
"51",
"53",
"65",
"61",
"48",
"59",
"67",
"47",
"39",
"53",
"49",
"36",
"45",
"35",
"43",
"44",
"51",
"40",
"45",
"44",
"46",
"53",
"45",
"47",
"37",
"39",
"34",
"49",
"52",
"47",
"57",
"45",
"56",
"44",
"48",
"69",
"70",
"68",
"61",
"58",
"87",
"82",
"109",
"111",
"166",
"178",
"241",
"212",
"267",
"250",
"293",
"277",
"291",
"252",
"215",
"208",
"161",
"122",
"129",
"96",
"75",
"71",
"44",
"61",
"72",
"55",
"65",
"79",
"81",
"71",
"75",
"52",
"65",
"81",
"87",
"86",
"79",
"76",
"82",
"76",
"93",
"87",
"86",
"106",
"100",
"108",
"124",
"125",
"156",
"177",
"172",
"160",
"219",
"216",
"229",
"228",
"206",
"184",
"198",
"135",
"150",
"135",
"128",
"116",
"130",
"125",
"128",
"109",
"120",
"133",
"135",
"146",
"126",
"165",
"147",
"148",
"165",
"166",
"152",
"152",
"182",
"185",
"165",
"178",
"214",
"213",
"229",
"204",
"207",
"203",
"227",
"221",
"197",
"226",
"214",
"236",
"230",
"246",
"293",
"302",
"332",
"369",
"474",
"631",
"865",
"1219",
"1674",
"2280",
"3374",
"3942",
"5467",
"6193",
"7685",
"8388",
"9507",
"9484",
"10191",
"9481",
"9266",
"7628",
"6843",
"5493",
"4674",
"3357",
"2775",
"1865",
"1563",
"1082",
"969",
"848",
"794",
"855",
"981",
"991",
"1040",
"1017",
"1077",
"1007",
"951",
"810",
"747",
"660",
"539",
"436",
"388",
"340",
"279",
"246",
"270",
"190",
"200",
"197",
"209",
"171",
"196",
"170",
"194",
"197",
"194",
"185",
"265",
"202",
"241",
"226",
"260",
"262",
"318",
"301",
"394",
"485",
"619",
"857",
"1193",
"1716",
"2517",
"3484",
"4852",
"6495",
"8587",
"10037",
"12804",
"14509",
"16925",
"17597",
"19189",
"19358",
"19377",
"17773",
"17267",
"14052",
"12580",
"9987",
"8279",
"6093",
"4840",
"3262",
"2413",
"1607",
"1074",
"782",
"598",
"591",
"600",
"663",
"818",
"1007",
"1220",
"1479",
"1692",
"1897",
"2260",
"2521",
"2614",
"2661",
"2778",
"2819",
"2752",
"2778",
"2772",
"2535",
"2659",
"2504",
"2381",
"2189",
"2002",
"1770",
"1660",
"1371",
"1233",
"1020",
"838",
"597",
"477",
"376",
"285",
"233",
"180",
"142",
"116",
"95",
"103",
"100",
"89",
"88",
"95",
"125",
"124",
"168",
"157",
"208",
"198",
"220",
"261",
"237",
"287",
"250",
"336",
"214",
"242",
"210",
"183",
"141",
"149",
"130",
"111",
"91",
"77",
"67",
"75",
"55",
"53",
"52",
"56",
"51",
"36",
"34",
"50",
"56",
"45",
"35",
"39",
"51",
"53",
"49",
"51",
"55",
"51",
"40",
"71",
"61",
"51",
"61",
"63",
"61",
"74",
"56",
"79",
"57",
"72",
"77",
"98",
"87",
"85",
"96",
"130",
"95",
"87",
"74",
"93",
"94",
"97",
"98",
"121",
"99",
"111",
"93",
"107",
"104",
"115",
"115",
"92",
"117",
"116",
"107",
"106",
"115",
"111",
"101",
"115",
"109",
"96",
"123",
"97",
"107",
"106",
"103",
"111",
"100",
"107",
"117",
"106",
"111",
"99",
"97",
"96",
"104",
"101",
"94",
"97",
"89",
"92",
"84",
"79",
"109",
"99",
"111",
"113",
"88",
"92",
"72",
"69",
"91",
"86",
"71",
"88",
"93",
"86",
"76",
"69",
"81",
"67",
"70",
"71",
"79",
"73",
"92",
"86",
"81",
"84",
"79",
"86",
"84",
"92",
"65",
"72",
"89",
"76",
"76",
"73",
"77",
"76",
"60",
"87",
"86",
"91",
"94",
"99",
"91",
"110",
"95",
"88",
"94",
"111",
"94",
"113",
"101",
"91",
"84",
"80",
"94",
"89",
"98",
"108",
"111",
"97",
"82",
"116",
"84",
"95",
"103",
"101",
"94",
"124",
"94",
"112",
"99",
"95",
"107",
"94",
"104",
"107",
"91",
"93",
"87",
"92",
"77",
"118",
"99",
"116",
"105",
"115",
"91",
"119",
"115",
"101",
"123",
"140",
"138",
"124",
"106",
"124",
"112",
"126",
"105",
"141",
"98",
"96",
"101",
"122",
"101",
"107",
"109",
"128",
"131",
"115",
"134",
"117",
"113",
"116",
"115",
"136",
"141",
"124",
"142",
"134",
"132",
"142",
"116",
"158",
"110",
"141",
"129",
"129",
"140",
"143",
"148",
"128",
"144",
"174",
"159",
"159",
"143",
"158",
"144",
"172",
"153",
"176",
"168",
"169",
"135",
"173",
"169",
"134",
"107",
"157",
"153",
"165",
"143",
"135",
"141",
"169",
"147",
"156",
"160",
"164",
"179",
"165",
"143",
"177",
"164",
"145",
"154",
"162",
"153",
"172",
"171",
"156",
"142",
"156",
"171",
"162",
"157",
"156",
"157",
"191",
"158",
"159",
"159",
"184",
"173",
"177",
"150",
"179",
"171",
"162",
"169",
"177",
"189",
"180",
"156",
"165",
"166",
"154",
"186",
"165",
"182",
"183",
"186",
"200",
"191",
"188",
"169",
"182",
"183",
"173",
"183",
"226",
"168",
"183",
"178",
"188",
"174",
"176",
"171",
"190",
"186",
"201",
"171",
"174",
"176",
"208",
"182",
"195",
"157",
"180",
"173",
"160",
"195",
"167",
"166",
"147",
"178",
"176",
"166",
"189",
"171",
"188",
"190",
"164",
"182",
"198",
"181",
"183",
"202",
"196",
"186",
"183",
"173",
"183",
"170",
"212",
"164",
"193",
"174",
"205",
"186",
"186",
"165",
"205",
"185",
"174",
"192",
"210",
"182",
"174",
"189",
"200",
"173",
"184",
"185",
"228",
"150",
"193",
"190",
"198",
"157",
"214",
"195",
"207",
"204",
"226",
"195",
"214",
"201",
"193",
"190",
"200",
"205",
"215",
"189",
"215",
"237",
"216",
"234",
"239",
"209",
"246",
"231",
"206",
"217",
"202",
"231",
"201",
"179",
"176",
"198",
"214",
"203",
"198",
"179",
"192",
"170",
"186",
"173",
"184",
"167",
"159",
"183",
"178",
"166",
"188",
"169",
"196",
"189",
"189",
"161",
"185",
"181",
"166",
"177",
"183",
"177",
"204",
"168",
"186",
"156",
"170",
"180",
"180",
"190",
"167",
"192",
"191",
"200",
"201",
"180",
"214",
"203",
"226",
"210",
"251",
"246",
"240",
"266",
"256",
"275",
"260",
"291",
"232",
"245",
"255",
"265",
"273",
"245",
"208",
"228",
"205",
"212",
"205",
"206",
"205",
"172",
"182",
"183",
"188",
"180",
"185",
"147",
"169",
"178",
"208",
"170",
"170",
"149",
"158",
"180",
"152",
"157",
"171",
"161",
"191",
"164",
"170",
"164",
"171",
"153",
"161",
"173",
"185",
"133",
"173",
"165",
"166",
"147",
"190",
"171",
"164",
"170",
"168",
"165",
"176",
"156",
"158",
"180",
"142",
"165",
"164",
"180",
"143",
"144",
"152",
"173",
"164",
"149",
"183",
"198",
"182",
"157",
"164",
"194",
"178",
"154",
"168",
"170",
"160",
"161",
"141",
"186",
"172",
"173",
"177",
"180",
"189",
"208",
"184",
"206",
"183",
"185",
"186",
"170",
"210",
"192",
"166",
"186",
"193",
"159",
"192",
"191",
"203",
"130",
"181",
"166",
"157",
"165",
"164",
"186",
"168",
"154",
"182",
"172",
"196",
"179",
"200",
"172",
"205",
"178",
"185",
"176",
"207",
"182",
"180",
"194",
"194",
"169",
"172",
"189",
"167",
"182",
"194",
"190",
"197",
"165",
"155",
"177",
"180",
"210",
"193",
"169",
"158",
"146",
"171",
"166",
"186",
"171",
"190",
"177",
"194",
"176",
"188",
"188",
"200",
"185",
"176",
"161",
"165",
"196",
"143",
"194",
"201",
"170",
"160",
"188",
"192",
"174",
"188",
"168",
"191",
"156",
"171",
"184",
"173",
"176",
"193",
"170",
"177",
"197",
"167",
"183",
"171",
"181",
"176",
"171",
"169",
"184",
"170",
"173",
"178",
"176",
"182",
"178",
"205",
"176",
"193",
"164",
"160",
"164",
"201",
"149",
"170",
"181",
"171",
"179",
"169",
"147",
"196",
"174",
"169",
"171",
"166",
"177",
"155",
"188",
"182",
"165",
"176",
"150",
"172",
"156",
"178",
"143",
"150",
"176",
"173",
"148",
"186",
"182",
"164",
"150",
"168",
"141",
"155",
"165",
"159",
"159",
"164",
"152",
"161",
"158",
"160",
"160",
"168",
"170",
"161",
"164",
"149",
"165",
"168",
"134",
"177",
"148",
"172",
"138",
"136",
"169",
"165",
"166",
"172",
"167",
"155",
"162",
"164",
"159",
"166",
"181",
"159",
"164",
"169",
"141",
"177",
"165",
"159",
"150",
"168",
"154",
"195",
"166",
"157",
"156",
"154",
"170",
"155",
"168",
"194",
"146",
"155",
"131",
"144",
"156",
"183",
"159",
"161",
"161",
"178",
"141",
"178",
"157",
"172",
"152",
"165",
"152",
"126",
"155",
"150",
"162",
"145",
"159",
"160",
"134",
"173",
"138",
"173",
"161",
"142",
"166",
"165",
"167",
"176",
"169",
"177",
"160",
"148",
"165",
"179",
"148",
"161",
"173",
"168",
"157",
"159",
"161",
"174",
"177",
"161",
"168",
"177",
"160",
"159",
"129",
"165",
"143",
"149",
"146",
"170",
"130",
"164",
"155",
"161",
"161",
"181",
"147",
"145",
"141",
"148",
"159",
"152",
"147",
"164",
"157",
"152",
"149",
"137",
"160",
"137",
"157",
"148",
"147",
"135",
"131",
"159",
"162",
"179",
"141",
"154",
"133",
"158",
"132",
"132",
"168",
"156",
"119",
"143",
"136",
"136",
"144",
"173",
"149",
"134",
"159",
"171",
"142",
"137",
"146",
"143",
"156",
"143",
"135",
"136",
"146",
"157",
"147",
"155",
"148",
"152",
"142",
"173",
"143",
"157",
"154",
"158",
"153",
"150",
"134",
"165",
"164",
"150",
"137",
"148",
"145",
"141",
"166",
"154",
"116",
"152",
"145",
"157",
"150",
"155",
"137",
"150",
"149",
"157",
"122",
"155",
"173",
"148",
"133",
"145",
"148",
"132",
"134",
"152",
"142",
"157",
"150",
"135",
"128",
"149",
"150",
"133",
"126",
"144",
"150",
"150",
"137",
"160",
"137",
"153",
"137",
"142",
"110",
"141",
"149",
"169",
"155",
"147",
"142",
"153",
"125",
"141",
"148",
"138",
"140",
"136",
"144",
"128",
"136",
"144",
"150",
"141",
"137",
"157",
"148",
"153",
"145",
"133",
"143",
"149",
"150",
"153",
"148",
"150",
"130",
"145",
"140",
"126",
"134",
"136",
"136",
"133",
"159",
"150",
"142",
"126",
"138",
"113",
"155",
"148",
"140",
"134",
"168",
"149",
"149",
"138",
"154",
"153",
"145",
"135",
"124",
"132",
"146",
"140",
"144",
"118",
"131",
"128",
"115",
"135",
"133",
"147",
"133",
"156",
"130",
"129",
"140",
"138",
"129",
"116",
"134",
"132",
"137",
"124",
"166",
"142",
"137",
"132",
"144",
"143",
"123",
"124",
"117",
"154",
"122",
"147",
"122",
"135",
"124",
"153",
"130",
"137",
"120",
"129",
"119",
"133",
"143",
"140",
"137",
"133",
"122",
"134",
"122",
"115",
"131",
"117",
"133",
"117",
"117",
"141",
"131",
"131",
"124",
"141",
"130",
"136",
"120",
"128",
"134",
"113",
"138",
"129",
"142",
"147",
"125",
"107",
"121",
"150",
"124",
"142",
"129",
"126",
"135",
"108",
"107",
"105",
"120",
"142",
"141",
"109",
"107",
"116",
"113",
"134",
"132",
"121",
"113",
"133",
"105",
"122",
"144",
"111",
"110",
"109",
"105",
"117",
"110",
"105",
"142",
"109",
"150",
"137",
"134",
"128",
"134",
"119",
"117",
"121",
"111",
"105",
"146",
"118",
"112",
"124",
"113",
"158",
"128",
"115",
"130",
"128",
"117",
"132",
"103",
"94",
"119",
"109",
"128",
"130",
"121",
"110",
"109",
"132",
"107",
"100",
"120",
"123",
"106",
"134",
"136",
"128",
"111",
"121",
"123",
"132",
"98",
"112",
"116",
"140",
"124",
"134",
"113",
"89",
"122",
"113",
"120",
"108",
"99",
"117",
"134",
"130",
"124",
"111",
"123",
"134",
"129",
"106",
"110",
"95",
"104",
"123",
"111",
"113",
"105",
"121",
"105",
"109",
"123",
"132",
"130",
"126",
"111",
"98",
"109",
"132",
"120",
"123",
"118",
"126",
"125",
"125",
"115",
"121",
"99",
"121",
"130",
"117",
"132",
"112",
"128",
"98",
"111",
"134",
"107",
"128",
"128",
"126",
"113",
"112",
"104",
"93",
"124",
"111",
"105",
"123",
"115",
"116",
"135",
"105",
"111",
"125",
"105",
"107",
"121",
"108",
"109",
"111",
"113",
"96",
"125",
"99",
"112",
"98",
"108",
"97",
"141",
"109",
"98",
"101",
"119",
"106",
"100",
"98",
"123",
"104",
"121",
"103",
"96",
"99",
"107",
"97",
"107",
"111",
"126",
"123",
"93",
"115",
"145",
"100",
"117",
"106",
"118",
"109",
"93",
"105",
"98",
"116",
"112",
"97",
"98",
"99",
"107",
"105",
"112",
"105",
"107",
"95",
"94",
"107",
"113",
"142",
"101",
"115",
"113",
"97",
"105",
"122",
"119",
"88",
"100",
"103",
"92",
"111",
"104",
"99",
"109",
"106",
"108",
"105",
"116",
"103",
"109",
"108",
"106",
"97",
"105",
"106",
"109",
"101",
"118",
"121",
"84",
"109",
"109",
"100",
"91",
"107",
"112",
"98",
"91",
"110",
"108",
"108",
"106",
"111",
"88",
"93",
"121",
"100",
"116",
"99",
"98",
"106",
"103",
"103",
"110",
"119",
"93",
"110",
"113",
"105",
"97",
"105",
"111",
"96",
"107",
"104",
"100",
"117",
"101",
"105",
"99",
"104",
"92",
"110",
"99",
"106",
"94",
"118",
"95",
"91",
"93",
"124",
"110",
"100",
"99",
"91",
"147",
"98",
"99",
"113",
"108",
"118",
"98",
"101",
"116",
"113",
"115",
"103",
"95",
"115",
"100",
"96",
"109",
"112",
"104",
"101",
"128",
"84",
"115",
"119",
"110",
"94",
"111",
"112",
"104",
"108",
"105",
"113",
"112",
"103",
"98",
"119",
"119",
"118",
"116",
"108",
"123",
"106",
"108",
"126",
"131",
"120",
"93",
"122",
"141",
"111",
"101",
"117",
"112",
"141",
"125",
"113",
"130",
"104",
"131",
"140",
"117",
"122",
"95",
"106",
"116",
"117",
"128",
"110",
"103",
"134",
"130",
"128",
"133",
"128",
"122",
"144",
"130",
"120",
"137",
"145",
"138",
"124",
"108",
"142",
"129",
"129",
"147",
"141",
"159",
"144",
"149",
"138",
"143",
"166",
"143",
"150",
"134",
"161",
"147",
"172",
"142",
"172",
"162",
"169",
"189",
"193",
"153",
"179",
"201",
"182",
"183",
"204",
"214",
"218",
"213",
"226",
"224",
"260",
"249",
"289",
"282",
"303",
"293",
"297",
"293",
"316",
"293",
"303",
"356",
"391",
"368",
"407",
"414",
"427",
"436",
"475",
"489",
"516",
"527",
"502",
"529",
"563",
"591",
"555",
"638",
"622",
"607",
"647",
"647",
"635",
"646",
"675",
"759",
"696",
"692",
"761",
"786",
"772",
"758",
"670",
"851",
"712",
"724",
"763",
"786",
"767",
"715",
"732",
"701",
"732",
"677",
"664",
"664",
"654",
"654",
"616",
"631",
"617",
"587",
"579",
"582",
"616",
"549",
"514",
"482",
"503",
"472",
"434",
"423",
"409",
"372",
"345",
"411",
"373",
"351",
"342",
"329",
"340",
"274",
"312",
"246",
"282",
"241",
"222",
"225",
"231",
"209",
"174",
"201",
"190",
"193",
"220",
"178",
"166",
"162",
"152",
"165",
"206",
"171",
"173",
"161",
"167",
"156",
"142",
"180",
"162",
"171",
"155",
"178",
"197",
"207",
"217",
"213",
"207",
"224",
"245",
"262",
"253",
"286",
"275",
"286",
"290",
"257",
"347",
"313",
"330",
"336",
"338",
"326",
"297",
"326",
"338",
"320",
"305",
"301",
"289",
"312",
"326",
"242",
"288",
"269",
"240",
"230",
"216",
"194",
"194",
"179",
"182",
"181",
"170",
"148",
"124",
"145",
"111",
"108",
"112",
"126",
"110",
"104",
"112",
"106",
"104",
"83",
"104",
"97",
"100",
"95",
"50396",
"Channel_info_start",
"Channel : Mg",
"Points : 0",
"Range : 0.000000 - 0.000000",
"Step : 0.010000",
"Channel_info_end",
"Channel_info_start",
"Channel : Al",
"Points : 0",
"Range : 0.000000 - 0.000000",
"Step : 0.010000",
"Channel_info_end",
"Channel_info_start",
"Channel : Si",
"Points : 0",
"Range : 0.000000 - 0.000000",
"Step : 0.010000",
"Channel_info_end",
"Channel_info_start",
"Channel : P ",
"Points : 0",
"Range : 0.000000 - 0.000000",
"Step : 0.010000",
"Channel_info_end",
"Channel_info_start",
"Channel : S ",
"Points : 0",
"Range : 0.000000 - 0.000000",
"Step : 0.010000",
"Channel_info_end",
"Channel_info_start",
"Channel : Cl",
"Points : 0",
"Range : 0.000000 - 0.000000",
"Step : 0.010000",
"Channel_info_end",
"Channel_info_start",
"Channel : K ",
"Points : 0",
"Range : 0.000000 - 0.000000",
"Step : 0.010000",
"Channel_info_end",
"Channel_info_start",
"Channel : Ca",
"Points : 0",
"Range : 0.000000 - 0.000000",
"Step : 0.010000",
"Channel_info_end",
"Channel_info_start",
"Channel : Ti",
"Points : 0",
"Range : 0.000000 - 0.000000",
"Step : 0.010000",
"Channel_info_end",
"Channel_info_start",
"Channel : V ",
"Points : 0",
"Range : 0.000000 - 0.000000",
"Step : 0.010000",
"Channel_info_end",
"Channel_info_start",
"Channel : Cr",
"Points : 0",
"Range : 0.000000 - 0.000000",
"Step : 0.010000",
"Channel_info_end",
"Channel_info_start",
"Channel : Mn",
"Points : 0",
"Range : 0.000000 - 0.000000",
"Step : 0.010000",
"Channel_info_end",
"Channel_info_start",
"Channel : Fe",
"Points : 0",
"Range : 0.000000 - 0.000000",
"Step : 0.010000",
"Channel_info_end",
"Channel_info_start",
"Channel : Cu",
"Points : 0",
"Range : 0.000000 - 0.000000",
"Step : 0.010000",
"Channel_info_end",
"Channel_info_start",
"Channel : Zn",
"Points : 0",
"Range : 0.000000 - 0.000000",
"Step : 0.010000",
"Channel_info_end",
"Channel_info_start",
"Channel : Sr",
"Points : 0",
"Range : 0.000000 - 0.000000",
"Step : 0.010000",
"Channel_info_end",
"Channel_info_start",
"Channel : Pb",
"Points : 0",
"Range : 0.000000 - 0.000000",
"Step : 0.010000",
"Channel_info_end",
"",
"Qualitative Result",
"--------------------------------------------------------------------------------",
"Element :  P , Cl, K , Ca, Zn, Rh",
"",
"Peak List",
"--------------------------------------------------------------------------------",
"Channel               Line        keV     Net Int.(cps/uA)",
"--------------------------------------------------------------------------------",
"Na                    ----         0.88     0.020",
"                      ----         1.58     0.030",
"                      P Ka         2.01     0.016",
"                      ClKa         2.63     1.366",
"                      ClKb         2.82     0.122",
"                      K Ka         3.32     2.902",
"                      K Kb         3.61     0.397",
"                      CaKa         3.69     0.243",
"                      CaKb         4.02     0.034",
"                      ZnKa         8.61     0.019",
"                      RhKaC       19.16     0.140",
"                      ----        19.40     0.095",
"                      RhKa        20.07     0.052",
"--------------------------------------------------------------------------------",
"",
"Quantitative Result",
"--------------------------------------------------------------------------------",
"Analyte               Result             Std.Dev. Proc.-Calc. Line Intensity(cps/uA)",
"--------------------------------------------------------------------------------",
"====[No. 1 Layer]====< Layer1               >===============================",
"Layer1                   0.000 ug/cm2    -------- Flux       -------- --------",
