"Sample    : Pb 31519",
"Operator  : Luís",
"Comment  : cubatao-g-policarbonato",
"Group     : kerr2007ag180cal_lt",
"Date       : 2010-06-11 04:07:37",
"",
"Mesurement Condition",
"------------------------------------------------------------------------------------",
"Instrument : 700HS2   Atmosphere : Vac.   Collimator : 10(mm)   Spin : No",
"------------------------------------------------------------------------------------",
"Analyte               TG kV   uA      FI Acq.(keV)  Anal.(keV)  Time(sec)     DT(%)",
"------------------------------------------------------------------------------------",
"Na                    Rh 50  168-Auto Al  0 - 20    0.8 - 1.2   Live -  180   15",
"",
"<Profile>",
"Channel_info_start",
"Channel : Na",
"Points : 2048",
"Range : 0.000000 - 20.480000",
"Step : 0.010000",
"Channel_info_end",
"0",
"0",
"0",
"0",
"0",
"0",
"0",
"0",
"0",
"0",
"0",
"0",
"0",
"0",
"0",
"0",
"0",
"0",
"0",
"0",
"0",
"0",
"0",
"0",
"0",
"0",
"0",
"0",
"0",
"0",
"13",
"34",
"25",
"33",
"29",
"34",
"32",
"36",
"25",
"36",
"25",
"29",
"18",
"32",
"26",
"35",
"27",
"35",
"27",
"37",
"32",
"51",
"41",
"55",
"51",
"49",
"59",
"86",
"70",
"112",
"107",
"122",
"105",
"107",
"100",
"110",
"73",
"96",
"107",
"68",
"84",
"75",
"70",
"66",
"45",
"58",
"43",
"50",
"42",
"47",
"29",
"32",
"17",
"28",
"27",
"38",
"27",
"35",
"33",
"37",
"39",
"30",
"43",
"33",
"34",
"33",
"34",
"33",
"37",
"24",
"28",
"22",
"25",
"28",
"30",
"37",
"39",
"28",
"33",
"39",
"17",
"22",
"26",
"36",
"26",
"27",
"18",
"27",
"22",
"25",
"24",
"29",
"33",
"29",
"25",
"29",
"22",
"39",
"24",
"45",
"33",
"35",
"34",
"32",
"23",
"34",
"24",
"28",
"28",
"32",
"24",
"30",
"25",
"30",
"34",
"29",
"26",
"28",
"25",
"34",
"28",
"40",
"35",
"28",
"57",
"26",
"38",
"50",
"34",
"41",
"32",
"40",
"30",
"40",
"42",
"40",
"40",
"46",
"58",
"40",
"46",
"64",
"65",
"78",
"71",
"112",
"120",
"165",
"210",
"232",
"290",
"314",
"312",
"317",
"311",
"336",
"281",
"265",
"284",
"215",
"197",
"166",
"152",
"158",
"155",
"136",
"135",
"152",
"135",
"157",
"152",
"140",
"133",
"166",
"152",
"171",
"145",
"179",
"180",
"182",
"179",
"233",
"220",
"257",
"237",
"237",
"277",
"303",
"295",
"326",
"309",
"358",
"347",
"470",
"497",
"571",
"844",
"1066",
"1350",
"1723",
"2213",
"2893",
"3164",
"3728",
"3820",
"4186",
"4344",
"4532",
"4273",
"4503",
"4053",
"4130",
"3893",
"3924",
"3522",
"3565",
"3173",
"2936",
"2529",
"2205",
"1859",
"1512",
"1241",
"1035",
"795",
"656",
"474",
"440",
"340",
"362",
"326",
"387",
"334",
"444",
"446",
"431",
"453",
"456",
"416",
"412",
"319",
"313",
"279",
"226",
"171",
"160",
"147",
"96",
"84",
"98",
"80",
"94",
"87",
"67",
"74",
"72",
"76",
"67",
"62",
"73",
"62",
"64",
"60",
"67",
"53",
"75",
"68",
"73",
"64",
"89",
"79",
"105",
"85",
"104",
"104",
"146",
"112",
"173",
"164",
"188",
"182",
"224",
"177",
"202",
"172",
"163",
"158",
"154",
"115",
"109",
"83",
"95",
"65",
"76",
"38",
"51",
"51",
"35",
"33",
"20",
"23",
"25",
"22",
"20",
"17",
"28",
"34",
"33",
"21",
"26",
"24",
"18",
"24",
"23",
"16",
"32",
"28",
"48",
"34",
"39",
"36",
"27",
"50",
"38",
"48",
"59",
"59",
"61",
"78",
"124",
"132",
"166",
"186",
"221",
"263",
"322",
"337",
"389",
"372",
"399",
"331",
"341",
"357",
"315",
"261",
"207",
"182",
"152",
"115",
"101",
"102",
"72",
"57",
"52",
"58",
"41",
"38",
"39",
"39",
"37",
"40",
"37",
"33",
"48",
"41",
"57",
"54",
"68",
"57",
"67",
"49",
"59",
"83",
"63",
"64",
"61",
"58",
"46",
"38",
"42",
"35",
"33",
"35",
"29",
"30",
"28",
"25",
"26",
"24",
"23",
"35",
"23",
"22",
"24",
"29",
"32",
"23",
"25",
"23",
"25",
"36",
"27",
"24",
"30",
"30",
"34",
"35",
"37",
"28",
"35",
"40",
"25",
"46",
"28",
"25",
"40",
"38",
"35",
"40",
"40",
"41",
"55",
"38",
"40",
"50",
"55",
"50",
"47",
"52",
"46",
"47",
"64",
"42",
"60",
"51",
"47",
"45",
"51",
"32",
"49",
"42",
"52",
"47",
"48",
"50",
"41",
"45",
"33",
"39",
"38",
"48",
"30",
"34",
"38",
"52",
"40",
"37",
"39",
"40",
"54",
"45",
"51",
"49",
"39",
"43",
"60",
"53",
"45",
"43",
"42",
"59",
"50",
"43",
"48",
"48",
"58",
"28",
"49",
"41",
"40",
"53",
"58",
"41",
"41",
"42",
"49",
"43",
"62",
"32",
"40",
"57",
"52",
"47",
"43",
"52",
"54",
"40",
"50",
"43",
"55",
"49",
"51",
"47",
"54",
"62",
"51",
"39",
"55",
"49",
"53",
"41",
"61",
"57",
"60",
"49",
"50",
"35",
"53",
"51",
"55",
"47",
"58",
"57",
"49",
"55",
"57",
"51",
"55",
"43",
"59",
"65",
"43",
"58",
"43",
"46",
"63",
"54",
"47",
"40",
"63",
"57",
"48",
"51",
"66",
"49",
"62",
"57",
"55",
"65",
"66",
"65",
"57",
"62",
"60",
"57",
"68",
"41",
"68",
"53",
"65",
"63",
"68",
"68",
"73",
"77",
"68",
"67",
"73",
"63",
"66",
"73",
"72",
"72",
"70",
"75",
"77",
"66",
"82",
"63",
"54",
"62",
"80",
"74",
"75",
"70",
"82",
"75",
"85",
"86",
"86",
"79",
"96",
"57",
"100",
"87",
"84",
"75",
"105",
"74",
"88",
"99",
"100",
"98",
"98",
"91",
"100",
"101",
"108",
"82",
"89",
"105",
"101",
"90",
"98",
"99",
"87",
"94",
"96",
"95",
"92",
"83",
"90",
"84",
"95",
"83",
"95",
"86",
"79",
"92",
"82",
"104",
"111",
"66",
"77",
"84",
"103",
"87",
"91",
"99",
"98",
"82",
"99",
"88",
"101",
"89",
"113",
"87",
"108",
"105",
"95",
"99",
"80",
"88",
"75",
"107",
"95",
"92",
"103",
"110",
"113",
"95",
"95",
"110",
"111",
"99",
"94",
"85",
"94",
"88",
"94",
"102",
"110",
"108",
"103",
"94",
"79",
"102",
"96",
"110",
"91",
"89",
"110",
"94",
"91",
"78",
"94",
"88",
"94",
"99",
"90",
"92",
"80",
"98",
"99",
"85",
"94",
"103",
"98",
"104",
"74",
"82",
"90",
"120",
"108",
"96",
"96",
"111",
"104",
"110",
"89",
"86",
"108",
"102",
"99",
"111",
"114",
"101",
"89",
"97",
"119",
"104",
"92",
"90",
"89",
"110",
"98",
"85",
"101",
"100",
"92",
"94",
"103",
"115",
"96",
"98",
"110",
"105",
"100",
"95",
"108",
"91",
"84",
"108",
"98",
"100",
"94",
"100",
"83",
"91",
"109",
"79",
"123",
"110",
"113",
"88",
"96",
"111",
"125",
"121",
"94",
"100",
"114",
"117",
"125",
"114",
"136",
"112",
"136",
"134",
"124",
"134",
"149",
"117",
"167",
"124",
"136",
"132",
"121",
"129",
"120",
"144",
"113",
"100",
"120",
"110",
"134",
"95",
"127",
"95",
"103",
"117",
"102",
"104",
"102",
"100",
"110",
"109",
"112",
"112",
"110",
"95",
"107",
"107",
"98",
"91",
"115",
"102",
"94",
"95",
"110",
"122",
"90",
"105",
"88",
"105",
"111",
"113",
"101",
"95",
"115",
"83",
"86",
"113",
"136",
"137",
"132",
"122",
"132",
"104",
"126",
"115",
"132",
"137",
"136",
"117",
"141",
"141",
"119",
"114",
"129",
"130",
"132",
"130",
"127",
"136",
"110",
"112",
"120",
"116",
"133",
"127",
"108",
"117",
"110",
"134",
"91",
"111",
"104",
"109",
"113",
"100",
"142",
"115",
"145",
"110",
"150",
"136",
"121",
"137",
"177",
"153",
"228",
"195",
"230",
"263",
"307",
"309",
"381",
"386",
"477",
"522",
"564",
"615",
"660",
"673",
"701",
"738",
"694",
"751",
"707",
"688",
"708",
"615",
"651",
"580",
"543",
"502",
"415",
"399",
"374",
"317",
"257",
"245",
"232",
"185",
"185",
"166",
"154",
"163",
"124",
"127",
"141",
"109",
"116",
"121",
"109",
"122",
"109",
"105",
"125",
"101",
"102",
"125",
"116",
"140",
"120",
"135",
"124",
"101",
"102",
"100",
"98",
"114",
"119",
"101",
"112",
"107",
"102",
"115",
"103",
"114",
"99",
"101",
"102",
"98",
"121",
"98",
"104",
"97",
"120",
"101",
"100",
"110",
"99",
"104",
"123",
"109",
"124",
"127",
"92",
"128",
"98",
"114",
"129",
"117",
"97",
"109",
"148",
"91",
"128",
"127",
"121",
"110",
"126",
"120",
"127",
"123",
"116",
"128",
"115",
"138",
"117",
"130",
"136",
"116",
"130",
"127",
"145",
"132",
"153",
"155",
"169",
"182",
"200",
"226",
"265",
"311",
"373",
"426",
"503",
"649",
"799",
"907",
"1172",
"1285",
"1707",
"1939",
"2423",
"2649",
"3486",
"3648",
"4471",
"4839",
"5780",
"6178",
"7232",
"7544",
"8445",
"9126",
"9863",
"9834",
"10462",
"10776",
"11184",
"10575",
"10983",
"10462",
"10453",
"9505",
"9074",
"8327",
"7938",
"6581",
"6245",
"5529",
"4936",
"4029",
"3521",
"2945",
"2443",
"1898",
"1706",
"1294",
"1131",
"812",
"683",
"562",
"459",
"361",
"311",
"281",
"210",
"182",
"175",
"155",
"141",
"136",
"153",
"133",
"107",
"119",
"119",
"112",
"130",
"116",
"99",
"123",
"112",
"113",
"117",
"120",
"96",
"104",
"103",
"119",
"124",
"114",
"117",
"101",
"95",
"96",
"103",
"115",
"144",
"110",
"104",
"136",
"116",
"147",
"144",
"137",
"167",
"166",
"199",
"184",
"209",
"176",
"212",
"235",
"260",
"212",
"267",
"230",
"251",
"221",
"252",
"212",
"209",
"219",
"221",
"217",
"214",
"191",
"166",
"176",
"176",
"165",
"141",
"129",
"119",
"138",
"123",
"96",
"125",
"95",
"111",
"97",
"105",
"99",
"92",
"96",
"73",
"108",
"97",
"89",
"97",
"76",
"122",
"83",
"95",
"94",
"86",
"98",
"91",
"94",
"86",
"90",
"82",
"90",
"108",
"104",
"75",
"88",
"99",
"75",
"111",
"103",
"101",
"89",
"103",
"89",
"102",
"119",
"115",
"116",
"122",
"147",
"136",
"126",
"142",
"155",
"184",
"191",
"202",
"204",
"210",
"245",
"249",
"269",
"294",
"267",
"325",
"322",
"350",
"339",
"351",
"413",
"409",
"422",
"416",
"451",
"504",
"468",
"572",
"509",
"544",
"527",
"578",
"575",
"643",
"527",
"575",
"575",
"643",
"616",
"671",
"693",
"740",
"762",
"909",
"1071",
"1228",
"1318",
"1690",
"1930",
"2218",
"2526",
"2831",
"3351",
"3865",
"3982",
"4564",
"4987",
"5623",
"5752",
"6376",
"6451",
"7148",
"6877",
"7335",
"7418",
"7502",
"6878",
"7255",
"6746",
"6626",
"5897",
"5905",
"5331",
"5108",
"4472",
"4101",
"3792",
"3334",
"2839",
"2616",
"2408",
"2148",
"1655",
"1619",
"1479",
"1260",
"1071",
"910",
"850",
"765",
"702",
"651",
"574",
"593",
"489",
"502",
"437",
"436",
"437",
"468",
"394",
"420",
"403",
"398",
"410",
"400",
"360",
"386",
"387",
"321",
"347",
"340",
"288",
"301",
"247",
"288",
"260",
"228",
"202",
"186",
"191",
"169",
"184",
"146",
"149",
"117",
"120",
"125",
"112",
"115",
"110",
"89",
"114",
"98",
"102",
"125",
"85",
"84",
"87",
"119",
"109",
"107",
"82",
"85",
"90",
"94",
"85",
"84",
"87",
"86",
"78",
"91",
"87",
"95",
"88",
"77",
"68",
"79",
"75",
"57",
"66",
"77",
"68",
"71",
"61",
"67",
"61",
"70",
"70",
"71",
"59",
"53",
"55",
"75",
"80",
"67",
"66",
"66",
"54",
"63",
"76",
"87",
"75",
"67",
"50",
"75",
"82",
"64",
"73",
"62",
"51",
"66",
"64",
"62",
"66",
"66",
"72",
"63",
"67",
"82",
"58",
"73",
"58",
"53",
"62",
"58",
"58",
"46",
"70",
"71",
"64",
"73",
"61",
"72",
"90",
"64",
"67",
"92",
"79",
"75",
"76",
"91",
"98",
"86",
"82",
"89",
"98",
"101",
"110",
"100",
"91",
"114",
"128",
"90",
"99",
"120",
"113",
"100",
"104",
"101",
"108",
"94",
"99",
"90",
"86",
"101",
"94",
"104",
"91",
"103",
"108",
"105",
"122",
"129",
"134",
"160",
"172",
"183",
"212",
"226",
"279",
"286",
"340",
"385",
"462",
"493",
"540",
"600",
"645",
"713",
"747",
"831",
"909",
"951",
"969",
"974",
"1095",
"1102",
"988",
"1068",
"1070",
"1057",
"965",
"958",
"888",
"893",
"832",
"755",
"691",
"731",
"614",
"548",
"487",
"478",
"404",
"358",
"332",
"363",
"306",
"291",
"278",
"239",
"247",
"270",
"235",
"227",
"271",
"276",
"301",
"288",
"287",
"298",
"348",
"375",
"320",
"363",
"379",
"381",
"376",
"349",
"375",
"363",
"364",
"329",
"371",
"338",
"311",
"303",
"294",
"272",
"234",
"220",
"217",
"186",
"203",
"182",
"142",
"142",
"146",
"119",
"139",
"120",
"101",
"95",
"85",
"86",
"90",
"70",
"74",
"80",
"64",
"64",
"63",
"51",
"65",
"55",
"43",
"53",
"55",
"68",
"58",
"73",
"60",
"73",
"71",
"73",
"59",
"64",
"82",
"87",
"64",
"79",
"83",
"72",
"79",
"79",
"91",
"121",
"83",
"92",
"100",
"112",
"91",
"91",
"102",
"86",
"71",
"82",
"62",
"80",
"71",
"65",
"70",
"67",
"68",
"50",
"73",
"59",
"68",
"54",
"65",
"49",
"71",
"46",
"48",
"54",
"39",
"48",
"57",
"76",
"38",
"39",
"57",
"52",
"52",
"59",
"53",
"47",
"51",
"48",
"43",
"39",
"37",
"48",
"51",
"52",
"54",
"46",
"55",
"38",
"46",
"51",
"50",
"47",
"36",
"41",
"43",
"46",
"55",
"43",
"55",
"47",
"66",
"47",
"48",
"55",
"51",
"60",
"53",
"42",
"38",
"46",
"52",
"53",
"38",
"45",
"47",
"48",
"51",
"39",
"45",
"43",
"41",
"50",
"43",
"41",
"54",
"63",
"58",
"53",
"51",
"54",
"58",
"50",
"45",
"50",
"45",
"47",
"41",
"52",
"38",
"52",
"48",
"30",
"54",
"50",
"43",
"49",
"42",
"63",
"43",
"38",
"38",
"42",
"49",
"43",
"63",
"38",
"34",
"57",
"42",
"49",
"51",
"61",
"54",
"48",
"46",
"52",
"59",
"41",
"40",
"49",
"39",
"53",
"48",
"43",
"37",
"49",
"32",
"61",
"54",
"30",
"37",
"28",
"52",
"36",
"37",
"48",
"52",
"52",
"36",
"47",
"43",
"52",
"47",
"47",
"41",
"54",
"43",
"45",
"35",
"38",
"37",
"36",
"42",
"45",
"36",
"47",
"53",
"39",
"37",
"50",
"27",
"57",
"49",
"47",
"59",
"45",
"42",
"42",
"47",
"48",
"49",
"43",
"64",
"52",
"48",
"46",
"50",
"46",
"41",
"52",
"43",
"58",
"35",
"40",
"41",
"59",
"36",
"39",
"43",
"34",
"49",
"54",
"61",
"42",
"40",
"46",
"50",
"37",
"54",
"53",
"42",
"59",
"46",
"51",
"49",
"37",
"45",
"43",
"32",
"50",
"39",
"50",
"45",
"43",
"49",
"43",
"42",
"51",
"49",
"48",
"59",
"46",
"29",
"52",
"45",
"46",
"54",
"43",
"61",
"52",
"49",
"62",
"48",
"51",
"48",
"48",
"46",
"61",
"51",
"65",
"53",
"52",
"43",
"43",
"58",
"48",
"53",
"54",
"62",
"52",
"53",
"55",
"66",
"58",
"47",
"51",
"64",
"49",
"48",
"67",
"62",
"50",
"58",
"54",
"43",
"77",
"68",
"74",
"50",
"61",
"65",
"61",
"63",
"63",
"67",
"86",
"77",
"67",
"70",
"68",
"75",
"73",
"87",
"78",
"86",
"78",
"85",
"98",
"82",
"91",
"105",
"89",
"100",
"121",
"110",
"135",
"104",
"122",
"126",
"149",
"152",
"151",
"150",
"166",
"155",
"167",
"167",
"175",
"186",
"195",
"197",
"216",
"197",
"200",
"202",
"226",
"233",
"212",
"239",
"230",
"258",
"222",
"266",
"264",
"247",
"278",
"246",
"223",
"297",
"263",
"260",
"271",
"310",
"239",
"239",
"258",
"266",
"257",
"213",
"228",
"238",
"224",
"227",
"201",
"222",
"221",
"210",
"194",
"211",
"184",
"210",
"189",
"167",
"163",
"162",
"153",
"160",
"172",
"150",
"128",
"141",
"151",
"146",
"121",
"124",
"114",
"124",
"101",
"130",
"108",
"112",
"123",
"91",
"98",
"91",
"77",
"91",
"91",
"88",
"74",
"83",
"58",
"65",
"88",
"63",
"57",
"78",
"64",
"70",
"82",
"62",
"65",
"78",
"103",
"80",
"95",
"104",
"91",
"104",
"105",
"121",
"121",
"153",
"154",
"140",
"173",
"176",
"198",
"201",
"171",
"205",
"236",
"256",
"245",
"222",
"247",
"237",
"245",
"263",
"217",
"276",
"281",
"235",
"219",
"237",
"229",
"217",
"217",
"233",
"195",
"174",
"179",
"141",
"174",
"149",
"144",
"128",
"124",
"115",
"99",
"102",
"95",
"72",
"64",
"77",
"72",
"45",
"54",
"58",
"54",
"36",
"28",
"47",
"38",
"46",
"50",
"49",
"49",
"48",
"21770",
"Channel_info_start",
"Channel : Mg",
"Points : 0",
"Range : 0.000000 - 0.000000",
"Step : 0.010000",
"Channel_info_end",
"Channel_info_start",
"Channel : Al",
"Points : 0",
"Range : 0.000000 - 0.000000",
"Step : 0.010000",
"Channel_info_end",
"Channel_info_start",
"Channel : Si",
"Points : 0",
"Range : 0.000000 - 0.000000",
"Step : 0.010000",
"Channel_info_end",
"Channel_info_start",
"Channel : P ",
"Points : 0",
"Range : 0.000000 - 0.000000",
"Step : 0.010000",
"Channel_info_end",
"Channel_info_start",
"Channel : S ",
"Points : 0",
"Range : 0.000000 - 0.000000",
"Step : 0.010000",
"Channel_info_end",
"Channel_info_start",
"Channel : Cl",
"Points : 0",
"Range : 0.000000 - 0.000000",
"Step : 0.010000",
"Channel_info_end",
"Channel_info_start",
"Channel : K ",
"Points : 0",
"Range : 0.000000 - 0.000000",
"Step : 0.010000",
"Channel_info_end",
"Channel_info_start",
"Channel : Ca",
"Points : 0",
"Range : 0.000000 - 0.000000",
"Step : 0.010000",
"Channel_info_end",
"Channel_info_start",
"Channel : Ti",
"Points : 0",
"Range : 0.000000 - 0.000000",
"Step : 0.010000",
"Channel_info_end",
"Channel_info_start",
"Channel : V ",
"Points : 0",
"Range : 0.000000 - 0.000000",
"Step : 0.010000",
"Channel_info_end",
"Channel_info_start",
"Channel : Cr",
"Points : 0",
"Range : 0.000000 - 0.000000",
"Step : 0.010000",
"Channel_info_end",
"Channel_info_start",
"Channel : Mn",
"Points : 0",
"Range : 0.000000 - 0.000000",
"Step : 0.010000",
"Channel_info_end",
"Channel_info_start",
"Channel : Fe",
"Points : 0",
"Range : 0.000000 - 0.000000",
"Step : 0.010000",
"Channel_info_end",
"Channel_info_start",
"Channel : Cu",
"Points : 0",
"Range : 0.000000 - 0.000000",
"Step : 0.010000",
"Channel_info_end",
"Channel_info_start",
"Channel : Zn",
"Points : 0",
"Range : 0.000000 - 0.000000",
"Step : 0.010000",
"Channel_info_end",
"Channel_info_start",
"Channel : Sr",
"Points : 0",
"Range : 0.000000 - 0.000000",
"Step : 0.010000",
"Channel_info_end",
"Channel_info_start",
"Channel : Pb",
"Points : 0",
"Range : 0.000000 - 0.000000",
"Step : 0.010000",
"Channel_info_end",
"",
"Qualitative Result",
"--------------------------------------------------------------------------------",
"Element :  Pb, S , Cl, Ca, Ir, Ru",
"",
"Peak List",
"--------------------------------------------------------------------------------",
"Channel               Line        keV     Net Int.(cps/uA)",
"--------------------------------------------------------------------------------",
"Na                    ----         0.60     0.028",
"                      ----         1.83     0.091",
"                      PbMa         2.36     1.197",
"                      S Ka         2.36     0.554",
"                      ClKa         2.66     0.146",
"                      ----         3.12     0.069",
"                      CaKa         3.68     0.168",
"                      CaKb         4.02     0.022",
"                      PbLL         9.17     0.266",
"                      IrLa         9.17     0.099",
"                      PbLa        10.54     6.649",
"                      IrLb1       10.71     0.054",
"                      PbLn        11.32     0.096",
"                      PbLb4       12.24     0.165",
"                      PbLb1       12.60     4.670",
"                      IrLg3       13.03     0.093",
"                      PbLg1       14.72     0.661",
"                      PbLg2       15.13     0.192",
"                      RuKa        19.19     0.147",
"                      ----        20.00     0.147",
"--------------------------------------------------------------------------------",
"",
"Quantitative Result",
"--------------------------------------------------------------------------------",
"Analyte               Result             Std.Dev. Proc.-Calc. Line Intensity(cps/uA)",
"--------------------------------------------------------------------------------",
"====[No. 1 Layer]====< Layer1               >===============================",
"Layer1                   0.000 ug/cm2    -------- Flux       -------- --------",
