"Sample    : Sb 31509",
"Operator  : luisf",
"Comment  : cubatao-g-policarbonato",
"Group     : kerr2007ag180cal_lt",
"Date       : 2010-05-26 00:24:35",
"",
"Mesurement Condition",
"------------------------------------------------------------------------------------",
"Instrument : 700HS2   Atmosphere : Vac.   Collimator : 10(mm)   Spin : No",
"------------------------------------------------------------------------------------",
"Analyte               TG kV   uA      FI Acq.(keV)  Anal.(keV)  Time(sec)     DT(%)",
"------------------------------------------------------------------------------------",
"Na                    Rh 50  360-Auto Al  0 - 20    0.8 - 1.2   Live -  179   15",
"",
"<Profile>",
"Channel_info_start",
"Channel : Na",
"Points : 2048",
"Range : 0.000000 - 20.480000",
"Step : 0.010000",
"Channel_info_end",
"0",
"0",
"0",
"0",
"0",
"0",
"0",
"0",
"0",
"0",
"0",
"0",
"0",
"0",
"0",
"0",
"0",
"0",
"0",
"0",
"0",
"0",
"0",
"0",
"0",
"0",
"0",
"1",
"2",
"4",
"17",
"51",
"36",
"46",
"34",
"34",
"59",
"48",
"42",
"47",
"50",
"53",
"35",
"41",
"34",
"32",
"56",
"39",
"40",
"42",
"38",
"45",
"33",
"51",
"35",
"42",
"45",
"47",
"50",
"42",
"37",
"37",
"42",
"47",
"46",
"45",
"33",
"33",
"44",
"35",
"40",
"30",
"35",
"47",
"34",
"50",
"54",
"41",
"29",
"46",
"40",
"40",
"29",
"41",
"37",
"45",
"37",
"39",
"51",
"38",
"38",
"45",
"49",
"39",
"35",
"47",
"42",
"52",
"33",
"41",
"40",
"45",
"35",
"42",
"37",
"51",
"46",
"41",
"49",
"33",
"35",
"46",
"47",
"47",
"50",
"46",
"41",
"45",
"56",
"48",
"53",
"48",
"45",
"39",
"44",
"56",
"38",
"46",
"59",
"46",
"48",
"46",
"60",
"41",
"53",
"48",
"44",
"57",
"46",
"44",
"51",
"48",
"46",
"77",
"65",
"60",
"59",
"58",
"71",
"47",
"60",
"52",
"71",
"59",
"57",
"51",
"42",
"66",
"69",
"56",
"59",
"49",
"52",
"64",
"53",
"58",
"47",
"75",
"50",
"56",
"59",
"74",
"73",
"74",
"63",
"77",
"82",
"105",
"84",
"105",
"142",
"150",
"176",
"200",
"186",
"207",
"221",
"220",
"192",
"224",
"168",
"170",
"123",
"134",
"159",
"132",
"127",
"145",
"173",
"162",
"169",
"199",
"158",
"168",
"164",
"170",
"160",
"170",
"156",
"205",
"164",
"179",
"143",
"169",
"136",
"146",
"123",
"115",
"107",
"110",
"110",
"82",
"79",
"108",
"97",
"66",
"53",
"65",
"69",
"71",
"62",
"61",
"81",
"68",
"69",
"98",
"75",
"70",
"57",
"68",
"70",
"71",
"45",
"54",
"57",
"56",
"63",
"48",
"61",
"52",
"54",
"52",
"45",
"52",
"42",
"71",
"37",
"52",
"74",
"64",
"42",
"77",
"66",
"63",
"68",
"83",
"52",
"63",
"66",
"78",
"71",
"76",
"53",
"82",
"63",
"57",
"78",
"59",
"84",
"65",
"61",
"61",
"63",
"85",
"81",
"89",
"79",
"94",
"81",
"94",
"70",
"106",
"94",
"78",
"95",
"84",
"74",
"89",
"95",
"97",
"85",
"107",
"86",
"115",
"98",
"134",
"126",
"144",
"170",
"203",
"229",
"315",
"310",
"406",
"413",
"552",
"544",
"613",
"618",
"710",
"639",
"707",
"598",
"541",
"478",
"434",
"400",
"353",
"301",
"303",
"261",
"233",
"223",
"241",
"281",
"297",
"290",
"279",
"351",
"363",
"373",
"400",
"485",
"548",
"588",
"739",
"733",
"1031",
"1259",
"1753",
"2284",
"3137",
"4253",
"5398",
"6358",
"8115",
"9567",
"11354",
"11883",
"13454",
"13515",
"14375",
"13290",
"13104",
"11907",
"11123",
"9290",
"8481",
"6740",
"6016",
"4687",
"4055",
"3412",
"3099",
"2786",
"3019",
"3202",
"3695",
"4220",
"4982",
"5927",
"6715",
"7131",
"8419",
"8534",
"8963",
"8364",
"8811",
"8223",
"8018",
"7011",
"6947",
"5936",
"5461",
"4560",
"4133",
"3477",
"3269",
"2616",
"2444",
"2028",
"1946",
"1734",
"1639",
"1596",
"1653",
"1779",
"1853",
"1969",
"1953",
"1928",
"1897",
"1711",
"1742",
"1512",
"1467",
"1224",
"1145",
"867",
"825",
"630",
"548",
"434",
"419",
"416",
"439",
"440",
"505",
"572",
"646",
"745",
"810",
"905",
"923",
"930",
"1063",
"932",
"952",
"794",
"777",
"768",
"612",
"482",
"446",
"406",
"375",
"307",
"307",
"342",
"310",
"280",
"371",
"387",
"508",
"506",
"625",
"646",
"697",
"713",
"696",
"662",
"732",
"678",
"594",
"550",
"519",
"438",
"395",
"281",
"293",
"209",
"197",
"168",
"147",
"114",
"121",
"102",
"88",
"75",
"71",
"83",
"69",
"69",
"61",
"64",
"81",
"46",
"45",
"52",
"47",
"65",
"61",
"65",
"69",
"54",
"62",
"62",
"70",
"49",
"52",
"66",
"69",
"66",
"63",
"79",
"54",
"77",
"88",
"94",
"83",
"84",
"91",
"101",
"95",
"94",
"107",
"75",
"100",
"106",
"108",
"72",
"111",
"65",
"85",
"90",
"111",
"111",
"98",
"91",
"84",
"97",
"88",
"140",
"99",
"87",
"105",
"88",
"105",
"99",
"95",
"68",
"99",
"89",
"105",
"81",
"72",
"82",
"83",
"84",
"79",
"64",
"91",
"71",
"76",
"88",
"69",
"66",
"88",
"64",
"81",
"56",
"65",
"64",
"52",
"74",
"66",
"74",
"71",
"69",
"64",
"88",
"72",
"64",
"79",
"70",
"94",
"90",
"97",
"70",
"89",
"99",
"109",
"100",
"111",
"95",
"135",
"98",
"126",
"103",
"134",
"110",
"135",
"112",
"130",
"137",
"115",
"125",
"128",
"154",
"132",
"161",
"147",
"137",
"164",
"135",
"170",
"146",
"157",
"122",
"122",
"146",
"140",
"156",
"145",
"147",
"135",
"152",
"149",
"158",
"162",
"150",
"144",
"145",
"156",
"156",
"163",
"142",
"145",
"164",
"158",
"148",
"146",
"161",
"126",
"128",
"155",
"142",
"145",
"143",
"171",
"138",
"163",
"120",
"114",
"135",
"130",
"147",
"143",
"115",
"119",
"110",
"130",
"133",
"130",
"103",
"117",
"113",
"105",
"118",
"127",
"123",
"110",
"123",
"115",
"100",
"132",
"112",
"128",
"118",
"155",
"120",
"138",
"161",
"115",
"123",
"114",
"121",
"164",
"130",
"131",
"142",
"128",
"109",
"149",
"155",
"155",
"142",
"139",
"135",
"173",
"156",
"143",
"154",
"149",
"144",
"149",
"161",
"170",
"149",
"161",
"185",
"158",
"170",
"169",
"183",
"185",
"174",
"163",
"177",
"160",
"184",
"182",
"175",
"221",
"171",
"180",
"182",
"164",
"169",
"205",
"176",
"169",
"191",
"174",
"191",
"195",
"167",
"185",
"187",
"175",
"195",
"192",
"162",
"158",
"181",
"175",
"172",
"198",
"155",
"199",
"173",
"188",
"176",
"185",
"161",
"169",
"155",
"179",
"177",
"191",
"184",
"169",
"159",
"150",
"172",
"165",
"168",
"162",
"152",
"174",
"189",
"162",
"168",
"182",
"187",
"180",
"162",
"159",
"175",
"165",
"156",
"151",
"160",
"182",
"168",
"180",
"181",
"167",
"183",
"187",
"177",
"223",
"192",
"181",
"175",
"217",
"159",
"185",
"192",
"187",
"180",
"179",
"185",
"194",
"193",
"207",
"179",
"221",
"211",
"205",
"210",
"213",
"212",
"230",
"228",
"241",
"194",
"207",
"179",
"196",
"173",
"188",
"155",
"189",
"157",
"187",
"156",
"148",
"168",
"145",
"145",
"145",
"146",
"147",
"169",
"138",
"140",
"162",
"146",
"150",
"124",
"179",
"163",
"182",
"139",
"161",
"161",
"147",
"147",
"151",
"154",
"193",
"156",
"172",
"158",
"177",
"170",
"212",
"167",
"171",
"150",
"173",
"187",
"237",
"189",
"181",
"226",
"246",
"210",
"231",
"226",
"243",
"222",
"229",
"238",
"231",
"229",
"243",
"212",
"199",
"180",
"208",
"203",
"192",
"182",
"183",
"204",
"218",
"167",
"175",
"183",
"182",
"167",
"184",
"168",
"181",
"183",
"208",
"192",
"184",
"170",
"180",
"149",
"179",
"208",
"173",
"212",
"181",
"203",
"181",
"195",
"198",
"195",
"209",
"181",
"165",
"181",
"184",
"188",
"171",
"179",
"188",
"165",
"172",
"179",
"169",
"184",
"210",
"195",
"168",
"181",
"170",
"173",
"177",
"177",
"174",
"143",
"188",
"196",
"183",
"185",
"185",
"191",
"162",
"146",
"177",
"180",
"186",
"189",
"176",
"183",
"180",
"154",
"170",
"149",
"182",
"156",
"172",
"165",
"186",
"165",
"147",
"149",
"157",
"160",
"157",
"154",
"168",
"151",
"146",
"155",
"177",
"149",
"163",
"155",
"167",
"115",
"150",
"132",
"128",
"130",
"123",
"125",
"131",
"136",
"121",
"145",
"139",
"144",
"145",
"134",
"150",
"132",
"119",
"147",
"158",
"130",
"123",
"147",
"142",
"146",
"152",
"133",
"148",
"144",
"169",
"136",
"131",
"143",
"128",
"135",
"150",
"144",
"148",
"165",
"148",
"126",
"152",
"144",
"134",
"121",
"138",
"133",
"163",
"154",
"148",
"134",
"143",
"135",
"144",
"142",
"122",
"148",
"133",
"151",
"144",
"136",
"133",
"151",
"159",
"145",
"149",
"140",
"149",
"161",
"133",
"139",
"169",
"157",
"147",
"149",
"170",
"177",
"151",
"143",
"170",
"147",
"168",
"173",
"164",
"148",
"171",
"163",
"162",
"168",
"174",
"183",
"175",
"147",
"165",
"156",
"152",
"159",
"191",
"180",
"171",
"170",
"156",
"189",
"184",
"170",
"155",
"179",
"181",
"155",
"164",
"170",
"157",
"169",
"156",
"175",
"164",
"162",
"149",
"145",
"175",
"161",
"161",
"171",
"134",
"161",
"165",
"155",
"146",
"148",
"150",
"162",
"161",
"165",
"154",
"175",
"138",
"159",
"152",
"154",
"158",
"146",
"155",
"142",
"150",
"136",
"138",
"170",
"148",
"137",
"160",
"121",
"123",
"151",
"158",
"162",
"146",
"144",
"145",
"173",
"128",
"151",
"149",
"151",
"149",
"147",
"158",
"149",
"137",
"138",
"155",
"121",
"134",
"135",
"133",
"157",
"144",
"131",
"133",
"149",
"139",
"120",
"139",
"155",
"142",
"118",
"161",
"132",
"142",
"144",
"158",
"125",
"135",
"118",
"143",
"122",
"147",
"148",
"151",
"149",
"151",
"119",
"135",
"126",
"144",
"139",
"139",
"157",
"124",
"126",
"125",
"152",
"160",
"117",
"155",
"156",
"159",
"118",
"140",
"147",
"125",
"122",
"157",
"139",
"144",
"143",
"140",
"126",
"142",
"143",
"156",
"167",
"140",
"145",
"160",
"127",
"163",
"130",
"124",
"123",
"133",
"133",
"139",
"138",
"148",
"128",
"132",
"134",
"140",
"148",
"158",
"164",
"138",
"121",
"131",
"158",
"157",
"144",
"136",
"131",
"134",
"121",
"159",
"113",
"123",
"157",
"154",
"149",
"117",
"121",
"132",
"121",
"146",
"134",
"137",
"119",
"152",
"139",
"130",
"124",
"125",
"117",
"127",
"109",
"132",
"115",
"122",
"133",
"146",
"142",
"115",
"124",
"127",
"114",
"117",
"118",
"123",
"134",
"123",
"122",
"127",
"115",
"138",
"121",
"115",
"126",
"139",
"130",
"118",
"117",
"123",
"137",
"138",
"127",
"118",
"155",
"122",
"118",
"128",
"131",
"115",
"123",
"148",
"144",
"97",
"114",
"128",
"111",
"111",
"151",
"135",
"107",
"125",
"107",
"136",
"138",
"136",
"109",
"124",
"106",
"106",
"142",
"120",
"134",
"148",
"122",
"115",
"110",
"131",
"139",
"122",
"133",
"136",
"121",
"103",
"113",
"134",
"100",
"124",
"126",
"95",
"117",
"131",
"120",
"133",
"117",
"137",
"109",
"124",
"121",
"110",
"135",
"123",
"132",
"122",
"133",
"119",
"119",
"115",
"123",
"127",
"117",
"107",
"115",
"115",
"112",
"113",
"125",
"128",
"108",
"110",
"108",
"119",
"110",
"123",
"121",
"111",
"112",
"106",
"105",
"119",
"132",
"124",
"128",
"117",
"102",
"108",
"124",
"123",
"91",
"119",
"120",
"108",
"130",
"130",
"139",
"117",
"115",
"121",
"103",
"127",
"110",
"127",
"130",
"125",
"122",
"131",
"112",
"106",
"121",
"118",
"109",
"113",
"121",
"101",
"115",
"131",
"123",
"121",
"121",
"89",
"122",
"103",
"138",
"147",
"112",
"106",
"117",
"134",
"99",
"110",
"90",
"130",
"119",
"119",
"108",
"102",
"124",
"126",
"117",
"108",
"114",
"124",
"126",
"115",
"117",
"115",
"96",
"110",
"99",
"107",
"114",
"105",
"94",
"117",
"127",
"119",
"99",
"94",
"109",
"110",
"113",
"94",
"119",
"108",
"98",
"108",
"99",
"114",
"115",
"119",
"107",
"109",
"87",
"115",
"131",
"119",
"101",
"85",
"101",
"121",
"100",
"100",
"112",
"121",
"96",
"91",
"113",
"114",
"109",
"119",
"110",
"114",
"103",
"107",
"119",
"117",
"101",
"122",
"109",
"121",
"100",
"115",
"110",
"114",
"96",
"110",
"102",
"117",
"107",
"94",
"115",
"90",
"84",
"100",
"112",
"99",
"93",
"108",
"112",
"79",
"109",
"111",
"94",
"97",
"95",
"96",
"122",
"85",
"107",
"119",
"89",
"101",
"105",
"98",
"118",
"96",
"113",
"108",
"108",
"126",
"98",
"113",
"94",
"127",
"110",
"85",
"109",
"127",
"93",
"90",
"87",
"98",
"94",
"110",
"103",
"117",
"91",
"94",
"102",
"99",
"90",
"103",
"111",
"90",
"107",
"97",
"86",
"93",
"96",
"118",
"106",
"86",
"93",
"111",
"102",
"117",
"113",
"98",
"94",
"100",
"95",
"78",
"99",
"102",
"87",
"88",
"112",
"108",
"89",
"99",
"90",
"112",
"108",
"88",
"123",
"107",
"101",
"112",
"85",
"79",
"114",
"114",
"112",
"97",
"94",
"114",
"101",
"102",
"84",
"97",
"96",
"99",
"107",
"101",
"101",
"102",
"93",
"83",
"103",
"103",
"102",
"102",
"97",
"94",
"95",
"90",
"105",
"100",
"79",
"99",
"101",
"106",
"77",
"86",
"121",
"100",
"73",
"97",
"103",
"106",
"79",
"94",
"72",
"96",
"85",
"82",
"112",
"95",
"100",
"91",
"85",
"83",
"94",
"103",
"82",
"86",
"95",
"86",
"107",
"89",
"78",
"87",
"95",
"94",
"57",
"123",
"93",
"85",
"96",
"100",
"77",
"85",
"95",
"69",
"76",
"70",
"95",
"90",
"93",
"97",
"83",
"94",
"88",
"99",
"88",
"81",
"77",
"78",
"86",
"103",
"84",
"91",
"74",
"94",
"105",
"95",
"82",
"106",
"82",
"101",
"84",
"77",
"98",
"93",
"82",
"115",
"107",
"100",
"85",
"78",
"96",
"106",
"77",
"85",
"75",
"94",
"75",
"94",
"89",
"93",
"81",
"98",
"91",
"78",
"88",
"94",
"68",
"77",
"83",
"98",
"78",
"78",
"88",
"95",
"85",
"86",
"76",
"81",
"77",
"109",
"93",
"68",
"88",
"90",
"93",
"82",
"86",
"77",
"93",
"87",
"86",
"105",
"84",
"83",
"94",
"70",
"85",
"76",
"81",
"90",
"68",
"79",
"95",
"90",
"94",
"83",
"81",
"66",
"76",
"76",
"85",
"81",
"88",
"87",
"85",
"78",
"91",
"78",
"82",
"78",
"88",
"90",
"101",
"88",
"82",
"83",
"69",
"90",
"84",
"83",
"89",
"105",
"86",
"87",
"89",
"81",
"105",
"78",
"83",
"77",
"103",
"103",
"97",
"85",
"82",
"82",
"93",
"89",
"83",
"95",
"89",
"85",
"89",
"106",
"83",
"84",
"91",
"88",
"99",
"85",
"85",
"107",
"88",
"86",
"95",
"109",
"91",
"97",
"108",
"89",
"91",
"73",
"99",
"87",
"101",
"84",
"102",
"84",
"106",
"121",
"96",
"97",
"97",
"118",
"111",
"103",
"113",
"118",
"108",
"95",
"118",
"117",
"107",
"99",
"111",
"107",
"91",
"102",
"109",
"114",
"89",
"118",
"101",
"125",
"87",
"136",
"113",
"128",
"132",
"120",
"106",
"130",
"131",
"122",
"128",
"125",
"124",
"147",
"144",
"140",
"133",
"139",
"152",
"149",
"150",
"169",
"150",
"169",
"172",
"201",
"200",
"200",
"197",
"203",
"195",
"243",
"226",
"252",
"259",
"234",
"290",
"271",
"291",
"308",
"329",
"324",
"353",
"329",
"344",
"368",
"358",
"359",
"400",
"418",
"421",
"458",
"463",
"459",
"480",
"495",
"450",
"463",
"523",
"470",
"518",
"517",
"513",
"498",
"485",
"499",
"529",
"524",
"504",
"539",
"580",
"520",
"479",
"515",
"499",
"574",
"510",
"528",
"492",
"479",
"463",
"458",
"463",
"475",
"424",
"439",
"447",
"431",
"397",
"408",
"389",
"401",
"372",
"355",
"355",
"321",
"301",
"299",
"302",
"294",
"269",
"250",
"233",
"235",
"218",
"241",
"234",
"210",
"206",
"195",
"189",
"189",
"150",
"157",
"182",
"172",
"140",
"164",
"175",
"154",
"145",
"132",
"149",
"133",
"130",
"117",
"157",
"134",
"117",
"145",
"142",
"149",
"147",
"148",
"180",
"145",
"164",
"175",
"177",
"201",
"206",
"193",
"235",
"257",
"233",
"249",
"268",
"290",
"275",
"282",
"319",
"310",
"339",
"339",
"361",
"339",
"353",
"351",
"356",
"418",
"366",
"332",
"353",
"322",
"309",
"296",
"347",
"311",
"248",
"281",
"275",
"247",
"232",
"208",
"212",
"219",
"171",
"164",
"140",
"143",
"119",
"125",
"119",
"114",
"94",
"112",
"87",
"107",
"82",
"103",
"69",
"88",
"89",
"64",
"79",
"89",
"89",
"121316",
"Channel_info_start",
"Channel : Mg",
"Points : 0",
"Range : 0.000000 - 0.000000",
"Step : 0.010000",
"Channel_info_end",
"Channel_info_start",
"Channel : Al",
"Points : 0",
"Range : 0.000000 - 0.000000",
"Step : 0.010000",
"Channel_info_end",
"Channel_info_start",
"Channel : Si",
"Points : 0",
"Range : 0.000000 - 0.000000",
"Step : 0.010000",
"Channel_info_end",
"Channel_info_start",
"Channel : P ",
"Points : 0",
"Range : 0.000000 - 0.000000",
"Step : 0.010000",
"Channel_info_end",
"Channel_info_start",
"Channel : S ",
"Points : 0",
"Range : 0.000000 - 0.000000",
"Step : 0.010000",
"Channel_info_end",
"Channel_info_start",
"Channel : Cl",
"Points : 0",
"Range : 0.000000 - 0.000000",
"Step : 0.010000",
"Channel_info_end",
"Channel_info_start",
"Channel : K ",
"Points : 0",
"Range : 0.000000 - 0.000000",
"Step : 0.010000",
"Channel_info_end",
"Channel_info_start",
"Channel : Ca",
"Points : 0",
"Range : 0.000000 - 0.000000",
"Step : 0.010000",
"Channel_info_end",
"Channel_info_start",
"Channel : Ti",
"Points : 0",
"Range : 0.000000 - 0.000000",
"Step : 0.010000",
"Channel_info_end",
"Channel_info_start",
"Channel : V ",
"Points : 0",
"Range : 0.000000 - 0.000000",
"Step : 0.010000",
"Channel_info_end",
"Channel_info_start",
"Channel : Cr",
"Points : 0",
"Range : 0.000000 - 0.000000",
"Step : 0.010000",
"Channel_info_end",
"Channel_info_start",
"Channel : Mn",
"Points : 0",
"Range : 0.000000 - 0.000000",
"Step : 0.010000",
"Channel_info_end",
"Channel_info_start",
"Channel : Fe",
"Points : 0",
"Range : 0.000000 - 0.000000",
"Step : 0.010000",
"Channel_info_end",
"Channel_info_start",
"Channel : Cu",
"Points : 0",
"Range : 0.000000 - 0.000000",
"Step : 0.010000",
"Channel_info_end",
"Channel_info_start",
"Channel : Zn",
"Points : 0",
"Range : 0.000000 - 0.000000",
"Step : 0.010000",
"Channel_info_end",
"Channel_info_start",
"Channel : Sr",
"Points : 0",
"Range : 0.000000 - 0.000000",
"Step : 0.010000",
"Channel_info_end",
"Channel_info_start",
"Channel : Pb",
"Points : 0",
"Range : 0.000000 - 0.000000",
"Step : 0.010000",
"Channel_info_end",
"",
"Qualitative Result",
"--------------------------------------------------------------------------------",
"Element :  P , Sb, Te, Ru",
"",
"Peak List",
"--------------------------------------------------------------------------------",
"Channel               Line        keV     Net Int.(cps/uA)",
"--------------------------------------------------------------------------------",
"Na                    ----         1.86     0.030",
"                      P Ka         2.01     0.023",
"                      SbLL         3.20     0.100",
"                      SbLa         3.60     2.851",
"                      SbLb1        3.84     1.454",
"                      TeLa         3.84     0.312",
"                      TeLb4        4.03     0.159",
"                      SbLb2        4.12     0.279",
"                      SbLg1        4.35     0.136",
"                      SbLg2        4.60     0.109",
"                      ----        19.03     0.102",
"                      RuKa        19.25     0.126",
"                      ----        19.94     0.043",
"--------------------------------------------------------------------------------",
"",
"Quantitative Result",
"--------------------------------------------------------------------------------",
"Analyte               Result             Std.Dev. Proc.-Calc. Line Intensity(cps/uA)",
"--------------------------------------------------------------------------------",
"====[No. 1 Layer]====< Layer1               >===============================",
"Layer1                   0.000 ug/cm2    -------- Flux       -------- --------",
