"Sample    : SeF3 15754",
"Operator  : luisf",
"Comment  : cubatao-g-policarbonato",
"Group     : kerr2007ag180cal_lt",
"Date       : 2010-05-25 20:59:56",
"",
"Mesurement Condition",
"------------------------------------------------------------------------------------",
"Instrument : 700HS2   Atmosphere : Vac.   Collimator : 10(mm)   Spin : No",
"------------------------------------------------------------------------------------",
"Analyte               TG kV   uA      FI Acq.(keV)  Anal.(keV)  Time(sec)     DT(%)",
"------------------------------------------------------------------------------------",
"Na                    Rh 50  548-Auto Al  0 - 20    0.8 - 1.2   Live -  180   15",
"",
"<Profile>",
"Channel_info_start",
"Channel : Na",
"Points : 2048",
"Range : 0.000000 - 20.480000",
"Step : 0.010000",
"Channel_info_end",
"0",
"0",
"0",
"0",
"0",
"0",
"0",
"0",
"0",
"0",
"0",
"0",
"0",
"0",
"0",
"0",
"0",
"0",
"0",
"0",
"0",
"0",
"0",
"0",
"0",
"0",
"0",
"0",
"2",
"1",
"15",
"33",
"20",
"34",
"32",
"22",
"23",
"32",
"32",
"32",
"29",
"27",
"27",
"34",
"19",
"34",
"23",
"24",
"26",
"37",
"37",
"25",
"27",
"25",
"30",
"26",
"28",
"21",
"29",
"33",
"22",
"21",
"30",
"37",
"28",
"32",
"30",
"32",
"32",
"27",
"32",
"35",
"30",
"35",
"33",
"27",
"32",
"26",
"22",
"17",
"24",
"29",
"21",
"30",
"32",
"33",
"19",
"38",
"30",
"23",
"25",
"32",
"22",
"24",
"32",
"29",
"34",
"22",
"32",
"12",
"33",
"38",
"24",
"28",
"26",
"32",
"29",
"11",
"37",
"24",
"27",
"19",
"24",
"29",
"37",
"25",
"26",
"39",
"27",
"37",
"23",
"38",
"14",
"17",
"17",
"23",
"26",
"25",
"30",
"28",
"35",
"28",
"24",
"33",
"29",
"26",
"28",
"34",
"28",
"20",
"29",
"37",
"21",
"22",
"37",
"33",
"33",
"35",
"34",
"36",
"29",
"36",
"33",
"26",
"32",
"30",
"22",
"44",
"22",
"30",
"34",
"32",
"42",
"33",
"35",
"29",
"32",
"39",
"39",
"51",
"59",
"53",
"46",
"73",
"47",
"77",
"58",
"56",
"60",
"56",
"42",
"45",
"35",
"51",
"44",
"34",
"34",
"38",
"48",
"60",
"41",
"53",
"71",
"75",
"95",
"96",
"101",
"107",
"126",
"146",
"136",
"143",
"120",
"114",
"109",
"126",
"88",
"72",
"71",
"66",
"60",
"61",
"40",
"35",
"53",
"51",
"46",
"33",
"47",
"45",
"48",
"49",
"46",
"62",
"64",
"78",
"100",
"123",
"142",
"150",
"188",
"240",
"260",
"253",
"249",
"226",
"254",
"219",
"189",
"186",
"148",
"136",
"96",
"72",
"69",
"51",
"46",
"49",
"41",
"38",
"37",
"28",
"20",
"29",
"29",
"30",
"34",
"34",
"45",
"27",
"42",
"60",
"38",
"62",
"51",
"50",
"60",
"51",
"56",
"73",
"73",
"61",
"60",
"69",
"48",
"64",
"51",
"47",
"50",
"63",
"32",
"49",
"42",
"37",
"49",
"56",
"48",
"49",
"41",
"32",
"42",
"38",
"41",
"41",
"42",
"45",
"32",
"32",
"36",
"36",
"37",
"20",
"42",
"52",
"38",
"44",
"52",
"36",
"34",
"41",
"51",
"47",
"50",
"39",
"29",
"59",
"60",
"49",
"62",
"68",
"66",
"65",
"84",
"93",
"74",
"96",
"109",
"91",
"102",
"145",
"133",
"99",
"130",
"132",
"113",
"118",
"117",
"102",
"123",
"108",
"121",
"122",
"91",
"115",
"119",
"111",
"133",
"131",
"124",
"142",
"139",
"154",
"189",
"180",
"183",
"208",
"262",
"317",
"357",
"481",
"542",
"648",
"740",
"886",
"979",
"1189",
"1249",
"1426",
"1350",
"1434",
"1361",
"1323",
"1194",
"1212",
"988",
"863",
"764",
"630",
"522",
"459",
"392",
"327",
"292",
"309",
"282",
"272",
"280",
"301",
"293",
"343",
"429",
"508",
"628",
"869",
"1118",
"1583",
"2181",
"3164",
"4209",
"5802",
"7432",
"9891",
"11877",
"15088",
"16821",
"20000",
"21036",
"23307",
"24025",
"25259",
"23428",
"23195",
"21022",
"18958",
"15852",
"14348",
"11526",
"9130",
"6766",
"5279",
"3739",
"2761",
"1829",
"1296",
"844",
"589",
"440",
"320",
"281",
"295",
"285",
"368",
"380",
"483",
"538",
"741",
"929",
"1249",
"1374",
"1733",
"1964",
"2364",
"2570",
"2938",
"3076",
"3237",
"3153",
"3238",
"3113",
"2907",
"2576",
"2345",
"1944",
"1740",
"1319",
"1172",
"868",
"715",
"508",
"441",
"344",
"267",
"193",
"156",
"162",
"115",
"99",
"109",
"90",
"112",
"102",
"114",
"106",
"100",
"76",
"94",
"69",
"90",
"90",
"86",
"79",
"95",
"90",
"63",
"76",
"85",
"66",
"81",
"81",
"84",
"75",
"75",
"75",
"73",
"79",
"85",
"77",
"75",
"62",
"71",
"72",
"76",
"73",
"65",
"70",
"73",
"66",
"77",
"75",
"77",
"79",
"86",
"72",
"76",
"76",
"73",
"79",
"62",
"77",
"88",
"71",
"83",
"76",
"72",
"85",
"72",
"88",
"79",
"62",
"88",
"79",
"70",
"95",
"82",
"96",
"113",
"94",
"74",
"78",
"95",
"107",
"107",
"89",
"90",
"105",
"98",
"85",
"100",
"97",
"106",
"90",
"103",
"105",
"98",
"96",
"112",
"99",
"120",
"96",
"105",
"119",
"112",
"110",
"120",
"102",
"111",
"119",
"105",
"105",
"119",
"112",
"121",
"107",
"131",
"112",
"130",
"122",
"136",
"120",
"112",
"149",
"135",
"123",
"120",
"125",
"131",
"119",
"136",
"109",
"117",
"142",
"149",
"135",
"120",
"124",
"112",
"134",
"140",
"139",
"148",
"147",
"138",
"133",
"151",
"135",
"149",
"123",
"155",
"159",
"155",
"133",
"132",
"131",
"135",
"120",
"145",
"151",
"130",
"143",
"140",
"149",
"125",
"135",
"140",
"133",
"157",
"144",
"138",
"147",
"165",
"161",
"164",
"157",
"168",
"170",
"180",
"156",
"177",
"204",
"193",
"177",
"168",
"152",
"154",
"210",
"197",
"164",
"183",
"182",
"186",
"162",
"201",
"161",
"182",
"175",
"187",
"181",
"155",
"163",
"170",
"174",
"192",
"152",
"192",
"176",
"173",
"169",
"200",
"160",
"195",
"167",
"189",
"187",
"196",
"198",
"207",
"192",
"222",
"152",
"216",
"175",
"176",
"188",
"194",
"184",
"208",
"210",
"192",
"191",
"188",
"197",
"188",
"197",
"196",
"196",
"191",
"205",
"217",
"183",
"186",
"179",
"199",
"182",
"194",
"173",
"183",
"187",
"208",
"208",
"164",
"188",
"200",
"181",
"175",
"158",
"152",
"186",
"203",
"176",
"208",
"163",
"209",
"160",
"199",
"160",
"179",
"208",
"160",
"173",
"193",
"170",
"184",
"169",
"199",
"172",
"181",
"163",
"183",
"175",
"173",
"164",
"196",
"184",
"180",
"172",
"184",
"147",
"182",
"196",
"187",
"145",
"164",
"168",
"180",
"173",
"196",
"170",
"205",
"156",
"167",
"186",
"165",
"172",
"172",
"177",
"173",
"194",
"175",
"183",
"199",
"170",
"194",
"170",
"189",
"208",
"182",
"198",
"198",
"192",
"209",
"208",
"194",
"179",
"183",
"200",
"205",
"187",
"237",
"223",
"237",
"229",
"243",
"218",
"223",
"200",
"228",
"225",
"252",
"261",
"223",
"271",
"237",
"266",
"271",
"277",
"308",
"267",
"301",
"263",
"286",
"279",
"296",
"290",
"256",
"246",
"293",
"235",
"242",
"242",
"243",
"271",
"280",
"224",
"208",
"201",
"196",
"197",
"225",
"224",
"240",
"197",
"208",
"169",
"179",
"187",
"192",
"191",
"216",
"205",
"196",
"188",
"181",
"173",
"212",
"198",
"199",
"216",
"241",
"225",
"220",
"193",
"246",
"278",
"244",
"250",
"260",
"290",
"285",
"257",
"273",
"297",
"279",
"282",
"307",
"296",
"283",
"237",
"298",
"292",
"289",
"231",
"246",
"246",
"228",
"226",
"236",
"230",
"213",
"218",
"196",
"210",
"189",
"217",
"201",
"217",
"237",
"203",
"225",
"208",
"195",
"194",
"203",
"208",
"208",
"207",
"210",
"199",
"183",
"193",
"203",
"181",
"208",
"188",
"184",
"188",
"208",
"225",
"219",
"194",
"198",
"181",
"206",
"142",
"189",
"188",
"193",
"189",
"199",
"214",
"175",
"214",
"220",
"189",
"229",
"198",
"223",
"184",
"220",
"199",
"205",
"200",
"220",
"198",
"201",
"177",
"208",
"240",
"220",
"194",
"193",
"197",
"203",
"195",
"218",
"208",
"206",
"196",
"223",
"241",
"217",
"213",
"200",
"212",
"206",
"206",
"211",
"209",
"207",
"231",
"183",
"177",
"177",
"216",
"206",
"195",
"214",
"209",
"188",
"204",
"198",
"197",
"211",
"187",
"218",
"186",
"189",
"180",
"205",
"196",
"184",
"199",
"199",
"193",
"201",
"183",
"198",
"198",
"201",
"180",
"223",
"189",
"168",
"201",
"187",
"181",
"200",
"165",
"180",
"184",
"201",
"167",
"191",
"182",
"188",
"187",
"197",
"171",
"211",
"161",
"189",
"185",
"192",
"155",
"201",
"180",
"158",
"208",
"184",
"194",
"193",
"171",
"187",
"167",
"187",
"197",
"199",
"156",
"210",
"161",
"186",
"177",
"182",
"150",
"189",
"185",
"189",
"183",
"197",
"179",
"194",
"171",
"185",
"186",
"194",
"175",
"188",
"173",
"201",
"200",
"204",
"183",
"209",
"188",
"165",
"189",
"194",
"200",
"204",
"185",
"211",
"171",
"207",
"186",
"191",
"172",
"189",
"177",
"172",
"172",
"170",
"168",
"175",
"163",
"185",
"179",
"184",
"204",
"179",
"192",
"196",
"180",
"186",
"171",
"177",
"221",
"201",
"171",
"205",
"162",
"194",
"179",
"165",
"172",
"188",
"155",
"172",
"200",
"194",
"160",
"175",
"162",
"155",
"177",
"214",
"160",
"189",
"193",
"184",
"198",
"171",
"171",
"191",
"162",
"173",
"176",
"157",
"182",
"197",
"203",
"189",
"170",
"196",
"191",
"160",
"165",
"183",
"161",
"179",
"193",
"173",
"169",
"167",
"176",
"168",
"158",
"194",
"152",
"191",
"174",
"145",
"169",
"172",
"164",
"175",
"198",
"186",
"195",
"181",
"192",
"170",
"205",
"187",
"172",
"184",
"193",
"177",
"154",
"191",
"170",
"162",
"181",
"188",
"186",
"176",
"168",
"175",
"164",
"221",
"176",
"206",
"162",
"171",
"161",
"182",
"162",
"161",
"161",
"173",
"173",
"171",
"195",
"157",
"167",
"193",
"164",
"189",
"179",
"158",
"182",
"151",
"162",
"156",
"175",
"172",
"163",
"165",
"188",
"188",
"162",
"169",
"180",
"175",
"177",
"168",
"167",
"187",
"181",
"181",
"152",
"161",
"168",
"164",
"184",
"164",
"158",
"162",
"179",
"160",
"150",
"158",
"162",
"187",
"182",
"169",
"182",
"175",
"188",
"173",
"174",
"176",
"172",
"183",
"183",
"167",
"134",
"201",
"171",
"176",
"156",
"160",
"194",
"170",
"186",
"156",
"159",
"150",
"135",
"159",
"168",
"191",
"139",
"158",
"157",
"140",
"168",
"159",
"174",
"147",
"135",
"159",
"157",
"158",
"175",
"172",
"162",
"180",
"138",
"140",
"165",
"182",
"156",
"151",
"163",
"143",
"162",
"156",
"160",
"163",
"174",
"175",
"147",
"159",
"154",
"172",
"146",
"168",
"146",
"177",
"140",
"159",
"162",
"167",
"132",
"187",
"180",
"175",
"144",
"163",
"174",
"148",
"147",
"175",
"168",
"146",
"159",
"164",
"155",
"149",
"159",
"177",
"140",
"147",
"149",
"148",
"157",
"169",
"138",
"133",
"149",
"172",
"169",
"152",
"155",
"156",
"142",
"167",
"165",
"187",
"152",
"162",
"164",
"143",
"155",
"169",
"160",
"160",
"156",
"152",
"150",
"170",
"162",
"157",
"152",
"151",
"155",
"155",
"143",
"174",
"155",
"127",
"154",
"140",
"137",
"170",
"145",
"161",
"151",
"152",
"133",
"152",
"132",
"152",
"155",
"175",
"139",
"146",
"135",
"142",
"156",
"167",
"143",
"148",
"155",
"143",
"167",
"164",
"174",
"157",
"134",
"146",
"156",
"152",
"131",
"136",
"138",
"147",
"124",
"146",
"162",
"148",
"145",
"145",
"152",
"160",
"150",
"146",
"137",
"142",
"139",
"111",
"150",
"149",
"120",
"146",
"138",
"152",
"151",
"145",
"137",
"152",
"142",
"140",
"147",
"146",
"159",
"133",
"159",
"164",
"125",
"148",
"133",
"151",
"140",
"148",
"136",
"125",
"130",
"148",
"162",
"140",
"127",
"131",
"149",
"131",
"115",
"134",
"154",
"151",
"143",
"154",
"139",
"148",
"148",
"135",
"107",
"132",
"128",
"148",
"132",
"122",
"131",
"146",
"142",
"131",
"131",
"128",
"134",
"130",
"138",
"132",
"127",
"145",
"128",
"125",
"133",
"150",
"139",
"143",
"146",
"135",
"132",
"133",
"171",
"119",
"136",
"121",
"140",
"122",
"133",
"130",
"126",
"119",
"119",
"145",
"149",
"139",
"109",
"125",
"156",
"126",
"130",
"146",
"130",
"124",
"143",
"142",
"135",
"138",
"124",
"145",
"133",
"143",
"122",
"124",
"133",
"151",
"133",
"125",
"108",
"123",
"136",
"146",
"134",
"125",
"146",
"135",
"147",
"139",
"125",
"127",
"120",
"132",
"135",
"128",
"137",
"143",
"127",
"132",
"130",
"127",
"119",
"132",
"98",
"133",
"107",
"86",
"119",
"139",
"142",
"100",
"123",
"114",
"109",
"109",
"118",
"148",
"123",
"139",
"146",
"133",
"121",
"130",
"135",
"128",
"142",
"150",
"148",
"118",
"121",
"110",
"130",
"139",
"111",
"119",
"127",
"140",
"133",
"131",
"119",
"113",
"123",
"115",
"137",
"156",
"136",
"111",
"139",
"139",
"96",
"144",
"123",
"131",
"128",
"127",
"119",
"120",
"128",
"142",
"118",
"121",
"149",
"119",
"135",
"124",
"123",
"125",
"123",
"135",
"108",
"138",
"127",
"131",
"111",
"113",
"113",
"103",
"124",
"135",
"128",
"118",
"122",
"137",
"140",
"126",
"125",
"136",
"147",
"117",
"126",
"112",
"128",
"145",
"110",
"127",
"124",
"127",
"120",
"125",
"110",
"124",
"121",
"126",
"132",
"120",
"110",
"101",
"113",
"115",
"111",
"110",
"113",
"137",
"105",
"108",
"133",
"115",
"130",
"137",
"100",
"126",
"114",
"112",
"117",
"119",
"109",
"114",
"122",
"122",
"143",
"126",
"128",
"118",
"114",
"125",
"118",
"101",
"105",
"97",
"110",
"124",
"111",
"134",
"125",
"103",
"95",
"131",
"108",
"103",
"111",
"125",
"123",
"131",
"106",
"102",
"117",
"112",
"112",
"126",
"109",
"113",
"99",
"122",
"115",
"135",
"111",
"84",
"119",
"135",
"95",
"113",
"120",
"120",
"140",
"127",
"97",
"112",
"115",
"126",
"97",
"134",
"99",
"136",
"115",
"106",
"118",
"99",
"124",
"102",
"117",
"121",
"102",
"108",
"113",
"128",
"124",
"109",
"120",
"97",
"115",
"115",
"113",
"126",
"107",
"100",
"117",
"108",
"128",
"120",
"103",
"128",
"111",
"123",
"131",
"128",
"109",
"119",
"122",
"103",
"113",
"111",
"97",
"108",
"137",
"102",
"126",
"102",
"103",
"115",
"100",
"120",
"128",
"112",
"110",
"101",
"117",
"102",
"111",
"126",
"117",
"117",
"115",
"118",
"118",
"148",
"107",
"118",
"138",
"112",
"113",
"127",
"106",
"120",
"98",
"102",
"120",
"105",
"93",
"131",
"123",
"120",
"115",
"119",
"112",
"121",
"113",
"110",
"105",
"122",
"120",
"106",
"135",
"117",
"111",
"122",
"128",
"122",
"115",
"121",
"139",
"122",
"122",
"132",
"107",
"130",
"128",
"138",
"130",
"140",
"136",
"135",
"150",
"136",
"109",
"113",
"155",
"140",
"137",
"117",
"146",
"154",
"122",
"127",
"136",
"144",
"140",
"135",
"154",
"163",
"145",
"140",
"142",
"144",
"162",
"149",
"151",
"161",
"150",
"148",
"184",
"162",
"144",
"145",
"164",
"183",
"179",
"181",
"216",
"189",
"186",
"211",
"191",
"198",
"179",
"218",
"200",
"219",
"220",
"216",
"211",
"232",
"280",
"250",
"253",
"301",
"282",
"271",
"311",
"334",
"316",
"315",
"346",
"344",
"348",
"353",
"368",
"401",
"390",
"381",
"478",
"476",
"480",
"491",
"503",
"604",
"530",
"556",
"581",
"620",
"606",
"636",
"657",
"641",
"636",
"698",
"745",
"698",
"738",
"725",
"776",
"835",
"692",
"809",
"792",
"848",
"786",
"856",
"845",
"844",
"851",
"826",
"918",
"804",
"799",
"875",
"875",
"843",
"796",
"785",
"822",
"780",
"728",
"744",
"719",
"735",
"657",
"643",
"676",
"660",
"620",
"588",
"539",
"556",
"544",
"534",
"505",
"524",
"468",
"452",
"427",
"469",
"396",
"372",
"360",
"365",
"335",
"329",
"311",
"305",
"282",
"302",
"274",
"261",
"268",
"229",
"214",
"195",
"216",
"195",
"203",
"188",
"211",
"203",
"180",
"184",
"176",
"159",
"192",
"186",
"174",
"184",
"181",
"179",
"183",
"207",
"191",
"169",
"196",
"222",
"218",
"197",
"216",
"252",
"262",
"246",
"262",
"258",
"312",
"301",
"302",
"369",
"308",
"315",
"286",
"333",
"321",
"340",
"331",
"318",
"340",
"342",
"358",
"332",
"332",
"308",
"335",
"296",
"308",
"277",
"252",
"234",
"237",
"267",
"225",
"192",
"221",
"175",
"172",
"155",
"181",
"145",
"125",
"132",
"163",
"144",
"113",
"145",
"115",
"99",
"105",
"110",
"114",
"93",
"94",
"112",
"119",
"118",
"88",
"56652",
"Channel_info_start",
"Channel : Mg",
"Points : 0",
"Range : 0.000000 - 0.000000",
"Step : 0.010000",
"Channel_info_end",
"Channel_info_start",
"Channel : Al",
"Points : 0",
"Range : 0.000000 - 0.000000",
"Step : 0.010000",
"Channel_info_end",
"Channel_info_start",
"Channel : Si",
"Points : 0",
"Range : 0.000000 - 0.000000",
"Step : 0.010000",
"Channel_info_end",
"Channel_info_start",
"Channel : P ",
"Points : 0",
"Range : 0.000000 - 0.000000",
"Step : 0.010000",
"Channel_info_end",
"Channel_info_start",
"Channel : S ",
"Points : 0",
"Range : 0.000000 - 0.000000",
"Step : 0.010000",
"Channel_info_end",
"Channel_info_start",
"Channel : Cl",
"Points : 0",
"Range : 0.000000 - 0.000000",
"Step : 0.010000",
"Channel_info_end",
"Channel_info_start",
"Channel : K ",
"Points : 0",
"Range : 0.000000 - 0.000000",
"Step : 0.010000",
"Channel_info_end",
"Channel_info_start",
"Channel : Ca",
"Points : 0",
"Range : 0.000000 - 0.000000",
"Step : 0.010000",
"Channel_info_end",
"Channel_info_start",
"Channel : Ti",
"Points : 0",
"Range : 0.000000 - 0.000000",
"Step : 0.010000",
"Channel_info_end",
"Channel_info_start",
"Channel : V ",
"Points : 0",
"Range : 0.000000 - 0.000000",
"Step : 0.010000",
"Channel_info_end",
"Channel_info_start",
"Channel : Cr",
"Points : 0",
"Range : 0.000000 - 0.000000",
"Step : 0.010000",
"Channel_info_end",
"Channel_info_start",
"Channel : Mn",
"Points : 0",
"Range : 0.000000 - 0.000000",
"Step : 0.010000",
"Channel_info_end",
"Channel_info_start",
"Channel : Fe",
"Points : 0",
"Range : 0.000000 - 0.000000",
"Step : 0.010000",
"Channel_info_end",
"Channel_info_start",
"Channel : Cu",
"Points : 0",
"Range : 0.000000 - 0.000000",
"Step : 0.010000",
"Channel_info_end",
"Channel_info_start",
"Channel : Zn",
"Points : 0",
"Range : 0.000000 - 0.000000",
"Step : 0.010000",
"Channel_info_end",
"Channel_info_start",
"Channel : Sr",
"Points : 0",
"Range : 0.000000 - 0.000000",
"Step : 0.010000",
"Channel_info_end",
"Channel_info_start",
"Channel : Pb",
"Points : 0",
"Range : 0.000000 - 0.000000",
"Step : 0.010000",
"Channel_info_end",
"",
"Qualitative Result",
"--------------------------------------------------------------------------------",
"Element :  P , Sc, Ca, Ru",
"",
"Peak List",
"--------------------------------------------------------------------------------",
"Channel               Line        keV     Net Int.(cps/uA)",
"--------------------------------------------------------------------------------",
"Na                    P Ka         2.00     0.013",
"                      ScKaESC      2.32     0.028",
"                      CaKa         3.68     0.173",
"                      CaKb         4.01     0.024",
"                      ScKa         4.09     3.497",
"                      ScKb         4.46     0.450",
"                      ----         8.06     0.019",
"                      RuKa        19.16     0.137",
"                      ----        19.46     0.057",
"--------------------------------------------------------------------------------",
"",
"Quantitative Result",
"--------------------------------------------------------------------------------",
"Analyte               Result             Std.Dev. Proc.-Calc. Line Intensity(cps/uA)",
"--------------------------------------------------------------------------------",
"====[No. 1 Layer]====< Layer1               >===============================",
"Layer1                   0.000 ug/cm2    -------- Flux       -------- --------",
