"Sample    : SrF2 15761",
"Operator  : Luís",
"Comment  : cubatao-g-policarbonato",
"Group     : kerr2007ag180cal_lt",
"Date       : 2010-06-11 02:02:57",
"",
"Mesurement Condition",
"------------------------------------------------------------------------------------",
"Instrument : 700HS2   Atmosphere : Vac.   Collimator : 10(mm)   Spin : No",
"------------------------------------------------------------------------------------",
"Analyte               TG kV   uA      FI Acq.(keV)  Anal.(keV)  Time(sec)     DT(%)",
"------------------------------------------------------------------------------------",
"Na                    Rh 50  237-Auto Al  0 - 20    0.8 - 1.2   Live -  179   15",
"",
"<Profile>",
"Channel_info_start",
"Channel : Na",
"Points : 2048",
"Range : 0.000000 - 20.480000",
"Step : 0.010000",
"Channel_info_end",
"0",
"0",
"0",
"0",
"0",
"0",
"0",
"0",
"0",
"0",
"0",
"0",
"0",
"0",
"0",
"0",
"0",
"0",
"0",
"0",
"0",
"0",
"0",
"0",
"0",
"0",
"0",
"0",
"0",
"1",
"11",
"18",
"35",
"25",
"29",
"30",
"27",
"27",
"35",
"39",
"24",
"22",
"32",
"35",
"36",
"36",
"43",
"36",
"32",
"39",
"29",
"31",
"29",
"49",
"35",
"35",
"25",
"42",
"35",
"32",
"36",
"37",
"34",
"37",
"30",
"43",
"24",
"28",
"34",
"37",
"50",
"43",
"34",
"41",
"28",
"34",
"39",
"14",
"24",
"43",
"34",
"23",
"32",
"38",
"27",
"27",
"24",
"23",
"26",
"27",
"22",
"26",
"15",
"24",
"29",
"26",
"28",
"27",
"19",
"29",
"22",
"35",
"19",
"26",
"23",
"24",
"22",
"21",
"28",
"25",
"18",
"23",
"23",
"16",
"24",
"16",
"15",
"23",
"27",
"22",
"22",
"22",
"19",
"17",
"28",
"29",
"19",
"34",
"21",
"17",
"26",
"26",
"24",
"22",
"26",
"15",
"15",
"26",
"19",
"27",
"22",
"30",
"23",
"38",
"27",
"45",
"29",
"37",
"38",
"39",
"54",
"60",
"66",
"72",
"78",
"98",
"111",
"121",
"144",
"156",
"130",
"136",
"153",
"160",
"142",
"147",
"137",
"159",
"168",
"201",
"227",
"291",
"366",
"493",
"684",
"921",
"1186",
"1460",
"1582",
"1946",
"1940",
"2133",
"2074",
"2121",
"2053",
"1912",
"1639",
"1523",
"1355",
"1301",
"1073",
"986",
"755",
"671",
"533",
"483",
"411",
"367",
"317",
"242",
"213",
"172",
"148",
"114",
"87",
"78",
"64",
"58",
"65",
"43",
"35",
"36",
"25",
"13",
"25",
"34",
"42",
"22",
"40",
"35",
"37",
"48",
"28",
"40",
"29",
"37",
"32",
"22",
"22",
"18",
"38",
"26",
"17",
"27",
"16",
"10",
"14",
"16",
"17",
"14",
"15",
"15",
"15",
"14",
"13",
"15",
"11",
"18",
"28",
"10",
"5",
"18",
"14",
"17",
"6",
"14",
"15",
"14",
"18",
"22",
"22",
"15",
"13",
"17",
"14",
"11",
"21",
"29",
"16",
"17",
"18",
"21",
"13",
"15",
"17",
"17",
"12",
"14",
"13",
"17",
"18",
"16",
"14",
"25",
"17",
"18",
"21",
"15",
"16",
"9",
"24",
"15",
"13",
"16",
"16",
"10",
"12",
"15",
"12",
"15",
"11",
"14",
"17",
"15",
"10",
"10",
"9",
"15",
"12",
"10",
"12",
"13",
"14",
"15",
"18",
"17",
"14",
"17",
"15",
"12",
"15",
"17",
"16",
"11",
"13",
"10",
"16",
"12",
"10",
"12",
"9",
"18",
"9",
"16",
"14",
"13",
"21",
"22",
"14",
"22",
"12",
"14",
"15",
"25",
"16",
"15",
"11",
"24",
"22",
"27",
"24",
"29",
"37",
"36",
"43",
"53",
"79",
"72",
"121",
"172",
"188",
"250",
"287",
"349",
"378",
"451",
"494",
"581",
"575",
"606",
"517",
"586",
"499",
"475",
"365",
"342",
"241",
"228",
"160",
"136",
"85",
"90",
"81",
"60",
"64",
"70",
"49",
"44",
"63",
"58",
"42",
"49",
"54",
"54",
"60",
"57",
"61",
"90",
"79",
"92",
"108",
"104",
"93",
"81",
"65",
"76",
"67",
"65",
"62",
"60",
"48",
"51",
"44",
"37",
"27",
"32",
"28",
"28",
"26",
"23",
"21",
"24",
"25",
"27",
"18",
"27",
"17",
"31",
"31",
"28",
"40",
"39",
"35",
"38",
"23",
"25",
"45",
"39",
"45",
"40",
"39",
"37",
"48",
"45",
"55",
"42",
"56",
"44",
"47",
"43",
"47",
"48",
"44",
"36",
"68",
"41",
"49",
"51",
"38",
"61",
"54",
"60",
"56",
"49",
"49",
"55",
"42",
"69",
"47",
"54",
"45",
"47",
"42",
"49",
"40",
"47",
"43",
"38",
"36",
"41",
"42",
"35",
"34",
"43",
"36",
"32",
"49",
"55",
"35",
"38",
"45",
"36",
"31",
"27",
"24",
"32",
"37",
"34",
"28",
"32",
"31",
"27",
"18",
"42",
"30",
"50",
"24",
"35",
"34",
"40",
"35",
"34",
"27",
"29",
"32",
"34",
"32",
"43",
"45",
"43",
"30",
"34",
"42",
"48",
"40",
"50",
"35",
"40",
"38",
"38",
"43",
"41",
"37",
"54",
"36",
"45",
"39",
"30",
"53",
"61",
"47",
"47",
"48",
"48",
"41",
"39",
"38",
"47",
"52",
"45",
"48",
"48",
"45",
"44",
"51",
"49",
"54",
"36",
"42",
"45",
"44",
"47",
"54",
"62",
"56",
"63",
"53",
"50",
"55",
"47",
"60",
"55",
"67",
"52",
"64",
"66",
"69",
"66",
"56",
"72",
"68",
"71",
"55",
"66",
"63",
"81",
"64",
"74",
"81",
"88",
"84",
"89",
"67",
"69",
"74",
"88",
"91",
"67",
"74",
"81",
"88",
"65",
"76",
"95",
"71",
"65",
"75",
"74",
"84",
"81",
"67",
"69",
"66",
"61",
"62",
"52",
"75",
"91",
"56",
"76",
"80",
"77",
"68",
"85",
"87",
"67",
"67",
"69",
"64",
"89",
"75",
"55",
"71",
"79",
"87",
"61",
"84",
"102",
"79",
"101",
"77",
"82",
"90",
"108",
"95",
"108",
"91",
"91",
"105",
"107",
"104",
"95",
"100",
"92",
"103",
"96",
"81",
"113",
"103",
"95",
"106",
"115",
"92",
"104",
"96",
"93",
"90",
"95",
"95",
"100",
"96",
"77",
"108",
"91",
"108",
"80",
"113",
"102",
"94",
"92",
"87",
"88",
"82",
"101",
"85",
"84",
"72",
"79",
"85",
"83",
"90",
"81",
"97",
"105",
"97",
"100",
"89",
"79",
"96",
"100",
"84",
"97",
"97",
"92",
"84",
"102",
"93",
"77",
"93",
"66",
"101",
"75",
"89",
"66",
"71",
"95",
"100",
"82",
"88",
"84",
"68",
"83",
"84",
"90",
"100",
"103",
"81",
"71",
"93",
"96",
"88",
"66",
"82",
"89",
"79",
"83",
"90",
"114",
"85",
"88",
"100",
"85",
"89",
"88",
"90",
"81",
"89",
"93",
"100",
"89",
"74",
"109",
"91",
"106",
"80",
"115",
"90",
"95",
"94",
"98",
"90",
"105",
"103",
"83",
"94",
"101",
"79",
"114",
"106",
"97",
"98",
"87",
"92",
"104",
"96",
"114",
"97",
"102",
"96",
"92",
"108",
"117",
"107",
"114",
"120",
"127",
"104",
"103",
"111",
"101",
"120",
"117",
"124",
"144",
"131",
"120",
"137",
"124",
"156",
"167",
"171",
"171",
"157",
"185",
"195",
"211",
"197",
"220",
"219",
"222",
"225",
"219",
"214",
"252",
"245",
"232",
"189",
"211",
"199",
"207",
"183",
"181",
"162",
"175",
"134",
"121",
"100",
"134",
"150",
"109",
"98",
"103",
"104",
"101",
"68",
"92",
"83",
"105",
"92",
"82",
"91",
"105",
"97",
"115",
"104",
"96",
"108",
"113",
"90",
"102",
"111",
"119",
"102",
"114",
"110",
"129",
"144",
"144",
"132",
"146",
"163",
"128",
"115",
"133",
"171",
"166",
"148",
"120",
"142",
"136",
"127",
"143",
"103",
"110",
"116",
"96",
"94",
"113",
"101",
"85",
"100",
"103",
"70",
"91",
"115",
"104",
"96",
"90",
"79",
"105",
"87",
"103",
"105",
"91",
"82",
"98",
"106",
"90",
"97",
"93",
"109",
"87",
"89",
"100",
"85",
"75",
"104",
"82",
"82",
"102",
"85",
"89",
"83",
"104",
"105",
"92",
"109",
"106",
"89",
"121",
"136",
"108",
"111",
"126",
"123",
"129",
"155",
"156",
"154",
"147",
"163",
"167",
"154",
"166",
"137",
"156",
"169",
"173",
"141",
"163",
"142",
"130",
"119",
"123",
"134",
"114",
"123",
"158",
"114",
"114",
"106",
"131",
"115",
"114",
"115",
"126",
"133",
"119",
"129",
"113",
"121",
"103",
"114",
"127",
"120",
"124",
"127",
"115",
"104",
"113",
"91",
"117",
"107",
"107",
"116",
"104",
"105",
"104",
"88",
"110",
"100",
"105",
"85",
"83",
"95",
"109",
"83",
"107",
"85",
"105",
"95",
"94",
"103",
"101",
"94",
"100",
"96",
"102",
"93",
"96",
"105",
"96",
"75",
"87",
"94",
"100",
"108",
"115",
"97",
"84",
"90",
"107",
"97",
"101",
"80",
"87",
"100",
"100",
"93",
"85",
"80",
"100",
"96",
"103",
"91",
"103",
"78",
"89",
"74",
"108",
"102",
"80",
"101",
"109",
"92",
"101",
"100",
"95",
"84",
"95",
"79",
"94",
"102",
"83",
"94",
"82",
"100",
"94",
"68",
"100",
"93",
"76",
"103",
"63",
"88",
"102",
"82",
"89",
"70",
"102",
"81",
"76",
"93",
"75",
"98",
"78",
"80",
"82",
"90",
"88",
"104",
"96",
"80",
"92",
"78",
"91",
"94",
"90",
"101",
"95",
"109",
"96",
"88",
"87",
"91",
"94",
"122",
"93",
"97",
"117",
"81",
"92",
"90",
"100",
"103",
"92",
"107",
"92",
"105",
"89",
"84",
"90",
"81",
"93",
"84",
"96",
"98",
"81",
"90",
"95",
"65",
"119",
"92",
"92",
"76",
"105",
"97",
"101",
"81",
"80",
"102",
"85",
"101",
"81",
"93",
"67",
"87",
"95",
"81",
"90",
"90",
"81",
"100",
"110",
"85",
"93",
"90",
"105",
"82",
"69",
"78",
"100",
"84",
"96",
"96",
"83",
"98",
"75",
"84",
"69",
"65",
"82",
"70",
"72",
"105",
"82",
"89",
"92",
"82",
"91",
"83",
"84",
"102",
"106",
"77",
"89",
"77",
"93",
"81",
"85",
"104",
"105",
"96",
"76",
"77",
"103",
"96",
"91",
"88",
"84",
"115",
"100",
"79",
"91",
"79",
"89",
"83",
"92",
"105",
"80",
"74",
"83",
"80",
"68",
"97",
"89",
"94",
"82",
"81",
"97",
"94",
"88",
"96",
"91",
"66",
"85",
"85",
"75",
"90",
"89",
"77",
"90",
"81",
"95",
"92",
"69",
"75",
"88",
"71",
"67",
"72",
"88",
"69",
"85",
"69",
"83",
"87",
"79",
"94",
"102",
"82",
"90",
"81",
"72",
"71",
"90",
"90",
"69",
"94",
"89",
"97",
"101",
"63",
"87",
"91",
"78",
"93",
"77",
"76",
"89",
"82",
"77",
"75",
"98",
"84",
"79",
"66",
"82",
"68",
"68",
"92",
"61",
"56",
"74",
"76",
"72",
"79",
"69",
"75",
"74",
"83",
"83",
"81",
"79",
"83",
"92",
"79",
"85",
"76",
"92",
"74",
"84",
"71",
"89",
"83",
"74",
"69",
"75",
"69",
"77",
"77",
"88",
"72",
"90",
"82",
"78",
"84",
"84",
"80",
"96",
"80",
"87",
"65",
"77",
"72",
"88",
"72",
"83",
"57",
"61",
"65",
"81",
"82",
"64",
"88",
"80",
"63",
"92",
"94",
"84",
"84",
"76",
"90",
"82",
"80",
"97",
"75",
"76",
"89",
"84",
"90",
"78",
"85",
"93",
"88",
"84",
"81",
"76",
"90",
"93",
"85",
"109",
"93",
"91",
"104",
"103",
"85",
"98",
"105",
"93",
"100",
"118",
"89",
"91",
"107",
"103",
"95",
"85",
"101",
"98",
"103",
"118",
"111",
"102",
"123",
"119",
"92",
"109",
"122",
"123",
"91",
"104",
"127",
"132",
"132",
"140",
"174",
"157",
"175",
"207",
"256",
"339",
"354",
"400",
"523",
"668",
"815",
"985",
"1185",
"1510",
"1764",
"2161",
"2561",
"3193",
"3618",
"4360",
"4951",
"5907",
"6436",
"7254",
"8451",
"9462",
"10022",
"11100",
"12093",
"13452",
"13338",
"14495",
"15748",
"16070",
"15667",
"16553",
"16373",
"16511",
"15581",
"15794",
"15431",
"15345",
"13633",
"13388",
"12492",
"11966",
"10361",
"9913",
"8811",
"7988",
"6717",
"6085",
"5394",
"4720",
"3928",
"3404",
"2800",
"2244",
"1817",
"1622",
"1291",
"1052",
"845",
"639",
"591",
"445",
"341",
"266",
"227",
"215",
"179",
"176",
"124",
"160",
"120",
"108",
"87",
"98",
"85",
"95",
"111",
"85",
"90",
"100",
"87",
"98",
"91",
"91",
"95",
"85",
"72",
"83",
"85",
"83",
"80",
"79",
"90",
"88",
"67",
"92",
"69",
"69",
"72",
"84",
"85",
"82",
"90",
"71",
"61",
"84",
"79",
"83",
"93",
"87",
"74",
"67",
"80",
"80",
"74",
"77",
"82",
"76",
"79",
"72",
"84",
"77",
"69",
"67",
"74",
"98",
"77",
"77",
"82",
"90",
"77",
"88",
"92",
"80",
"81",
"84",
"98",
"97",
"75",
"113",
"81",
"87",
"74",
"89",
"104",
"76",
"97",
"70",
"89",
"91",
"83",
"113",
"96",
"104",
"98",
"90",
"89",
"100",
"79",
"104",
"93",
"116",
"82",
"110",
"113",
"102",
"88",
"111",
"121",
"126",
"126",
"156",
"153",
"173",
"207",
"220",
"255",
"302",
"366",
"409",
"463",
"559",
"612",
"723",
"848",
"911",
"1024",
"1270",
"1267",
"1522",
"1518",
"1742",
"1835",
"1965",
"2063",
"2243",
"2375",
"2505",
"2508",
"2551",
"2562",
"2702",
"2570",
"2636",
"2569",
"2468",
"2370",
"2331",
"2160",
"2038",
"1926",
"1872",
"1702",
"1662",
"1450",
"1318",
"1178",
"1137",
"1055",
"951",
"915",
"837",
"739",
"679",
"671",
"613",
"571",
"504",
"484",
"504",
"431",
"438",
"401",
"369",
"334",
"347",
"357",
"267",
"211",
"203",
"220",
"198",
"161",
"161",
"149",
"136",
"100",
"106",
"97",
"100",
"104",
"65",
"88",
"65",
"71",
"70",
"61",
"63",
"60",
"63",
"62",
"44",
"56",
"57",
"45",
"50",
"47",
"51",
"60",
"49",
"53",
"39",
"63",
"55",
"39",
"76",
"66",
"54",
"51",
"54",
"67",
"52",
"71",
"57",
"47",
"48",
"54",
"51",
"52",
"51",
"63",
"55",
"52",
"40",
"54",
"52",
"62",
"48",
"66",
"39",
"58",
"61",
"50",
"54",
"60",
"48",
"36",
"48",
"54",
"50",
"52",
"44",
"63",
"49",
"38",
"67",
"58",
"51",
"48",
"50",
"49",
"44",
"65",
"51",
"57",
"45",
"51",
"57",
"49",
"52",
"42",
"47",
"58",
"53",
"62",
"51",
"44",
"45",
"41",
"38",
"47",
"55",
"55",
"50",
"52",
"45",
"65",
"50",
"54",
"48",
"58",
"41",
"51",
"57",
"58",
"50",
"57",
"64",
"48",
"58",
"54",
"53",
"57",
"49",
"37",
"66",
"43",
"58",
"42",
"60",
"44",
"51",
"51",
"54",
"39",
"57",
"62",
"57",
"44",
"56",
"44",
"47",
"51",
"68",
"54",
"41",
"56",
"44",
"64",
"50",
"54",
"45",
"64",
"48",
"42",
"56",
"61",
"49",
"65",
"53",
"60",
"54",
"57",
"44",
"48",
"47",
"43",
"55",
"47",
"68",
"56",
"56",
"64",
"50",
"40",
"48",
"52",
"44",
"61",
"65",
"55",
"51",
"57",
"53",
"57",
"48",
"62",
"66",
"57",
"45",
"40",
"61",
"45",
"62",
"53",
"44",
"64",
"55",
"67",
"69",
"58",
"60",
"72",
"65",
"60",
"63",
"60",
"56",
"62",
"78",
"71",
"84",
"51",
"66",
"68",
"64",
"65",
"55",
"67",
"70",
"63",
"76",
"94",
"85",
"57",
"63",
"70",
"76",
"63",
"63",
"69",
"84",
"74",
"94",
"81",
"77",
"83",
"97",
"82",
"79",
"90",
"87",
"96",
"82",
"100",
"110",
"88",
"110",
"117",
"103",
"115",
"94",
"113",
"137",
"111",
"127",
"126",
"143",
"137",
"145",
"153",
"156",
"147",
"164",
"157",
"185",
"170",
"181",
"217",
"175",
"224",
"217",
"239",
"246",
"217",
"260",
"254",
"259",
"228",
"258",
"282",
"285",
"268",
"287",
"328",
"339",
"322",
"343",
"319",
"320",
"319",
"303",
"344",
"343",
"356",
"349",
"333",
"341",
"342",
"335",
"366",
"347",
"354",
"359",
"325",
"333",
"318",
"353",
"326",
"302",
"287",
"302",
"294",
"302",
"252",
"280",
"283",
"274",
"254",
"239",
"240",
"241",
"194",
"190",
"197",
"211",
"179",
"214",
"183",
"168",
"179",
"162",
"157",
"141",
"140",
"154",
"136",
"149",
"131",
"124",
"126",
"124",
"106",
"92",
"92",
"106",
"85",
"103",
"92",
"96",
"80",
"76",
"87",
"74",
"72",
"102",
"84",
"85",
"72",
"72",
"81",
"79",
"78",
"84",
"96",
"70",
"97",
"101",
"98",
"108",
"108",
"116",
"118",
"120",
"95",
"135",
"144",
"136",
"134",
"146",
"159",
"175",
"157",
"155",
"157",
"177",
"167",
"148",
"159",
"181",
"177",
"166",
"163",
"145",
"171",
"148",
"157",
"145",
"146",
"130",
"130",
"140",
"110",
"137",
"108",
"94",
"90",
"71",
"82",
"71",
"84",
"65",
"66",
"57",
"55",
"51",
"51",
"54",
"42",
"45",
"44",
"51",
"42",
"38",
"63",
"51",
"44",
"25917",
"Channel_info_start",
"Channel : Mg",
"Points : 0",
"Range : 0.000000 - 0.000000",
"Step : 0.010000",
"Channel_info_end",
"Channel_info_start",
"Channel : Al",
"Points : 0",
"Range : 0.000000 - 0.000000",
"Step : 0.010000",
"Channel_info_end",
"Channel_info_start",
"Channel : Si",
"Points : 0",
"Range : 0.000000 - 0.000000",
"Step : 0.010000",
"Channel_info_end",
"Channel_info_start",
"Channel : P ",
"Points : 0",
"Range : 0.000000 - 0.000000",
"Step : 0.010000",
"Channel_info_end",
"Channel_info_start",
"Channel : S ",
"Points : 0",
"Range : 0.000000 - 0.000000",
"Step : 0.010000",
"Channel_info_end",
"Channel_info_start",
"Channel : Cl",
"Points : 0",
"Range : 0.000000 - 0.000000",
"Step : 0.010000",
"Channel_info_end",
"Channel_info_start",
"Channel : K ",
"Points : 0",
"Range : 0.000000 - 0.000000",
"Step : 0.010000",
"Channel_info_end",
"Channel_info_start",
"Channel : Ca",
"Points : 0",
"Range : 0.000000 - 0.000000",
"Step : 0.010000",
"Channel_info_end",
"Channel_info_start",
"Channel : Ti",
"Points : 0",
"Range : 0.000000 - 0.000000",
"Step : 0.010000",
"Channel_info_end",
"Channel_info_start",
"Channel : V ",
"Points : 0",
"Range : 0.000000 - 0.000000",
"Step : 0.010000",
"Channel_info_end",
"Channel_info_start",
"Channel : Cr",
"Points : 0",
"Range : 0.000000 - 0.000000",
"Step : 0.010000",
"Channel_info_end",
"Channel_info_start",
"Channel : Mn",
"Points : 0",
"Range : 0.000000 - 0.000000",
"Step : 0.010000",
"Channel_info_end",
"Channel_info_start",
"Channel : Fe",
"Points : 0",
"Range : 0.000000 - 0.000000",
"Step : 0.010000",
"Channel_info_end",
"Channel_info_start",
"Channel : Cu",
"Points : 0",
"Range : 0.000000 - 0.000000",
"Step : 0.010000",
"Channel_info_end",
"Channel_info_start",
"Channel : Zn",
"Points : 0",
"Range : 0.000000 - 0.000000",
"Step : 0.010000",
"Channel_info_end",
"Channel_info_start",
"Channel : Sr",
"Points : 0",
"Range : 0.000000 - 0.000000",
"Step : 0.010000",
"Channel_info_end",
"Channel_info_start",
"Channel : Pb",
"Points : 0",
"Range : 0.000000 - 0.000000",
"Step : 0.010000",
"Channel_info_end",
"",
"Qualitative Result",
"--------------------------------------------------------------------------------",
"Element :  Sr, Ca, Ta, Ru",
"",
"Peak List",
"--------------------------------------------------------------------------------",
"Channel               Line        keV     Net Int.(cps/uA)",
"--------------------------------------------------------------------------------",
"Na                    ----         1.59     0.032",
"                      SrLa         1.82     0.575",
"                      CaKa         3.68     0.188",
"                      CaKb         4.00     0.027",
"                      TaLa         8.13     0.059",
"                      TaLb1        9.36     0.033",
"                      SrKa        14.12     7.936",
"                      SrKb        15.81     1.252",
"                      ----        16.14     0.117",
"                      RuKa        19.24     0.120",
"                      ----        19.49     0.039",
"                      ----        20.01     0.055",
"--------------------------------------------------------------------------------",
"",
"Quantitative Result",
"--------------------------------------------------------------------------------",
"Analyte               Result             Std.Dev. Proc.-Calc. Line Intensity(cps/uA)",
"--------------------------------------------------------------------------------",
"====[No. 1 Layer]====< Layer1               >===============================",
"Layer1                   0.000 ug/cm2    -------- Flux       -------- --------",
