"Sample    : Te 31510",
"Operator  : Luís",
"Comment  : cubatao-g-policarbonato",
"Group     : kerr2007ag180cal_lt",
"Date       : 2010-06-11 03:28:15",
"",
"Mesurement Condition",
"------------------------------------------------------------------------------------",
"Instrument : 700HS2   Atmosphere : Vac.   Collimator : 10(mm)   Spin : No",
"------------------------------------------------------------------------------------",
"Analyte               TG kV   uA      FI Acq.(keV)  Anal.(keV)  Time(sec)     DT(%)",
"------------------------------------------------------------------------------------",
"Na                    Rh 50  360-Auto Al  0 - 20    0.8 - 1.2   Live -  180   15",
"",
"<Profile>",
"Channel_info_start",
"Channel : Na",
"Points : 2048",
"Range : 0.000000 - 20.480000",
"Step : 0.010000",
"Channel_info_end",
"0",
"0",
"0",
"0",
"0",
"0",
"0",
"0",
"0",
"0",
"0",
"0",
"0",
"0",
"0",
"0",
"0",
"0",
"0",
"0",
"0",
"0",
"0",
"0",
"0",
"0",
"1",
"0",
"0",
"2",
"24",
"36",
"33",
"50",
"37",
"60",
"44",
"36",
"43",
"54",
"38",
"44",
"47",
"28",
"35",
"44",
"37",
"52",
"37",
"43",
"36",
"49",
"31",
"50",
"40",
"44",
"60",
"27",
"56",
"38",
"36",
"50",
"44",
"43",
"50",
"47",
"32",
"44",
"47",
"34",
"36",
"42",
"40",
"32",
"39",
"35",
"44",
"32",
"34",
"46",
"48",
"46",
"52",
"48",
"44",
"42",
"40",
"44",
"52",
"47",
"25",
"55",
"47",
"47",
"37",
"55",
"42",
"47",
"51",
"55",
"42",
"45",
"39",
"33",
"38",
"43",
"42",
"34",
"51",
"36",
"38",
"37",
"34",
"47",
"37",
"26",
"39",
"50",
"34",
"39",
"46",
"45",
"24",
"40",
"48",
"49",
"36",
"54",
"42",
"52",
"37",
"46",
"38",
"43",
"45",
"49",
"51",
"32",
"36",
"49",
"47",
"43",
"42",
"54",
"39",
"52",
"43",
"57",
"54",
"54",
"49",
"64",
"51",
"52",
"50",
"60",
"52",
"70",
"51",
"56",
"52",
"54",
"51",
"62",
"46",
"52",
"59",
"55",
"52",
"43",
"42",
"57",
"72",
"63",
"54",
"44",
"51",
"58",
"49",
"51",
"54",
"62",
"61",
"78",
"64",
"71",
"74",
"69",
"70",
"93",
"102",
"106",
"103",
"112",
"149",
"173",
"202",
"213",
"216",
"306",
"304",
"349",
"311",
"274",
"281",
"263",
"209",
"220",
"177",
"165",
"105",
"108",
"90",
"80",
"78",
"75",
"57",
"96",
"76",
"72",
"81",
"70",
"100",
"98",
"125",
"116",
"126",
"145",
"109",
"168",
"145",
"132",
"135",
"117",
"131",
"140",
"114",
"100",
"100",
"94",
"87",
"72",
"74",
"69",
"63",
"76",
"60",
"56",
"54",
"66",
"54",
"76",
"63",
"85",
"62",
"78",
"69",
"61",
"73",
"80",
"78",
"75",
"59",
"75",
"64",
"48",
"74",
"56",
"61",
"63",
"57",
"55",
"69",
"61",
"54",
"62",
"52",
"69",
"63",
"68",
"56",
"83",
"85",
"66",
"62",
"54",
"63",
"78",
"72",
"58",
"70",
"63",
"69",
"83",
"76",
"82",
"61",
"64",
"71",
"79",
"82",
"79",
"68",
"92",
"91",
"85",
"68",
"95",
"87",
"94",
"96",
"86",
"93",
"108",
"104",
"104",
"99",
"122",
"129",
"131",
"142",
"162",
"191",
"198",
"237",
"249",
"313",
"413",
"448",
"522",
"573",
"628",
"680",
"714",
"638",
"716",
"623",
"627",
"572",
"534",
"446",
"365",
"368",
"301",
"274",
"282",
"216",
"229",
"264",
"242",
"247",
"235",
"299",
"347",
"330",
"474",
"501",
"577",
"662",
"802",
"944",
"1252",
"1431",
"1835",
"2274",
"2959",
"3540",
"4608",
"5544",
"7198",
"7956",
"10167",
"11091",
"12885",
"13555",
"14834",
"15265",
"15419",
"14368",
"14330",
"12830",
"11651",
"9621",
"8647",
"6539",
"5407",
"3916",
"3120",
"2353",
"1984",
"1607",
"1604",
"1773",
"2124",
"2581",
"3426",
"4194",
"5100",
"5734",
"7272",
"7575",
"8929",
"8718",
"9831",
"9486",
"10023",
"8951",
"9182",
"8436",
"7810",
"6705",
"6289",
"5561",
"4767",
"3980",
"3499",
"2955",
"2641",
"2062",
"1826",
"1663",
"1630",
"1455",
"1530",
"1605",
"1681",
"1685",
"1918",
"2020",
"2174",
"2060",
"2176",
"1974",
"1928",
"1649",
"1631",
"1427",
"1208",
"1052",
"840",
"712",
"604",
"465",
"428",
"381",
"403",
"410",
"428",
"479",
"581",
"635",
"756",
"849",
"986",
"932",
"1149",
"1109",
"1194",
"1023",
"1157",
"1019",
"943",
"766",
"779",
"611",
"583",
"423",
"384",
"371",
"305",
"287",
"335",
"347",
"343",
"420",
"537",
"554",
"627",
"643",
"699",
"743",
"739",
"754",
"714",
"649",
"654",
"637",
"583",
"535",
"497",
"360",
"318",
"287",
"263",
"187",
"185",
"149",
"133",
"121",
"125",
"110",
"110",
"92",
"71",
"75",
"68",
"75",
"71",
"73",
"61",
"57",
"48",
"67",
"74",
"58",
"81",
"68",
"82",
"62",
"82",
"96",
"93",
"88",
"93",
"85",
"106",
"87",
"90",
"85",
"92",
"74",
"105",
"110",
"103",
"112",
"111",
"96",
"123",
"112",
"104",
"125",
"117",
"102",
"102",
"135",
"107",
"115",
"127",
"97",
"117",
"116",
"105",
"126",
"112",
"99",
"105",
"80",
"123",
"97",
"92",
"76",
"76",
"99",
"100",
"92",
"85",
"85",
"87",
"78",
"86",
"90",
"88",
"85",
"78",
"87",
"80",
"76",
"97",
"104",
"86",
"62",
"92",
"114",
"93",
"78",
"117",
"90",
"105",
"86",
"126",
"98",
"97",
"86",
"116",
"96",
"137",
"115",
"126",
"115",
"151",
"110",
"126",
"125",
"133",
"142",
"121",
"145",
"110",
"122",
"137",
"123",
"144",
"111",
"140",
"126",
"134",
"128",
"138",
"104",
"151",
"135",
"161",
"149",
"177",
"131",
"126",
"128",
"118",
"114",
"125",
"123",
"153",
"143",
"138",
"146",
"146",
"115",
"164",
"164",
"168",
"133",
"153",
"142",
"140",
"120",
"155",
"134",
"134",
"152",
"135",
"125",
"111",
"125",
"117",
"120",
"130",
"128",
"138",
"145",
"138",
"110",
"102",
"121",
"129",
"121",
"141",
"116",
"146",
"155",
"137",
"125",
"149",
"147",
"128",
"140",
"149",
"141",
"158",
"137",
"152",
"128",
"156",
"146",
"126",
"159",
"139",
"162",
"169",
"151",
"169",
"164",
"152",
"164",
"154",
"154",
"141",
"146",
"157",
"141",
"167",
"149",
"166",
"164",
"151",
"175",
"158",
"181",
"155",
"188",
"154",
"171",
"169",
"153",
"175",
"150",
"164",
"164",
"176",
"179",
"159",
"177",
"197",
"193",
"186",
"181",
"182",
"155",
"177",
"180",
"216",
"183",
"168",
"186",
"185",
"181",
"197",
"193",
"194",
"183",
"190",
"193",
"190",
"197",
"186",
"200",
"205",
"176",
"212",
"175",
"173",
"199",
"176",
"194",
"178",
"164",
"183",
"202",
"187",
"166",
"155",
"176",
"218",
"177",
"158",
"166",
"165",
"177",
"173",
"210",
"175",
"132",
"169",
"173",
"177",
"164",
"203",
"186",
"189",
"175",
"183",
"173",
"210",
"183",
"222",
"156",
"203",
"216",
"164",
"183",
"211",
"220",
"195",
"200",
"213",
"205",
"193",
"178",
"220",
"190",
"235",
"232",
"229",
"205",
"220",
"209",
"221",
"214",
"208",
"214",
"220",
"209",
"217",
"185",
"197",
"186",
"186",
"188",
"169",
"180",
"185",
"165",
"180",
"163",
"153",
"159",
"162",
"161",
"186",
"177",
"156",
"151",
"169",
"152",
"177",
"168",
"161",
"166",
"154",
"141",
"152",
"144",
"176",
"156",
"147",
"157",
"162",
"150",
"181",
"154",
"185",
"167",
"188",
"208",
"193",
"177",
"198",
"212",
"228",
"220",
"233",
"228",
"250",
"220",
"224",
"241",
"244",
"227",
"238",
"227",
"230",
"203",
"180",
"211",
"221",
"183",
"189",
"182",
"170",
"166",
"210",
"190",
"210",
"180",
"179",
"175",
"174",
"179",
"161",
"179",
"202",
"161",
"170",
"176",
"175",
"188",
"221",
"186",
"203",
"163",
"181",
"152",
"158",
"176",
"186",
"192",
"189",
"168",
"180",
"168",
"187",
"169",
"173",
"154",
"197",
"169",
"179",
"182",
"187",
"166",
"175",
"167",
"158",
"169",
"153",
"188",
"174",
"171",
"167",
"141",
"182",
"163",
"163",
"166",
"167",
"149",
"171",
"170",
"147",
"158",
"201",
"167",
"159",
"157",
"187",
"181",
"183",
"178",
"162",
"165",
"175",
"167",
"175",
"181",
"166",
"189",
"161",
"175",
"181",
"154",
"157",
"188",
"174",
"175",
"157",
"153",
"162",
"150",
"166",
"154",
"183",
"178",
"162",
"147",
"159",
"174",
"149",
"157",
"111",
"153",
"156",
"174",
"150",
"152",
"170",
"140",
"165",
"157",
"130",
"161",
"150",
"157",
"154",
"155",
"151",
"128",
"135",
"151",
"157",
"155",
"151",
"129",
"147",
"139",
"144",
"152",
"142",
"152",
"168",
"166",
"146",
"183",
"142",
"130",
"161",
"149",
"146",
"163",
"144",
"155",
"155",
"133",
"170",
"146",
"157",
"169",
"157",
"147",
"164",
"132",
"166",
"165",
"162",
"167",
"156",
"154",
"180",
"141",
"164",
"158",
"146",
"158",
"151",
"143",
"161",
"169",
"171",
"156",
"168",
"158",
"185",
"159",
"157",
"156",
"159",
"149",
"157",
"140",
"167",
"142",
"143",
"156",
"168",
"153",
"182",
"149",
"151",
"154",
"154",
"155",
"147",
"150",
"164",
"144",
"137",
"145",
"147",
"163",
"147",
"140",
"139",
"163",
"150",
"166",
"173",
"169",
"159",
"137",
"163",
"149",
"162",
"165",
"144",
"151",
"129",
"144",
"138",
"171",
"165",
"152",
"186",
"141",
"190",
"161",
"169",
"161",
"169",
"155",
"183",
"141",
"169",
"134",
"163",
"138",
"146",
"174",
"179",
"174",
"142",
"150",
"145",
"142",
"168",
"143",
"134",
"118",
"143",
"143",
"167",
"157",
"174",
"163",
"135",
"150",
"154",
"157",
"162",
"122",
"157",
"164",
"126",
"150",
"158",
"144",
"145",
"153",
"151",
"130",
"147",
"151",
"163",
"112",
"135",
"132",
"149",
"143",
"138",
"149",
"145",
"139",
"139",
"140",
"139",
"118",
"126",
"121",
"141",
"140",
"123",
"135",
"144",
"128",
"130",
"140",
"139",
"138",
"115",
"139",
"134",
"130",
"140",
"125",
"134",
"130",
"130",
"141",
"125",
"150",
"133",
"122",
"138",
"126",
"134",
"150",
"131",
"129",
"139",
"118",
"125",
"127",
"147",
"139",
"152",
"105",
"141",
"142",
"138",
"131",
"143",
"146",
"151",
"108",
"135",
"126",
"110",
"123",
"134",
"146",
"150",
"144",
"142",
"132",
"117",
"120",
"130",
"137",
"151",
"122",
"139",
"122",
"114",
"130",
"140",
"103",
"112",
"111",
"118",
"138",
"154",
"117",
"147",
"132",
"130",
"149",
"147",
"138",
"131",
"130",
"140",
"130",
"145",
"123",
"135",
"133",
"123",
"135",
"132",
"137",
"133",
"122",
"128",
"112",
"118",
"107",
"134",
"151",
"129",
"131",
"137",
"133",
"140",
"125",
"127",
"135",
"112",
"133",
"122",
"138",
"115",
"139",
"152",
"138",
"134",
"118",
"129",
"123",
"149",
"108",
"122",
"121",
"133",
"133",
"132",
"126",
"138",
"118",
"158",
"123",
"131",
"137",
"116",
"128",
"116",
"126",
"128",
"119",
"132",
"117",
"104",
"123",
"140",
"126",
"108",
"105",
"129",
"122",
"129",
"131",
"143",
"121",
"135",
"161",
"131",
"117",
"119",
"111",
"150",
"115",
"130",
"138",
"120",
"110",
"133",
"126",
"105",
"123",
"120",
"129",
"114",
"98",
"123",
"121",
"115",
"130",
"112",
"122",
"104",
"121",
"111",
"137",
"110",
"129",
"117",
"114",
"135",
"129",
"98",
"127",
"102",
"117",
"112",
"118",
"110",
"126",
"82",
"91",
"143",
"122",
"131",
"109",
"121",
"97",
"105",
"118",
"135",
"102",
"104",
"116",
"106",
"118",
"99",
"125",
"102",
"138",
"129",
"140",
"115",
"103",
"112",
"118",
"119",
"119",
"121",
"109",
"135",
"118",
"117",
"106",
"121",
"104",
"117",
"111",
"107",
"99",
"112",
"93",
"118",
"130",
"106",
"121",
"149",
"128",
"132",
"98",
"119",
"110",
"110",
"83",
"117",
"102",
"120",
"112",
"98",
"87",
"122",
"119",
"121",
"114",
"125",
"104",
"114",
"95",
"108",
"118",
"142",
"111",
"122",
"99",
"123",
"116",
"114",
"97",
"104",
"100",
"86",
"104",
"132",
"116",
"107",
"109",
"121",
"100",
"115",
"97",
"104",
"99",
"118",
"104",
"119",
"107",
"114",
"114",
"108",
"98",
"111",
"97",
"103",
"120",
"127",
"116",
"111",
"99",
"115",
"115",
"116",
"109",
"100",
"93",
"103",
"106",
"112",
"107",
"116",
"103",
"105",
"98",
"92",
"108",
"120",
"99",
"103",
"103",
"95",
"102",
"106",
"102",
"125",
"107",
"102",
"104",
"96",
"111",
"109",
"91",
"87",
"95",
"105",
"107",
"87",
"103",
"103",
"91",
"126",
"120",
"95",
"109",
"96",
"87",
"106",
"84",
"99",
"100",
"117",
"102",
"105",
"95",
"106",
"97",
"92",
"118",
"102",
"100",
"80",
"111",
"110",
"107",
"106",
"118",
"104",
"99",
"121",
"103",
"109",
"114",
"83",
"100",
"106",
"95",
"94",
"98",
"108",
"96",
"105",
"92",
"102",
"86",
"97",
"110",
"104",
"96",
"84",
"96",
"110",
"95",
"93",
"103",
"100",
"91",
"100",
"85",
"78",
"93",
"96",
"103",
"81",
"100",
"94",
"73",
"103",
"94",
"102",
"85",
"84",
"86",
"119",
"125",
"96",
"80",
"87",
"107",
"103",
"82",
"99",
"100",
"111",
"92",
"90",
"105",
"100",
"106",
"99",
"102",
"105",
"91",
"72",
"93",
"85",
"94",
"97",
"93",
"84",
"88",
"112",
"118",
"93",
"103",
"93",
"84",
"104",
"98",
"93",
"81",
"88",
"87",
"110",
"104",
"94",
"82",
"111",
"85",
"96",
"78",
"78",
"95",
"85",
"76",
"85",
"84",
"88",
"97",
"96",
"90",
"85",
"103",
"85",
"86",
"114",
"99",
"87",
"88",
"84",
"75",
"119",
"94",
"95",
"96",
"88",
"73",
"87",
"94",
"81",
"74",
"88",
"84",
"87",
"72",
"74",
"97",
"91",
"79",
"96",
"79",
"71",
"84",
"86",
"79",
"107",
"91",
"86",
"87",
"94",
"95",
"79",
"90",
"81",
"94",
"97",
"83",
"91",
"111",
"88",
"90",
"79",
"84",
"102",
"91",
"81",
"76",
"86",
"67",
"88",
"74",
"100",
"93",
"91",
"91",
"90",
"81",
"86",
"76",
"109",
"69",
"72",
"91",
"75",
"76",
"87",
"88",
"79",
"93",
"88",
"81",
"97",
"95",
"98",
"87",
"85",
"95",
"96",
"78",
"92",
"81",
"73",
"78",
"75",
"69",
"83",
"86",
"86",
"99",
"107",
"86",
"100",
"85",
"94",
"91",
"78",
"95",
"99",
"92",
"68",
"82",
"109",
"85",
"92",
"83",
"84",
"90",
"105",
"83",
"95",
"104",
"96",
"71",
"97",
"93",
"87",
"103",
"90",
"87",
"88",
"81",
"81",
"81",
"79",
"73",
"105",
"91",
"93",
"75",
"87",
"103",
"95",
"75",
"79",
"103",
"91",
"80",
"106",
"106",
"107",
"72",
"78",
"97",
"92",
"86",
"88",
"81",
"98",
"91",
"79",
"97",
"104",
"88",
"104",
"99",
"97",
"102",
"102",
"97",
"106",
"74",
"92",
"93",
"123",
"104",
"88",
"103",
"92",
"115",
"103",
"116",
"92",
"103",
"83",
"94",
"91",
"102",
"93",
"108",
"109",
"85",
"105",
"115",
"93",
"91",
"105",
"95",
"84",
"87",
"128",
"122",
"127",
"100",
"100",
"117",
"94",
"112",
"109",
"110",
"114",
"107",
"128",
"119",
"94",
"143",
"158",
"110",
"142",
"125",
"122",
"112",
"140",
"134",
"144",
"161",
"114",
"161",
"141",
"158",
"190",
"158",
"183",
"144",
"182",
"181",
"190",
"186",
"197",
"208",
"200",
"217",
"257",
"223",
"257",
"245",
"300",
"259",
"248",
"313",
"295",
"319",
"319",
"366",
"354",
"346",
"384",
"399",
"365",
"380",
"382",
"418",
"441",
"462",
"479",
"483",
"485",
"482",
"494",
"458",
"489",
"482",
"487",
"512",
"557",
"455",
"511",
"502",
"500",
"499",
"515",
"591",
"514",
"526",
"517",
"558",
"540",
"495",
"490",
"519",
"485",
"483",
"458",
"449",
"436",
"386",
"426",
"452",
"425",
"392",
"348",
"381",
"347",
"351",
"323",
"349",
"303",
"317",
"276",
"252",
"281",
"279",
"238",
"250",
"251",
"222",
"221",
"216",
"224",
"188",
"183",
"181",
"163",
"153",
"170",
"164",
"176",
"175",
"146",
"169",
"170",
"119",
"132",
"104",
"130",
"138",
"144",
"130",
"125",
"109",
"126",
"123",
"131",
"127",
"159",
"203",
"175",
"169",
"159",
"201",
"200",
"194",
"224",
"257",
"246",
"272",
"297",
"288",
"322",
"313",
"331",
"335",
"348",
"379",
"356",
"378",
"376",
"372",
"402",
"411",
"378",
"356",
"370",
"362",
"357",
"356",
"311",
"300",
"324",
"276",
"280",
"271",
"262",
"214",
"204",
"233",
"198",
"158",
"165",
"145",
"139",
"133",
"110",
"116",
"112",
"107",
"102",
"81",
"74",
"78",
"72",
"74",
"93",
"86",
"73",
"82",
"83",
"79",
"103421",
"Channel_info_start",
"Channel : Mg",
"Points : 0",
"Range : 0.000000 - 0.000000",
"Step : 0.010000",
"Channel_info_end",
"Channel_info_start",
"Channel : Al",
"Points : 0",
"Range : 0.000000 - 0.000000",
"Step : 0.010000",
"Channel_info_end",
"Channel_info_start",
"Channel : Si",
"Points : 0",
"Range : 0.000000 - 0.000000",
"Step : 0.010000",
"Channel_info_end",
"Channel_info_start",
"Channel : P ",
"Points : 0",
"Range : 0.000000 - 0.000000",
"Step : 0.010000",
"Channel_info_end",
"Channel_info_start",
"Channel : S ",
"Points : 0",
"Range : 0.000000 - 0.000000",
"Step : 0.010000",
"Channel_info_end",
"Channel_info_start",
"Channel : Cl",
"Points : 0",
"Range : 0.000000 - 0.000000",
"Step : 0.010000",
"Channel_info_end",
"Channel_info_start",
"Channel : K ",
"Points : 0",
"Range : 0.000000 - 0.000000",
"Step : 0.010000",
"Channel_info_end",
"Channel_info_start",
"Channel : Ca",
"Points : 0",
"Range : 0.000000 - 0.000000",
"Step : 0.010000",
"Channel_info_end",
"Channel_info_start",
"Channel : Ti",
"Points : 0",
"Range : 0.000000 - 0.000000",
"Step : 0.010000",
"Channel_info_end",
"Channel_info_start",
"Channel : V ",
"Points : 0",
"Range : 0.000000 - 0.000000",
"Step : 0.010000",
"Channel_info_end",
"Channel_info_start",
"Channel : Cr",
"Points : 0",
"Range : 0.000000 - 0.000000",
"Step : 0.010000",
"Channel_info_end",
"Channel_info_start",
"Channel : Mn",
"Points : 0",
"Range : 0.000000 - 0.000000",
"Step : 0.010000",
"Channel_info_end",
"Channel_info_start",
"Channel : Fe",
"Points : 0",
"Range : 0.000000 - 0.000000",
"Step : 0.010000",
"Channel_info_end",
"Channel_info_start",
"Channel : Cu",
"Points : 0",
"Range : 0.000000 - 0.000000",
"Step : 0.010000",
"Channel_info_end",
"Channel_info_start",
"Channel : Zn",
"Points : 0",
"Range : 0.000000 - 0.000000",
"Step : 0.010000",
"Channel_info_end",
"Channel_info_start",
"Channel : Sr",
"Points : 0",
"Range : 0.000000 - 0.000000",
"Step : 0.010000",
"Channel_info_end",
"Channel_info_start",
"Channel : Pb",
"Points : 0",
"Range : 0.000000 - 0.000000",
"Step : 0.010000",
"Channel_info_end",
"",
"Qualitative Result",
"--------------------------------------------------------------------------------",
"Element :  P , S , Te, Ca, Ru",
"",
"Peak List",
"--------------------------------------------------------------------------------",
"Channel               Line        keV     Net Int.(cps/uA)",
"--------------------------------------------------------------------------------",
"Na                    P Ka         2.01     0.051",
"                      S Ka         2.29     0.016",
"                      TeLL         3.32     0.104",
"                      CaKa         3.76     3.189",
"                      CaKb         4.04     0.446",
"                      TeLb1        4.04     1.582",
"                      TeLb2        4.30     0.358",
"                      TeLg1        4.56     0.177",
"                      TeLg2        4.82     0.120",
"                      RuKa        19.24     0.131",
"--------------------------------------------------------------------------------",
"",
"Quantitative Result",
"--------------------------------------------------------------------------------",
"Analyte               Result             Std.Dev. Proc.-Calc. Line Intensity(cps/uA)",
"--------------------------------------------------------------------------------",
"====[No. 1 Layer]====< Layer1               >===============================",
"Layer1                   0.000 ug/cm2    -------- Flux       -------- --------",
