"Sample    : baf2-31514",
"Operator  : Americo",
"Comment  : cal ",
"Group     : kerr2007ag180cal_lt",
"Date       : 2010-11-17 04:32:16",
"",
"Mesurement Condition",
"------------------------------------------------------------------------------------",
"Instrument : 700HS2   Atmosphere : Vac.   Collimator : 10(mm)   Spin : No",
"------------------------------------------------------------------------------------",
"Analyte               TG kV   uA      FI Acq.(keV)  Anal.(keV)  Time(sec)     DT(%)",
"------------------------------------------------------------------------------------",
"Na                    Rh 50  360-Auto Al  0 - 20    0.8 - 1.2   Live -  179   15",
"",
"<Profile>",
"Channel_info_start",
"Channel : Na",
"Points : 2048",
"Range : 0.000000 - 20.480000",
"Step : 0.010000",
"Channel_info_end",
"0",
"0",
"0",
"0",
"0",
"0",
"0",
"0",
"0",
"0",
"0",
"0",
"0",
"0",
"0",
"0",
"0",
"0",
"0",
"0",
"0",
"0",
"0",
"0",
"0",
"0",
"0",
"1",
"0",
"2",
"17",
"22",
"46",
"29",
"26",
"30",
"26",
"38",
"33",
"30",
"21",
"34",
"25",
"29",
"22",
"25",
"41",
"34",
"17",
"37",
"17",
"37",
"24",
"39",
"29",
"27",
"27",
"29",
"33",
"23",
"30",
"23",
"24",
"29",
"31",
"31",
"34",
"29",
"27",
"29",
"26",
"29",
"35",
"36",
"27",
"33",
"24",
"42",
"43",
"52",
"57",
"58",
"47",
"50",
"39",
"54",
"46",
"46",
"32",
"39",
"38",
"37",
"33",
"41",
"37",
"60",
"45",
"53",
"41",
"58",
"54",
"52",
"46",
"55",
"63",
"57",
"54",
"52",
"57",
"48",
"50",
"49",
"35",
"37",
"42",
"32",
"31",
"41",
"31",
"39",
"33",
"42",
"28",
"40",
"28",
"38",
"37",
"41",
"17",
"38",
"34",
"35",
"31",
"35",
"36",
"35",
"15",
"36",
"18",
"37",
"29",
"38",
"31",
"30",
"23",
"46",
"24",
"41",
"35",
"34",
"31",
"39",
"31",
"40",
"36",
"38",
"37",
"41",
"40",
"35",
"37",
"39",
"29",
"39",
"26",
"32",
"30",
"42",
"34",
"31",
"38",
"39",
"50",
"42",
"44",
"42",
"46",
"40",
"31",
"35",
"40",
"39",
"36",
"40",
"49",
"50",
"34",
"47",
"48",
"44",
"53",
"38",
"54",
"74",
"69",
"88",
"79",
"96",
"93",
"130",
"111",
"117",
"136",
"94",
"112",
"105",
"85",
"98",
"75",
"59",
"54",
"55",
"37",
"35",
"39",
"39",
"43",
"37",
"38",
"38",
"35",
"44",
"34",
"36",
"41",
"38",
"37",
"36",
"35",
"41",
"40",
"25",
"36",
"38",
"29",
"28",
"27",
"31",
"25",
"39",
"29",
"41",
"31",
"28",
"39",
"38",
"30",
"29",
"31",
"40",
"32",
"34",
"42",
"39",
"39",
"41",
"32",
"45",
"41",
"37",
"45",
"62",
"59",
"71",
"72",
"93",
"91",
"109",
"107",
"132",
"123",
"161",
"132",
"160",
"110",
"122",
"123",
"122",
"87",
"77",
"81",
"64",
"52",
"53",
"59",
"54",
"37",
"56",
"42",
"50",
"37",
"38",
"30",
"45",
"36",
"52",
"46",
"40",
"41",
"56",
"50",
"62",
"63",
"67",
"67",
"81",
"97",
"103",
"92",
"101",
"94",
"95",
"87",
"95",
"78",
"82",
"96",
"79",
"66",
"77",
"59",
"52",
"48",
"48",
"45",
"47",
"28",
"56",
"48",
"56",
"52",
"54",
"47",
"50",
"56",
"58",
"46",
"42",
"63",
"53",
"76",
"59",
"61",
"69",
"59",
"57",
"63",
"61",
"58",
"61",
"82",
"69",
"86",
"107",
"107",
"148",
"151",
"206",
"248",
"285",
"419",
"469",
"550",
"745",
"884",
"1064",
"1097",
"1247",
"1359",
"1328",
"1331",
"1273",
"1257",
"1102",
"931",
"890",
"743",
"572",
"417",
"362",
"285",
"237",
"213",
"229",
"209",
"241",
"251",
"284",
"332",
"466",
"437",
"532",
"607",
"665",
"641",
"725",
"763",
"751",
"735",
"777",
"689",
"667",
"578",
"547",
"484",
"407",
"330",
"336",
"285",
"259",
"220",
"207",
"183",
"198",
"155",
"182",
"169",
"166",
"153",
"151",
"196",
"191",
"202",
"246",
"241",
"286",
"309",
"372",
"442",
"523",
"578",
"825",
"1045",
"1415",
"1741",
"2433",
"3023",
"4085",
"4922",
"6488",
"7728",
"9511",
"10453",
"12020",
"12940",
"14237",
"14208",
"14920",
"14166",
"13612",
"11932",
"11094",
"9429",
"8403",
"6521",
"5509",
"4132",
"3251",
"2332",
"1679",
"1196",
"924",
"686",
"551",
"435",
"428",
"404",
"482",
"581",
"732",
"971",
"1318",
"1753",
"2292",
"2847",
"3784",
"4236",
"5414",
"6008",
"7155",
"7820",
"8749",
"8515",
"9190",
"9132",
"9337",
"8552",
"8389",
"7685",
"7271",
"6021",
"5653",
"4928",
"4435",
"3620",
"3318",
"2724",
"2373",
"1948",
"1686",
"1459",
"1267",
"1076",
"1019",
"981",
"1037",
"970",
"1162",
"1315",
"1481",
"1555",
"1983",
"2054",
"2209",
"2297",
"2515",
"2322",
"2334",
"2166",
"2201",
"1901",
"1730",
"1518",
"1306",
"1119",
"936",
"733",
"625",
"467",
"389",
"302",
"275",
"208",
"226",
"179",
"198",
"186",
"205",
"201",
"262",
"248",
"340",
"383",
"486",
"570",
"688",
"751",
"874",
"972",
"1123",
"1162",
"1290",
"1270",
"1331",
"1238",
"1211",
"1154",
"1134",
"908",
"881",
"708",
"681",
"565",
"472",
"436",
"389",
"318",
"325",
"361",
"348",
"386",
"413",
"466",
"540",
"552",
"602",
"653",
"699",
"698",
"721",
"702",
"736",
"755",
"646",
"630",
"561",
"485",
"464",
"391",
"398",
"291",
"325",
"277",
"273",
"253",
"251",
"228",
"234",
"198",
"236",
"204",
"188",
"172",
"175",
"156",
"161",
"148",
"138",
"139",
"130",
"126",
"107",
"107",
"127",
"123",
"132",
"129",
"91",
"111",
"116",
"116",
"126",
"132",
"137",
"119",
"130",
"116",
"126",
"127",
"124",
"131",
"138",
"153",
"153",
"147",
"137",
"155",
"149",
"150",
"170",
"144",
"160",
"135",
"169",
"146",
"138",
"149",
"168",
"131",
"165",
"128",
"139",
"147",
"148",
"139",
"144",
"139",
"153",
"114",
"147",
"123",
"167",
"141",
"134",
"140",
"148",
"154",
"135",
"142",
"147",
"120",
"120",
"133",
"134",
"122",
"150",
"130",
"118",
"118",
"123",
"110",
"127",
"109",
"127",
"117",
"110",
"122",
"124",
"119",
"138",
"117",
"110",
"126",
"111",
"108",
"131",
"129",
"134",
"117",
"127",
"121",
"132",
"111",
"150",
"114",
"130",
"125",
"119",
"130",
"116",
"122",
"137",
"125",
"136",
"112",
"136",
"138",
"144",
"149",
"145",
"125",
"126",
"125",
"149",
"133",
"128",
"134",
"139",
"170",
"144",
"128",
"157",
"159",
"168",
"108",
"133",
"144",
"144",
"150",
"149",
"139",
"160",
"129",
"144",
"157",
"160",
"142",
"170",
"164",
"164",
"175",
"172",
"137",
"151",
"134",
"166",
"154",
"154",
"150",
"153",
"147",
"180",
"142",
"158",
"142",
"135",
"154",
"148",
"165",
"168",
"144",
"157",
"140",
"153",
"150",
"173",
"146",
"153",
"141",
"158",
"176",
"161",
"149",
"180",
"159",
"176",
"161",
"180",
"160",
"181",
"184",
"171",
"175",
"180",
"175",
"201",
"169",
"195",
"201",
"212",
"214",
"221",
"209",
"235",
"240",
"217",
"220",
"226",
"208",
"210",
"189",
"212",
"185",
"195",
"189",
"191",
"198",
"203",
"178",
"178",
"148",
"193",
"177",
"175",
"163",
"170",
"157",
"153",
"160",
"151",
"134",
"133",
"139",
"146",
"126",
"132",
"117",
"143",
"154",
"126",
"143",
"148",
"144",
"150",
"151",
"174",
"170",
"151",
"146",
"170",
"154",
"194",
"161",
"166",
"160",
"185",
"209",
"176",
"192",
"182",
"216",
"215",
"186",
"196",
"198",
"205",
"202",
"199",
"215",
"193",
"162",
"199",
"143",
"165",
"161",
"155",
"158",
"164",
"173",
"144",
"141",
"175",
"159",
"180",
"158",
"158",
"162",
"150",
"150",
"157",
"146",
"156",
"155",
"182",
"160",
"177",
"159",
"154",
"141",
"160",
"159",
"167",
"142",
"151",
"176",
"146",
"150",
"153",
"135",
"163",
"147",
"142",
"157",
"157",
"149",
"147",
"151",
"167",
"148",
"183",
"180",
"168",
"160",
"173",
"175",
"182",
"200",
"170",
"184",
"183",
"167",
"194",
"201",
"195",
"167",
"180",
"184",
"184",
"155",
"182",
"157",
"165",
"151",
"180",
"154",
"163",
"161",
"160",
"173",
"171",
"164",
"173",
"165",
"164",
"174",
"158",
"180",
"160",
"182",
"170",
"183",
"157",
"160",
"170",
"139",
"189",
"166",
"177",
"170",
"163",
"160",
"162",
"172",
"163",
"151",
"169",
"143",
"150",
"126",
"148",
"163",
"141",
"144",
"124",
"156",
"127",
"133",
"126",
"138",
"157",
"145",
"121",
"155",
"137",
"121",
"156",
"147",
"144",
"144",
"149",
"153",
"165",
"127",
"154",
"140",
"142",
"136",
"138",
"144",
"137",
"107",
"138",
"128",
"138",
"120",
"144",
"134",
"149",
"149",
"117",
"143",
"153",
"150",
"151",
"172",
"148",
"111",
"129",
"161",
"150",
"149",
"144",
"137",
"155",
"147",
"153",
"160",
"146",
"131",
"158",
"142",
"140",
"142",
"132",
"156",
"140",
"148",
"153",
"136",
"144",
"139",
"146",
"144",
"134",
"160",
"129",
"151",
"155",
"108",
"139",
"145",
"130",
"144",
"175",
"130",
"129",
"128",
"161",
"146",
"157",
"157",
"141",
"143",
"119",
"139",
"150",
"126",
"150",
"148",
"169",
"144",
"143",
"140",
"142",
"151",
"126",
"129",
"142",
"137",
"151",
"126",
"142",
"128",
"142",
"129",
"117",
"139",
"139",
"150",
"130",
"145",
"119",
"149",
"141",
"135",
"153",
"153",
"160",
"153",
"134",
"128",
"151",
"131",
"138",
"128",
"151",
"114",
"160",
"143",
"128",
"136",
"136",
"128",
"149",
"132",
"135",
"145",
"134",
"133",
"136",
"137",
"131",
"118",
"127",
"121",
"150",
"123",
"147",
"147",
"129",
"126",
"125",
"129",
"127",
"125",
"132",
"110",
"123",
"141",
"140",
"130",
"149",
"136",
"131",
"135",
"132",
"123",
"141",
"112",
"117",
"157",
"132",
"147",
"123",
"119",
"138",
"115",
"140",
"138",
"133",
"122",
"139",
"130",
"142",
"123",
"121",
"120",
"121",
"117",
"128",
"128",
"127",
"113",
"111",
"136",
"153",
"129",
"129",
"125",
"111",
"129",
"129",
"121",
"131",
"109",
"138",
"133",
"126",
"128",
"123",
"116",
"142",
"129",
"132",
"132",
"133",
"129",
"112",
"133",
"117",
"121",
"131",
"131",
"122",
"91",
"117",
"108",
"116",
"106",
"114",
"112",
"107",
"119",
"147",
"127",
"135",
"114",
"102",
"112",
"126",
"111",
"108",
"124",
"124",
"125",
"125",
"122",
"133",
"117",
"122",
"132",
"109",
"126",
"128",
"126",
"112",
"110",
"125",
"137",
"119",
"121",
"123",
"117",
"120",
"126",
"145",
"107",
"151",
"109",
"108",
"114",
"140",
"122",
"127",
"126",
"121",
"113",
"102",
"119",
"136",
"116",
"109",
"132",
"127",
"115",
"137",
"121",
"111",
"135",
"127",
"115",
"118",
"126",
"129",
"100",
"122",
"103",
"104",
"119",
"134",
"109",
"131",
"103",
"134",
"132",
"103",
"118",
"107",
"124",
"120",
"100",
"108",
"122",
"116",
"146",
"126",
"108",
"111",
"105",
"122",
"106",
"110",
"118",
"115",
"97",
"125",
"105",
"120",
"105",
"105",
"115",
"124",
"105",
"116",
"115",
"122",
"116",
"104",
"120",
"143",
"118",
"96",
"90",
"111",
"111",
"111",
"120",
"103",
"127",
"111",
"97",
"115",
"99",
"114",
"114",
"110",
"103",
"126",
"92",
"117",
"100",
"97",
"119",
"110",
"104",
"116",
"114",
"103",
"100",
"129",
"105",
"90",
"109",
"114",
"105",
"120",
"105",
"95",
"94",
"108",
"90",
"108",
"86",
"101",
"109",
"114",
"117",
"93",
"105",
"107",
"102",
"111",
"114",
"113",
"106",
"101",
"107",
"122",
"115",
"114",
"102",
"113",
"104",
"120",
"111",
"100",
"109",
"109",
"119",
"117",
"108",
"111",
"127",
"95",
"139",
"122",
"103",
"110",
"127",
"115",
"131",
"120",
"113",
"110",
"112",
"126",
"118",
"116",
"132",
"127",
"117",
"132",
"115",
"108",
"112",
"110",
"103",
"146",
"127",
"117",
"87",
"80",
"99",
"91",
"109",
"112",
"96",
"118",
"107",
"99",
"96",
"119",
"96",
"104",
"118",
"109",
"109",
"106",
"119",
"108",
"98",
"109",
"103",
"117",
"82",
"117",
"106",
"96",
"86",
"100",
"105",
"99",
"84",
"111",
"98",
"84",
"89",
"91",
"122",
"108",
"101",
"94",
"79",
"100",
"122",
"96",
"91",
"111",
"101",
"93",
"118",
"112",
"95",
"78",
"92",
"119",
"76",
"117",
"92",
"93",
"99",
"107",
"106",
"101",
"113",
"106",
"105",
"105",
"104",
"104",
"91",
"92",
"105",
"95",
"106",
"101",
"93",
"109",
"98",
"95",
"88",
"109",
"108",
"87",
"84",
"91",
"87",
"94",
"89",
"114",
"79",
"99",
"79",
"101",
"101",
"117",
"93",
"78",
"109",
"95",
"103",
"92",
"91",
"105",
"96",
"101",
"118",
"97",
"89",
"90",
"75",
"109",
"104",
"86",
"102",
"110",
"83",
"104",
"84",
"104",
"97",
"95",
"83",
"98",
"83",
"103",
"90",
"88",
"62",
"94",
"82",
"108",
"96",
"98",
"84",
"78",
"101",
"75",
"90",
"79",
"99",
"90",
"86",
"86",
"94",
"95",
"88",
"113",
"96",
"94",
"95",
"112",
"80",
"106",
"96",
"74",
"94",
"104",
"96",
"100",
"92",
"92",
"87",
"80",
"87",
"102",
"93",
"91",
"103",
"74",
"79",
"79",
"89",
"86",
"99",
"92",
"88",
"74",
"97",
"79",
"92",
"94",
"82",
"74",
"80",
"79",
"73",
"74",
"67",
"99",
"98",
"96",
"95",
"84",
"87",
"91",
"94",
"84",
"86",
"109",
"84",
"74",
"85",
"86",
"88",
"98",
"72",
"72",
"84",
"80",
"71",
"97",
"82",
"91",
"84",
"66",
"100",
"89",
"93",
"102",
"78",
"77",
"88",
"94",
"88",
"73",
"88",
"88",
"89",
"81",
"79",
"77",
"86",
"86",
"84",
"97",
"82",
"80",
"91",
"96",
"80",
"75",
"108",
"66",
"95",
"89",
"71",
"80",
"73",
"97",
"79",
"87",
"72",
"90",
"101",
"103",
"70",
"91",
"91",
"91",
"70",
"80",
"83",
"82",
"74",
"77",
"69",
"87",
"88",
"66",
"68",
"65",
"91",
"81",
"90",
"88",
"85",
"69",
"71",
"87",
"80",
"86",
"77",
"78",
"85",
"66",
"75",
"90",
"76",
"88",
"86",
"82",
"84",
"85",
"84",
"84",
"72",
"79",
"85",
"84",
"81",
"79",
"78",
"85",
"78",
"76",
"86",
"68",
"64",
"83",
"79",
"84",
"75",
"89",
"81",
"88",
"90",
"80",
"86",
"67",
"72",
"74",
"70",
"73",
"69",
"85",
"83",
"83",
"66",
"75",
"100",
"79",
"93",
"72",
"79",
"73",
"75",
"78",
"86",
"85",
"67",
"73",
"75",
"91",
"93",
"81",
"65",
"69",
"82",
"78",
"90",
"71",
"71",
"83",
"97",
"87",
"80",
"72",
"78",
"73",
"76",
"81",
"83",
"95",
"81",
"83",
"76",
"89",
"97",
"101",
"97",
"82",
"74",
"86",
"88",
"94",
"75",
"92",
"96",
"102",
"98",
"89",
"80",
"105",
"66",
"100",
"80",
"101",
"102",
"97",
"89",
"77",
"109",
"95",
"83",
"90",
"91",
"91",
"99",
"96",
"87",
"87",
"106",
"91",
"82",
"93",
"103",
"85",
"110",
"101",
"98",
"100",
"100",
"117",
"92",
"97",
"79",
"90",
"108",
"102",
"106",
"111",
"110",
"128",
"108",
"131",
"106",
"98",
"127",
"118",
"134",
"136",
"123",
"130",
"139",
"160",
"151",
"146",
"154",
"165",
"149",
"155",
"172",
"189",
"185",
"186",
"208",
"192",
"200",
"220",
"216",
"211",
"238",
"238",
"240",
"255",
"266",
"237",
"315",
"313",
"320",
"332",
"334",
"367",
"332",
"396",
"401",
"399",
"407",
"422",
"451",
"429",
"450",
"421",
"494",
"511",
"493",
"526",
"506",
"525",
"485",
"497",
"538",
"512",
"480",
"512",
"519",
"498",
"488",
"507",
"556",
"541",
"447",
"519",
"525",
"532",
"498",
"481",
"502",
"489",
"434",
"442",
"485",
"419",
"384",
"439",
"407",
"369",
"360",
"344",
"363",
"331",
"295",
"277",
"331",
"294",
"286",
"294",
"251",
"221",
"243",
"239",
"230",
"218",
"198",
"160",
"179",
"175",
"185",
"160",
"168",
"148",
"129",
"156",
"164",
"158",
"140",
"165",
"129",
"124",
"109",
"136",
"121",
"116",
"127",
"126",
"131",
"128",
"124",
"131",
"135",
"178",
"136",
"142",
"168",
"174",
"175",
"184",
"197",
"220",
"221",
"219",
"242",
"244",
"252",
"265",
"293",
"288",
"276",
"294",
"320",
"308",
"323",
"330",
"335",
"399",
"323",
"305",
"387",
"333",
"315",
"289",
"310",
"276",
"288",
"272",
"292",
"251",
"230",
"219",
"216",
"214",
"189",
"188",
"170",
"180",
"119",
"147",
"134",
"136",
"100",
"111",
"92",
"86",
"58",
"90",
"82",
"75",
"75",
"65",
"66",
"72",
"64",
"82",
"71",
"83",
"60",
"51190",
"Channel_info_start",
"Channel : Mg",
"Points : 0",
"Range : 0.000000 - 0.000000",
"Step : 0.010000",
"Channel_info_end",
"Channel_info_start",
"Channel : Al",
"Points : 0",
"Range : 0.000000 - 0.000000",
"Step : 0.010000",
"Channel_info_end",
"Channel_info_start",
"Channel : Si",
"Points : 0",
"Range : 0.000000 - 0.000000",
"Step : 0.010000",
"Channel_info_end",
"Channel_info_start",
"Channel : P ",
"Points : 0",
"Range : 0.000000 - 0.000000",
"Step : 0.010000",
"Channel_info_end",
"Channel_info_start",
"Channel : S ",
"Points : 0",
"Range : 0.000000 - 0.000000",
"Step : 0.010000",
"Channel_info_end",
"Channel_info_start",
"Channel : Cl",
"Points : 0",
"Range : 0.000000 - 0.000000",
"Step : 0.010000",
"Channel_info_end",
"Channel_info_start",
"Channel : K ",
"Points : 0",
"Range : 0.000000 - 0.000000",
"Step : 0.010000",
"Channel_info_end",
"Channel_info_start",
"Channel : Ca",
"Points : 0",
"Range : 0.000000 - 0.000000",
"Step : 0.010000",
"Channel_info_end",
"Channel_info_start",
"Channel : Ti",
"Points : 0",
"Range : 0.000000 - 0.000000",
"Step : 0.010000",
"Channel_info_end",
"Channel_info_start",
"Channel : V ",
"Points : 0",
"Range : 0.000000 - 0.000000",
"Step : 0.010000",
"Channel_info_end",
"Channel_info_start",
"Channel : Cr",
"Points : 0",
"Range : 0.000000 - 0.000000",
"Step : 0.010000",
"Channel_info_end",
"Channel_info_start",
"Channel : Mn",
"Points : 0",
"Range : 0.000000 - 0.000000",
"Step : 0.010000",
"Channel_info_end",
"Channel_info_start",
"Channel : Fe",
"Points : 0",
"Range : 0.000000 - 0.000000",
"Step : 0.010000",
"Channel_info_end",
"Channel_info_start",
"Channel : Cu",
"Points : 0",
"Range : 0.000000 - 0.000000",
"Step : 0.010000",
"Channel_info_end",
"Channel_info_start",
"Channel : Zn",
"Points : 0",
"Range : 0.000000 - 0.000000",
"Step : 0.010000",
"Channel_info_end",
"Channel_info_start",
"Channel : Sr",
"Points : 0",
"Range : 0.000000 - 0.000000",
"Step : 0.010000",
"Channel_info_end",
"Channel_info_start",
"Channel : Pb",
"Points : 0",
"Range : 0.000000 - 0.000000",
"Step : 0.010000",
"Channel_info_end",
"",
"Qualitative Result",
"--------------------------------------------------------------------------------",
"Element :  P , Ba, Ca, Te, Pr, Ru",
"",
"Peak List",
"--------------------------------------------------------------------------------",
"Channel               Line        keV     Net Int.(cps/uA)",
"--------------------------------------------------------------------------------",
"Na                    P Ka         2.01     0.017",
"                      BaLaESC      2.72     0.023",
"                      BaLb1ESC     3.07     0.011",
"                      CaKa         3.69     0.267",
"                      BaLL         3.96     0.096",
"                      TeLb1        3.96     0.037",
"                      BaLa         4.47     3.201",
"                      BaLb1        4.84     2.048",
"                      BaLb2        5.15     0.489",
"                      BaLg1        5.52     0.192",
"                      PrLb1        5.52     0.068",
"                      BaLg2        5.81     0.137",
"                      ----         8.04     0.025",
"                      RuKa        19.24     0.129",
"                      ----        19.97     0.064",
"--------------------------------------------------------------------------------",
"",
"Quantitative Result",
"--------------------------------------------------------------------------------",
"Analyte               Result             Std.Dev. Proc.-Calc. Line Intensity(cps/uA)",
"--------------------------------------------------------------------------------",
"====[No. 1 Layer]====< Layer1               >===============================",
"Layer1                   0.000 ug/cm2    -------- Flux       -------- --------",
