"Sample    : kcl-31494",
"Operator  : Americo",
"Comment  : cal 51",
"Group     : kerr2007ag180cal_lt",
"Date       : 2010-11-17 06:53:32",
"",
"Mesurement Condition",
"------------------------------------------------------------------------------------",
"Instrument : 700HS2   Atmosphere : Vac.   Collimator : 10(mm)   Spin : No",
"------------------------------------------------------------------------------------",
"Analyte               TG kV   uA      FI Acq.(keV)  Anal.(keV)  Time(sec)     DT(%)",
"------------------------------------------------------------------------------------",
"Na                    Rh 50   19-Auto Al  0 - 20    0.8 - 1.2   Live -  179   15",
"",
"<Profile>",
"Channel_info_start",
"Channel : Na",
"Points : 2048",
"Range : 0.000000 - 20.480000",
"Step : 0.010000",
"Channel_info_end",
"0",
"0",
"0",
"0",
"0",
"0",
"0",
"0",
"0",
"0",
"0",
"0",
"0",
"0",
"0",
"0",
"0",
"0",
"0",
"0",
"0",
"0",
"0",
"0",
"0",
"0",
"0",
"0",
"1",
"0",
"18",
"42",
"28",
"46",
"42",
"45",
"36",
"40",
"31",
"42",
"43",
"40",
"41",
"40",
"49",
"46",
"29",
"44",
"31",
"37",
"40",
"42",
"31",
"45",
"30",
"40",
"31",
"43",
"29",
"34",
"30",
"42",
"44",
"37",
"34",
"50",
"30",
"33",
"32",
"27",
"33",
"28",
"35",
"34",
"32",
"47",
"31",
"42",
"47",
"31",
"39",
"45",
"24",
"43",
"33",
"46",
"33",
"40",
"38",
"38",
"28",
"32",
"45",
"31",
"38",
"42",
"31",
"41",
"32",
"31",
"31",
"29",
"49",
"45",
"27",
"36",
"39",
"31",
"31",
"33",
"31",
"37",
"30",
"40",
"32",
"36",
"33",
"30",
"37",
"32",
"31",
"32",
"40",
"44",
"39",
"44",
"28",
"33",
"24",
"43",
"34",
"40",
"32",
"39",
"31",
"36",
"40",
"43",
"39",
"32",
"30",
"25",
"28",
"27",
"32",
"26",
"27",
"30",
"30",
"21",
"23",
"26",
"39",
"42",
"34",
"39",
"38",
"37",
"32",
"29",
"31",
"32",
"28",
"26",
"30",
"30",
"25",
"29",
"28",
"30",
"27",
"30",
"23",
"28",
"28",
"21",
"29",
"24",
"14",
"26",
"21",
"21",
"24",
"19",
"27",
"20",
"22",
"25",
"30",
"21",
"28",
"25",
"24",
"23",
"22",
"13",
"22",
"23",
"31",
"22",
"19",
"28",
"22",
"26",
"28",
"24",
"24",
"21",
"18",
"28",
"19",
"25",
"19",
"20",
"16",
"17",
"27",
"21",
"14",
"28",
"20",
"24",
"23",
"23",
"25",
"23",
"26",
"22",
"21",
"29",
"21",
"23",
"30",
"23",
"18",
"33",
"22",
"31",
"25",
"27",
"27",
"26",
"25",
"22",
"15",
"16",
"20",
"20",
"15",
"27",
"25",
"32",
"48",
"53",
"48",
"80",
"98",
"102",
"122",
"145",
"169",
"179",
"186",
"171",
"168",
"174",
"140",
"129",
"104",
"80",
"84",
"63",
"44",
"34",
"20",
"29",
"24",
"33",
"31",
"26",
"42",
"41",
"26",
"28",
"40",
"33",
"32",
"30",
"30",
"17",
"19",
"23",
"22",
"19",
"21",
"16",
"15",
"17",
"19",
"20",
"18",
"24",
"13",
"16",
"22",
"16",
"9",
"10",
"12",
"15",
"18",
"14",
"20",
"16",
"13",
"18",
"17",
"23",
"26",
"36",
"27",
"42",
"58",
"89",
"129",
"150",
"178",
"240",
"226",
"306",
"274",
"315",
"302",
"353",
"256",
"255",
"219",
"196",
"161",
"136",
"93",
"66",
"53",
"55",
"32",
"27",
"14",
"23",
"29",
"23",
"24",
"35",
"30",
"33",
"36",
"48",
"48",
"47",
"45",
"60",
"69",
"54",
"60",
"63",
"58",
"55",
"54",
"58",
"60",
"65",
"36",
"45",
"51",
"48",
"32",
"35",
"21",
"28",
"19",
"19",
"22",
"18",
"7",
"16",
"10",
"8",
"12",
"16",
"19",
"8",
"15",
"16",
"12",
"8",
"11",
"18",
"17",
"18",
"20",
"19",
"13",
"12",
"25",
"22",
"13",
"16",
"10",
"16",
"16",
"20",
"11",
"13",
"2",
"27",
"20",
"15",
"14",
"15",
"10",
"12",
"13",
"12",
"16",
"12",
"17",
"12",
"7",
"21",
"6",
"18",
"17",
"16",
"11",
"15",
"9",
"17",
"14",
"6",
"8",
"16",
"20",
"13",
"18",
"14",
"17",
"12",
"10",
"15",
"10",
"7",
"17",
"12",
"18",
"25",
"16",
"13",
"10",
"12",
"14",
"24",
"20",
"15",
"19",
"8",
"14",
"21",
"20",
"25",
"16",
"15",
"12",
"12",
"21",
"19",
"18",
"14",
"14",
"24",
"22",
"20",
"23",
"15",
"22",
"16",
"18",
"15",
"14",
"17",
"21",
"20",
"20",
"27",
"15",
"23",
"16",
"12",
"29",
"24",
"15",
"19",
"19",
"19",
"12",
"22",
"21",
"17",
"13",
"24",
"25",
"23",
"22",
"19",
"27",
"22",
"17",
"15",
"30",
"21",
"22",
"17",
"15",
"22",
"25",
"33",
"17",
"21",
"25",
"28",
"26",
"28",
"24",
"32",
"28",
"32",
"17",
"23",
"28",
"34",
"26",
"27",
"26",
"30",
"30",
"30",
"40",
"30",
"34",
"33",
"31",
"38",
"29",
"24",
"37",
"32",
"18",
"36",
"30",
"32",
"33",
"41",
"33",
"36",
"31",
"32",
"40",
"29",
"30",
"27",
"41",
"41",
"44",
"47",
"44",
"44",
"46",
"42",
"46",
"39",
"42",
"59",
"29",
"37",
"46",
"42",
"38",
"52",
"50",
"55",
"41",
"61",
"56",
"57",
"47",
"45",
"45",
"55",
"37",
"52",
"50",
"58",
"45",
"54",
"53",
"54",
"53",
"55",
"43",
"69",
"45",
"61",
"43",
"56",
"64",
"59",
"48",
"59",
"46",
"54",
"36",
"70",
"68",
"65",
"74",
"58",
"60",
"47",
"67",
"66",
"67",
"48",
"76",
"69",
"76",
"77",
"78",
"88",
"88",
"75",
"61",
"73",
"76",
"82",
"82",
"85",
"77",
"87",
"82",
"69",
"84",
"81",
"85",
"74",
"71",
"70",
"73",
"78",
"83",
"98",
"88",
"77",
"94",
"98",
"97",
"95",
"84",
"110",
"86",
"93",
"92",
"95",
"101",
"98",
"92",
"94",
"94",
"103",
"95",
"104",
"80",
"118",
"119",
"102",
"90",
"108",
"99",
"98",
"108",
"128",
"107",
"119",
"103",
"111",
"98",
"114",
"123",
"117",
"111",
"120",
"119",
"117",
"127",
"115",
"95",
"123",
"97",
"143",
"127",
"119",
"114",
"138",
"112",
"115",
"116",
"112",
"110",
"131",
"115",
"133",
"130",
"110",
"125",
"148",
"129",
"110",
"129",
"124",
"141",
"126",
"129",
"144",
"125",
"141",
"135",
"134",
"131",
"151",
"139",
"128",
"136",
"137",
"146",
"122",
"153",
"141",
"158",
"125",
"136",
"147",
"156",
"150",
"134",
"161",
"141",
"155",
"148",
"156",
"150",
"149",
"140",
"154",
"134",
"152",
"150",
"156",
"154",
"163",
"142",
"150",
"167",
"157",
"162",
"174",
"123",
"164",
"153",
"161",
"146",
"175",
"162",
"164",
"170",
"162",
"168",
"188",
"191",
"205",
"166",
"179",
"174",
"179",
"180",
"214",
"202",
"184",
"192",
"204",
"188",
"213",
"201",
"206",
"222",
"224",
"192",
"197",
"185",
"173",
"174",
"195",
"174",
"187",
"166",
"173",
"173",
"186",
"168",
"193",
"160",
"211",
"170",
"172",
"177",
"195",
"176",
"162",
"183",
"203",
"171",
"188",
"166",
"192",
"159",
"184",
"160",
"195",
"163",
"182",
"193",
"194",
"188",
"207",
"204",
"174",
"172",
"194",
"162",
"207",
"190",
"188",
"175",
"203",
"191",
"169",
"192",
"213",
"183",
"204",
"193",
"206",
"185",
"194",
"207",
"229",
"194",
"199",
"232",
"214",
"201",
"194",
"191",
"174",
"188",
"200",
"233",
"198",
"196",
"203",
"199",
"213",
"225",
"230",
"206",
"212",
"228",
"231",
"227",
"200",
"232",
"209",
"211",
"223",
"206",
"185",
"198",
"194",
"183",
"228",
"197",
"230",
"230",
"212",
"245",
"206",
"222",
"221",
"227",
"228",
"210",
"217",
"204",
"232",
"206",
"234",
"199",
"240",
"218",
"206",
"210",
"219",
"222",
"216",
"211",
"228",
"252",
"243",
"211",
"225",
"223",
"251",
"230",
"270",
"238",
"237",
"233",
"202",
"228",
"229",
"256",
"243",
"231",
"244",
"244",
"255",
"232",
"253",
"230",
"248",
"258",
"244",
"226",
"248",
"239",
"233",
"245",
"252",
"259",
"234",
"238",
"249",
"234",
"265",
"252",
"277",
"237",
"232",
"251",
"232",
"236",
"271",
"248",
"271",
"224",
"279",
"239",
"274",
"240",
"282",
"247",
"263",
"248",
"249",
"254",
"267",
"283",
"269",
"229",
"290",
"236",
"282",
"269",
"268",
"279",
"271",
"268",
"273",
"223",
"288",
"268",
"293",
"250",
"281",
"266",
"290",
"267",
"264",
"250",
"272",
"228",
"261",
"287",
"283",
"255",
"266",
"285",
"259",
"263",
"256",
"266",
"293",
"244",
"277",
"262",
"266",
"267",
"271",
"260",
"293",
"258",
"250",
"291",
"284",
"253",
"280",
"259",
"299",
"282",
"288",
"293",
"289",
"276",
"296",
"277",
"269",
"229",
"320",
"280",
"301",
"300",
"324",
"307",
"288",
"292",
"274",
"284",
"300",
"263",
"331",
"245",
"317",
"267",
"291",
"266",
"298",
"314",
"294",
"289",
"329",
"276",
"312",
"303",
"279",
"273",
"310",
"293",
"312",
"270",
"283",
"294",
"283",
"300",
"283",
"325",
"298",
"299",
"305",
"269",
"298",
"270",
"330",
"307",
"283",
"293",
"309",
"293",
"322",
"300",
"279",
"253",
"291",
"282",
"306",
"303",
"310",
"299",
"283",
"300",
"298",
"300",
"276",
"325",
"271",
"286",
"330",
"280",
"281",
"275",
"330",
"307",
"310",
"294",
"285",
"287",
"309",
"289",
"292",
"298",
"271",
"316",
"292",
"322",
"342",
"275",
"294",
"286",
"320",
"323",
"306",
"305",
"319",
"291",
"282",
"326",
"306",
"314",
"282",
"315",
"282",
"293",
"316",
"286",
"296",
"278",
"293",
"296",
"322",
"269",
"319",
"337",
"288",
"277",
"312",
"284",
"318",
"289",
"287",
"281",
"290",
"272",
"317",
"294",
"299",
"299",
"314",
"271",
"288",
"282",
"287",
"309",
"289",
"303",
"299",
"333",
"307",
"288",
"307",
"302",
"309",
"327",
"311",
"292",
"300",
"266",
"313",
"275",
"316",
"280",
"333",
"310",
"308",
"348",
"291",
"317",
"296",
"289",
"290",
"303",
"292",
"300",
"320",
"314",
"316",
"297",
"302",
"283",
"319",
"308",
"299",
"297",
"315",
"290",
"320",
"305",
"295",
"317",
"316",
"281",
"332",
"323",
"321",
"292",
"336",
"272",
"328",
"315",
"308",
"317",
"318",
"310",
"308",
"296",
"328",
"326",
"322",
"320",
"304",
"299",
"293",
"296",
"321",
"341",
"294",
"304",
"298",
"297",
"323",
"312",
"313",
"302",
"303",
"297",
"300",
"326",
"288",
"288",
"329",
"282",
"277",
"329",
"312",
"309",
"326",
"289",
"315",
"350",
"319",
"269",
"339",
"303",
"267",
"320",
"318",
"313",
"313",
"312",
"309",
"285",
"310",
"270",
"321",
"301",
"325",
"299",
"305",
"314",
"318",
"279",
"340",
"274",
"292",
"271",
"296",
"290",
"304",
"288",
"327",
"310",
"301",
"330",
"329",
"299",
"299",
"289",
"310",
"308",
"283",
"301",
"271",
"260",
"304",
"285",
"308",
"320",
"309",
"304",
"307",
"311",
"323",
"285",
"299",
"316",
"289",
"281",
"291",
"309",
"289",
"306",
"312",
"297",
"370",
"289",
"329",
"306",
"294",
"282",
"316",
"311",
"314",
"307",
"308",
"288",
"338",
"275",
"317",
"324",
"300",
"312",
"263",
"322",
"318",
"304",
"282",
"315",
"308",
"295",
"295",
"302",
"311",
"288",
"317",
"290",
"276",
"293",
"307",
"285",
"276",
"320",
"277",
"287",
"304",
"302",
"299",
"288",
"293",
"267",
"318",
"286",
"293",
"274",
"282",
"329",
"312",
"280",
"300",
"299",
"301",
"266",
"291",
"305",
"290",
"247",
"326",
"312",
"323",
"278",
"295",
"339",
"306",
"330",
"304",
"304",
"289",
"266",
"282",
"275",
"294",
"292",
"287",
"298",
"295",
"299",
"272",
"291",
"305",
"300",
"290",
"293",
"311",
"294",
"285",
"284",
"300",
"272",
"308",
"282",
"284",
"282",
"293",
"307",
"294",
"261",
"302",
"288",
"269",
"310",
"294",
"296",
"281",
"279",
"308",
"307",
"274",
"263",
"295",
"279",
"283",
"305",
"287",
"278",
"296",
"276",
"277",
"323",
"310",
"293",
"299",
"277",
"321",
"297",
"312",
"336",
"289",
"265",
"288",
"312",
"283",
"280",
"275",
"286",
"302",
"271",
"260",
"284",
"269",
"306",
"289",
"269",
"278",
"316",
"287",
"295",
"284",
"270",
"287",
"290",
"307",
"285",
"236",
"279",
"303",
"302",
"272",
"279",
"290",
"290",
"283",
"278",
"291",
"293",
"318",
"277",
"277",
"251",
"289",
"285",
"294",
"282",
"292",
"279",
"293",
"277",
"279",
"269",
"262",
"292",
"262",
"297",
"276",
"302",
"256",
"291",
"272",
"264",
"283",
"282",
"262",
"284",
"286",
"292",
"256",
"305",
"298",
"292",
"290",
"268",
"289",
"275",
"286",
"254",
"235",
"296",
"286",
"271",
"287",
"274",
"283",
"290",
"282",
"262",
"301",
"269",
"279",
"311",
"283",
"283",
"311",
"269",
"301",
"262",
"297",
"254",
"272",
"281",
"285",
"256",
"277",
"242",
"244",
"290",
"297",
"298",
"241",
"277",
"265",
"264",
"242",
"273",
"286",
"238",
"265",
"282",
"279",
"270",
"260",
"272",
"291",
"247",
"248",
"262",
"256",
"291",
"282",
"288",
"288",
"234",
"259",
"295",
"310",
"241",
"258",
"277",
"265",
"266",
"269",
"263",
"265",
"257",
"288",
"272",
"296",
"235",
"263",
"308",
"272",
"276",
"258",
"281",
"286",
"249",
"251",
"294",
"281",
"259",
"281",
"254",
"275",
"236",
"259",
"263",
"283",
"262",
"230",
"256",
"272",
"234",
"255",
"280",
"282",
"247",
"252",
"265",
"265",
"221",
"270",
"278",
"239",
"260",
"244",
"267",
"260",
"221",
"280",
"275",
"286",
"253",
"280",
"272",
"293",
"252",
"248",
"256",
"235",
"253",
"262",
"256",
"265",
"264",
"240",
"270",
"259",
"240",
"277",
"267",
"248",
"309",
"250",
"240",
"256",
"265",
"273",
"273",
"283",
"269",
"261",
"281",
"231",
"248",
"247",
"282",
"252",
"217",
"257",
"261",
"249",
"248",
"265",
"270",
"258",
"269",
"248",
"254",
"271",
"261",
"243",
"274",
"257",
"247",
"249",
"262",
"287",
"232",
"277",
"250",
"259",
"241",
"239",
"254",
"259",
"240",
"270",
"256",
"252",
"280",
"266",
"271",
"256",
"247",
"281",
"265",
"242",
"248",
"254",
"232",
"237",
"261",
"282",
"245",
"267",
"255",
"308",
"251",
"264",
"259",
"281",
"275",
"286",
"240",
"250",
"294",
"282",
"245",
"235",
"264",
"277",
"244",
"266",
"247",
"276",
"242",
"271",
"262",
"266",
"261",
"246",
"290",
"300",
"246",
"277",
"290",
"277",
"251",
"257",
"268",
"284",
"251",
"256",
"266",
"276",
"282",
"283",
"270",
"299",
"253",
"278",
"281",
"315",
"305",
"297",
"303",
"294",
"283",
"270",
"280",
"321",
"306",
"303",
"270",
"288",
"299",
"318",
"315",
"290",
"266",
"269",
"322",
"330",
"306",
"266",
"312",
"337",
"290",
"299",
"294",
"316",
"319",
"298",
"332",
"347",
"301",
"303",
"315",
"341",
"307",
"323",
"300",
"340",
"306",
"337",
"328",
"336",
"334",
"356",
"365",
"384",
"341",
"353",
"389",
"341",
"369",
"346",
"379",
"411",
"356",
"385",
"377",
"402",
"353",
"430",
"395",
"428",
"403",
"435",
"433",
"432",
"423",
"462",
"458",
"518",
"484",
"518",
"552",
"545",
"554",
"586",
"622",
"660",
"642",
"676",
"681",
"750",
"666",
"763",
"769",
"789",
"831",
"928",
"941",
"958",
"1059",
"1014",
"1250",
"1149",
"1146",
"1198",
"1244",
"1343",
"1349",
"1349",
"1503",
"1591",
"1533",
"1583",
"1602",
"1677",
"1743",
"1757",
"1833",
"1916",
"1824",
"1874",
"1879",
"1963",
"1861",
"1962",
"2165",
"2033",
"2052",
"1993",
"2033",
"2131",
"2033",
"2026",
"2106",
"2077",
"1997",
"1920",
"2038",
"1972",
"1873",
"1945",
"1918",
"1862",
"1705",
"1793",
"1709",
"1683",
"1574",
"1576",
"1482",
"1490",
"1393",
"1413",
"1296",
"1346",
"1274",
"1226",
"1168",
"1111",
"1047",
"1042",
"1017",
"982",
"958",
"832",
"929",
"842",
"845",
"755",
"714",
"687",
"616",
"584",
"603",
"618",
"533",
"516",
"564",
"544",
"475",
"449",
"456",
"414",
"446",
"426",
"408",
"473",
"393",
"402",
"433",
"398",
"413",
"386",
"379",
"396",
"392",
"407",
"476",
"433",
"399",
"433",
"445",
"469",
"450",
"506",
"551",
"565",
"583",
"583",
"564",
"617",
"613",
"634",
"639",
"656",
"611",
"632",
"682",
"686",
"648",
"727",
"773",
"668",
"612",
"687",
"669",
"677",
"630",
"619",
"644",
"641",
"606",
"600",
"557",
"508",
"468",
"464",
"473",
"409",
"404",
"380",
"392",
"381",
"317",
"352",
"297",
"307",
"285",
"303",
"248",
"266",
"251",
"249",
"260",
"297",
"248",
"267",
"239",
"250",
"232",
"134634",
"Channel_info_start",
"Channel : Mg",
"Points : 0",
"Range : 0.000000 - 0.000000",
"Step : 0.010000",
"Channel_info_end",
"Channel_info_start",
"Channel : Al",
"Points : 0",
"Range : 0.000000 - 0.000000",
"Step : 0.010000",
"Channel_info_end",
"Channel_info_start",
"Channel : Si",
"Points : 0",
"Range : 0.000000 - 0.000000",
"Step : 0.010000",
"Channel_info_end",
"Channel_info_start",
"Channel : P ",
"Points : 0",
"Range : 0.000000 - 0.000000",
"Step : 0.010000",
"Channel_info_end",
"Channel_info_start",
"Channel : S ",
"Points : 0",
"Range : 0.000000 - 0.000000",
"Step : 0.010000",
"Channel_info_end",
"Channel_info_start",
"Channel : Cl",
"Points : 0",
"Range : 0.000000 - 0.000000",
"Step : 0.010000",
"Channel_info_end",
"Channel_info_start",
"Channel : K ",
"Points : 0",
"Range : 0.000000 - 0.000000",
"Step : 0.010000",
"Channel_info_end",
"Channel_info_start",
"Channel : Ca",
"Points : 0",
"Range : 0.000000 - 0.000000",
"Step : 0.010000",
"Channel_info_end",
"Channel_info_start",
"Channel : Ti",
"Points : 0",
"Range : 0.000000 - 0.000000",
"Step : 0.010000",
"Channel_info_end",
"Channel_info_start",
"Channel : V ",
"Points : 0",
"Range : 0.000000 - 0.000000",
"Step : 0.010000",
"Channel_info_end",
"Channel_info_start",
"Channel : Cr",
"Points : 0",
"Range : 0.000000 - 0.000000",
"Step : 0.010000",
"Channel_info_end",
"Channel_info_start",
"Channel : Mn",
"Points : 0",
"Range : 0.000000 - 0.000000",
"Step : 0.010000",
"Channel_info_end",
"Channel_info_start",
"Channel : Fe",
"Points : 0",
"Range : 0.000000 - 0.000000",
"Step : 0.010000",
"Channel_info_end",
"Channel_info_start",
"Channel : Cu",
"Points : 0",
"Range : 0.000000 - 0.000000",
"Step : 0.010000",
"Channel_info_end",
"Channel_info_start",
"Channel : Zn",
"Points : 0",
"Range : 0.000000 - 0.000000",
"Step : 0.010000",
"Channel_info_end",
"Channel_info_start",
"Channel : Sr",
"Points : 0",
"Range : 0.000000 - 0.000000",
"Step : 0.010000",
"Channel_info_end",
"Channel_info_start",
"Channel : Pb",
"Points : 0",
"Range : 0.000000 - 0.000000",
"Step : 0.010000",
"Channel_info_end",
"",
"Qualitative Result",
"--------------------------------------------------------------------------------",
"Element :  Ru, K ",
"",
"Peak List",
"--------------------------------------------------------------------------------",
"Channel               Line        keV     Net Int.(cps/uA)",
"--------------------------------------------------------------------------------",
"Na                    RuLa         2.61     0.608",
"                      K Ka         3.32     1.242",
"                      K Kb         3.60     0.202",
"                      RuKa        19.20     9.884",
"                      ----        19.53     2.471",
"                      ----        19.96     1.493",
"--------------------------------------------------------------------------------",
"",
"Quantitative Result",
"--------------------------------------------------------------------------------",
"Analyte               Result             Std.Dev. Proc.-Calc. Line Intensity(cps/uA)",
"--------------------------------------------------------------------------------",
"====[No. 1 Layer]====< Layer1               >===============================",
"Layer1                   0.000 ug/cm2    -------- Flux       -------- --------",
