"Sample    : ti_15755",
"Operator  : ",
"Comment  : ",
"Group     : kerr2007ag180cal_lt",
"Date       : 2010-08-20 02:20:23",
"",
"Mesurement Condition",
"------------------------------------------------------------------------------------",
"Instrument : 700HS2   Atmosphere : Vac.   Collimator : 10(mm)   Spin : No",
"------------------------------------------------------------------------------------",
"Analyte               TG kV   uA      FI Acq.(keV)  Anal.(keV)  Time(sec)     DT(%)",
"------------------------------------------------------------------------------------",
"Na                    Rh 50  312-Auto Al  0 - 20    0.8 - 1.2   Live -  179   15",
"",
"<Profile>",
"Channel_info_start",
"Channel : Na",
"Points : 2048",
"Range : 0.000000 - 20.480000",
"Step : 0.010000",
"Channel_info_end",
"0",
"0",
"0",
"0",
"0",
"0",
"0",
"0",
"0",
"0",
"0",
"0",
"0",
"0",
"0",
"0",
"0",
"0",
"0",
"0",
"0",
"0",
"0",
"0",
"0",
"0",
"0",
"1",
"0",
"0",
"13",
"23",
"22",
"26",
"18",
"18",
"18",
"11",
"13",
"19",
"19",
"14",
"14",
"21",
"18",
"8",
"23",
"20",
"23",
"21",
"16",
"14",
"19",
"21",
"22",
"25",
"16",
"13",
"11",
"20",
"16",
"22",
"15",
"16",
"21",
"13",
"22",
"13",
"13",
"15",
"18",
"19",
"20",
"19",
"14",
"23",
"11",
"22",
"14",
"20",
"15",
"21",
"15",
"23",
"16",
"18",
"16",
"15",
"24",
"19",
"13",
"13",
"8",
"13",
"19",
"22",
"19",
"23",
"10",
"21",
"22",
"26",
"22",
"19",
"7",
"15",
"15",
"19",
"20",
"22",
"21",
"27",
"10",
"15",
"25",
"18",
"18",
"18",
"24",
"21",
"18",
"15",
"23",
"18",
"19",
"21",
"20",
"18",
"16",
"23",
"14",
"21",
"13",
"22",
"27",
"23",
"18",
"26",
"24",
"16",
"25",
"22",
"23",
"31",
"22",
"28",
"18",
"30",
"32",
"24",
"31",
"35",
"27",
"32",
"19",
"27",
"27",
"25",
"20",
"26",
"30",
"28",
"10",
"26",
"26",
"24",
"22",
"24",
"32",
"30",
"30",
"39",
"39",
"44",
"46",
"48",
"32",
"42",
"43",
"32",
"35",
"30",
"24",
"37",
"30",
"28",
"40",
"28",
"31",
"42",
"48",
"39",
"35",
"39",
"48",
"36",
"66",
"73",
"56",
"73",
"79",
"79",
"69",
"77",
"71",
"68",
"59",
"49",
"37",
"42",
"35",
"39",
"23",
"38",
"24",
"23",
"34",
"23",
"33",
"20",
"22",
"22",
"31",
"26",
"30",
"30",
"28",
"32",
"22",
"30",
"18",
"34",
"28",
"25",
"40",
"28",
"32",
"27",
"27",
"24",
"34",
"24",
"21",
"38",
"35",
"33",
"26",
"32",
"38",
"26",
"28",
"21",
"25",
"26",
"32",
"36",
"33",
"43",
"24",
"43",
"36",
"42",
"44",
"53",
"55",
"62",
"85",
"105",
"110",
"132",
"158",
"203",
"242",
"257",
"299",
"347",
"313",
"321",
"293",
"271",
"279",
"221",
"158",
"171",
"128",
"97",
"58",
"57",
"53",
"48",
"49",
"42",
"40",
"38",
"46",
"37",
"36",
"40",
"32",
"30",
"30",
"31",
"34",
"35",
"28",
"48",
"42",
"45",
"43",
"48",
"42",
"47",
"47",
"61",
"63",
"57",
"72",
"59",
"49",
"70",
"66",
"67",
"54",
"59",
"53",
"59",
"37",
"49",
"38",
"38",
"39",
"38",
"42",
"33",
"49",
"38",
"43",
"46",
"33",
"40",
"45",
"40",
"43",
"54",
"47",
"46",
"34",
"53",
"54",
"78",
"51",
"57",
"74",
"80",
"91",
"115",
"123",
"152",
"185",
"226",
"288",
"370",
"392",
"503",
"568",
"621",
"649",
"776",
"765",
"837",
"742",
"743",
"717",
"626",
"551",
"492",
"421",
"343",
"272",
"264",
"234",
"177",
"145",
"186",
"170",
"177",
"167",
"186",
"143",
"170",
"158",
"176",
"191",
"201",
"183",
"186",
"181",
"174",
"190",
"257",
"201",
"223",
"243",
"232",
"189",
"203",
"191",
"191",
"177",
"170",
"172",
"178",
"177",
"168",
"153",
"155",
"155",
"152",
"161",
"177",
"175",
"183",
"178",
"188",
"217",
"226",
"219",
"251",
"235",
"343",
"329",
"404",
"475",
"631",
"783",
"1176",
"1641",
"2501",
"3380",
"4972",
"6719",
"9379",
"11628",
"15104",
"18421",
"22786",
"25516",
"30039",
"32919",
"36184",
"34960",
"36578",
"35284",
"34642",
"30563",
"28392",
"24328",
"21295",
"16548",
"13969",
"10377",
"8293",
"5799",
"4391",
"2876",
"2104",
"1273",
"995",
"598",
"492",
"323",
"300",
"272",
"259",
"242",
"242",
"286",
"345",
"399",
"554",
"701",
"918",
"1113",
"1413",
"1713",
"2255",
"2412",
"2976",
"3365",
"3939",
"3864",
"4464",
"4544",
"4708",
"4305",
"4328",
"3852",
"3839",
"3102",
"2854",
"2352",
"2016",
"1483",
"1255",
"1000",
"683",
"521",
"381",
"281",
"178",
"143",
"107",
"82",
"79",
"58",
"48",
"63",
"49",
"46",
"49",
"45",
"48",
"44",
"47",
"53",
"49",
"59",
"57",
"33",
"49",
"60",
"46",
"66",
"71",
"73",
"55",
"70",
"59",
"59",
"75",
"75",
"62",
"71",
"78",
"59",
"46",
"74",
"44",
"63",
"63",
"55",
"54",
"68",
"50",
"49",
"46",
"60",
"54",
"44",
"62",
"49",
"60",
"58",
"55",
"62",
"47",
"66",
"49",
"55",
"57",
"73",
"78",
"60",
"53",
"43",
"67",
"59",
"75",
"65",
"63",
"65",
"65",
"80",
"73",
"71",
"66",
"58",
"53",
"65",
"67",
"72",
"89",
"78",
"79",
"68",
"80",
"66",
"79",
"85",
"79",
"80",
"90",
"72",
"100",
"91",
"80",
"74",
"101",
"74",
"102",
"85",
"80",
"92",
"83",
"79",
"80",
"83",
"97",
"97",
"94",
"88",
"92",
"90",
"95",
"103",
"88",
"98",
"107",
"90",
"117",
"96",
"105",
"124",
"104",
"97",
"108",
"113",
"130",
"124",
"120",
"113",
"123",
"96",
"114",
"130",
"108",
"106",
"109",
"100",
"115",
"100",
"97",
"94",
"95",
"93",
"109",
"101",
"92",
"101",
"101",
"96",
"103",
"102",
"94",
"90",
"104",
"96",
"97",
"90",
"101",
"95",
"96",
"98",
"117",
"78",
"89",
"82",
"85",
"94",
"97",
"89",
"110",
"78",
"116",
"98",
"105",
"114",
"105",
"95",
"112",
"93",
"82",
"91",
"106",
"112",
"103",
"118",
"96",
"88",
"96",
"102",
"98",
"101",
"101",
"100",
"113",
"97",
"107",
"79",
"136",
"107",
"104",
"119",
"95",
"91",
"108",
"88",
"95",
"91",
"82",
"71",
"92",
"95",
"104",
"103",
"102",
"86",
"102",
"92",
"101",
"108",
"91",
"81",
"118",
"89",
"80",
"86",
"89",
"121",
"98",
"98",
"97",
"102",
"106",
"92",
"92",
"102",
"100",
"112",
"95",
"95",
"80",
"93",
"92",
"107",
"103",
"100",
"102",
"95",
"92",
"84",
"82",
"113",
"110",
"116",
"88",
"102",
"96",
"103",
"106",
"97",
"117",
"102",
"94",
"105",
"115",
"127",
"107",
"96",
"107",
"118",
"106",
"100",
"103",
"102",
"106",
"105",
"127",
"94",
"126",
"117",
"116",
"126",
"120",
"115",
"140",
"128",
"112",
"110",
"145",
"148",
"156",
"110",
"135",
"158",
"135",
"112",
"148",
"118",
"104",
"90",
"112",
"118",
"103",
"104",
"125",
"107",
"127",
"116",
"94",
"102",
"124",
"113",
"108",
"117",
"109",
"114",
"133",
"132",
"125",
"108",
"118",
"124",
"132",
"110",
"140",
"125",
"104",
"124",
"117",
"117",
"143",
"125",
"141",
"125",
"137",
"103",
"126",
"120",
"125",
"123",
"144",
"132",
"141",
"163",
"155",
"155",
"165",
"173",
"179",
"147",
"196",
"144",
"183",
"197",
"195",
"153",
"159",
"153",
"154",
"170",
"128",
"149",
"136",
"106",
"109",
"126",
"123",
"131",
"135",
"123",
"130",
"116",
"126",
"125",
"116",
"132",
"115",
"110",
"125",
"124",
"125",
"128",
"123",
"120",
"138",
"164",
"149",
"130",
"151",
"155",
"164",
"159",
"148",
"159",
"145",
"121",
"131",
"130",
"136",
"138",
"124",
"133",
"145",
"106",
"108",
"100",
"92",
"106",
"117",
"118",
"101",
"105",
"137",
"107",
"97",
"109",
"105",
"121",
"129",
"98",
"105",
"102",
"121",
"93",
"116",
"109",
"138",
"93",
"132",
"117",
"115",
"125",
"102",
"141",
"124",
"105",
"110",
"108",
"124",
"103",
"115",
"130",
"101",
"121",
"129",
"143",
"129",
"120",
"120",
"143",
"112",
"115",
"104",
"113",
"119",
"130",
"119",
"120",
"115",
"96",
"107",
"105",
"115",
"106",
"94",
"123",
"98",
"94",
"103",
"127",
"109",
"105",
"124",
"105",
"105",
"110",
"112",
"108",
"120",
"101",
"94",
"112",
"92",
"103",
"107",
"108",
"95",
"119",
"102",
"90",
"94",
"103",
"107",
"104",
"125",
"86",
"123",
"107",
"102",
"100",
"108",
"96",
"102",
"102",
"90",
"112",
"109",
"104",
"95",
"110",
"116",
"101",
"116",
"104",
"115",
"94",
"119",
"97",
"114",
"97",
"108",
"98",
"112",
"106",
"101",
"109",
"109",
"79",
"98",
"85",
"102",
"104",
"100",
"101",
"114",
"116",
"115",
"108",
"103",
"113",
"102",
"90",
"117",
"95",
"95",
"85",
"121",
"93",
"117",
"118",
"108",
"92",
"118",
"90",
"115",
"96",
"84",
"98",
"102",
"109",
"94",
"119",
"102",
"116",
"93",
"114",
"88",
"95",
"106",
"115",
"110",
"89",
"83",
"105",
"108",
"110",
"88",
"106",
"121",
"102",
"114",
"98",
"88",
"102",
"98",
"96",
"96",
"80",
"84",
"100",
"109",
"103",
"95",
"105",
"118",
"105",
"84",
"103",
"103",
"95",
"124",
"105",
"118",
"88",
"132",
"117",
"106",
"121",
"125",
"110",
"121",
"132",
"126",
"120",
"121",
"106",
"95",
"102",
"90",
"101",
"96",
"114",
"98",
"112",
"107",
"96",
"105",
"102",
"108",
"86",
"97",
"80",
"105",
"104",
"102",
"84",
"96",
"109",
"109",
"82",
"114",
"116",
"90",
"91",
"97",
"72",
"91",
"96",
"93",
"105",
"105",
"106",
"108",
"96",
"114",
"83",
"72",
"73",
"101",
"77",
"95",
"85",
"94",
"85",
"94",
"105",
"82",
"90",
"81",
"97",
"104",
"115",
"89",
"123",
"118",
"108",
"110",
"103",
"94",
"95",
"97",
"95",
"80",
"109",
"98",
"97",
"98",
"109",
"93",
"90",
"112",
"95",
"112",
"91",
"97",
"102",
"112",
"106",
"101",
"90",
"72",
"89",
"100",
"105",
"89",
"91",
"94",
"93",
"83",
"96",
"100",
"91",
"110",
"85",
"86",
"89",
"98",
"96",
"91",
"106",
"109",
"86",
"100",
"81",
"84",
"98",
"78",
"104",
"77",
"123",
"110",
"100",
"105",
"90",
"86",
"93",
"86",
"105",
"97",
"85",
"94",
"88",
"95",
"78",
"89",
"73",
"96",
"85",
"94",
"89",
"97",
"97",
"90",
"91",
"108",
"77",
"88",
"85",
"86",
"85",
"92",
"115",
"88",
"90",
"100",
"92",
"91",
"93",
"102",
"90",
"97",
"80",
"71",
"80",
"96",
"90",
"90",
"98",
"104",
"86",
"93",
"79",
"101",
"88",
"80",
"81",
"96",
"80",
"78",
"92",
"74",
"88",
"71",
"112",
"97",
"100",
"65",
"106",
"94",
"85",
"94",
"89",
"90",
"70",
"81",
"90",
"89",
"82",
"84",
"92",
"84",
"97",
"85",
"93",
"80",
"91",
"91",
"92",
"81",
"85",
"86",
"86",
"101",
"98",
"84",
"95",
"81",
"89",
"83",
"106",
"96",
"89",
"93",
"69",
"80",
"84",
"97",
"89",
"91",
"72",
"81",
"97",
"80",
"77",
"80",
"74",
"95",
"93",
"86",
"96",
"91",
"69",
"95",
"82",
"97",
"84",
"85",
"67",
"91",
"70",
"95",
"95",
"95",
"85",
"78",
"74",
"81",
"109",
"97",
"81",
"91",
"81",
"72",
"78",
"91",
"70",
"113",
"96",
"62",
"91",
"81",
"65",
"79",
"89",
"81",
"84",
"81",
"75",
"75",
"94",
"82",
"73",
"97",
"85",
"86",
"66",
"79",
"101",
"70",
"86",
"74",
"86",
"73",
"73",
"79",
"78",
"70",
"66",
"93",
"84",
"88",
"75",
"81",
"88",
"83",
"75",
"69",
"92",
"101",
"72",
"91",
"66",
"77",
"67",
"86",
"86",
"72",
"88",
"86",
"88",
"85",
"68",
"84",
"78",
"86",
"67",
"72",
"83",
"77",
"78",
"69",
"82",
"70",
"81",
"77",
"65",
"95",
"81",
"83",
"79",
"78",
"71",
"71",
"84",
"82",
"79",
"68",
"82",
"85",
"63",
"75",
"95",
"91",
"83",
"60",
"75",
"75",
"72",
"91",
"79",
"91",
"75",
"84",
"85",
"70",
"67",
"72",
"67",
"57",
"66",
"84",
"79",
"59",
"74",
"69",
"83",
"70",
"77",
"69",
"89",
"92",
"67",
"69",
"88",
"79",
"61",
"66",
"56",
"67",
"72",
"69",
"82",
"89",
"68",
"84",
"95",
"70",
"71",
"78",
"89",
"81",
"85",
"70",
"66",
"88",
"77",
"73",
"68",
"75",
"85",
"78",
"77",
"75",
"62",
"61",
"86",
"74",
"74",
"71",
"79",
"73",
"61",
"77",
"88",
"89",
"71",
"74",
"70",
"69",
"83",
"75",
"69",
"81",
"84",
"77",
"72",
"72",
"65",
"80",
"85",
"70",
"62",
"74",
"70",
"77",
"78",
"68",
"60",
"74",
"75",
"82",
"77",
"73",
"53",
"81",
"61",
"68",
"82",
"66",
"51",
"69",
"83",
"61",
"67",
"70",
"79",
"66",
"54",
"72",
"77",
"63",
"75",
"88",
"61",
"66",
"57",
"62",
"67",
"62",
"74",
"67",
"83",
"65",
"42",
"49",
"63",
"88",
"83",
"66",
"69",
"71",
"71",
"60",
"78",
"75",
"77",
"57",
"59",
"57",
"60",
"70",
"55",
"68",
"93",
"78",
"84",
"70",
"80",
"74",
"71",
"88",
"74",
"74",
"58",
"65",
"56",
"65",
"65",
"59",
"62",
"57",
"84",
"66",
"89",
"78",
"58",
"71",
"59",
"71",
"72",
"67",
"70",
"83",
"62",
"72",
"72",
"55",
"65",
"73",
"72",
"65",
"55",
"62",
"63",
"79",
"50",
"70",
"63",
"69",
"63",
"67",
"57",
"65",
"61",
"63",
"70",
"67",
"57",
"75",
"59",
"84",
"74",
"66",
"53",
"55",
"66",
"83",
"70",
"80",
"70",
"67",
"68",
"73",
"75",
"77",
"55",
"58",
"61",
"83",
"63",
"74",
"62",
"51",
"70",
"68",
"56",
"77",
"59",
"71",
"65",
"79",
"68",
"58",
"62",
"80",
"62",
"83",
"65",
"70",
"63",
"73",
"67",
"61",
"66",
"60",
"74",
"62",
"62",
"68",
"51",
"57",
"60",
"62",
"48",
"73",
"53",
"53",
"56",
"71",
"70",
"79",
"71",
"60",
"65",
"68",
"67",
"50",
"62",
"67",
"74",
"58",
"53",
"63",
"63",
"45",
"65",
"45",
"73",
"55",
"71",
"63",
"47",
"73",
"66",
"73",
"66",
"59",
"45",
"67",
"74",
"65",
"78",
"63",
"75",
"57",
"60",
"65",
"58",
"55",
"67",
"75",
"72",
"74",
"56",
"65",
"59",
"72",
"57",
"71",
"73",
"49",
"77",
"55",
"54",
"66",
"62",
"60",
"57",
"74",
"80",
"77",
"59",
"68",
"61",
"75",
"73",
"73",
"71",
"81",
"70",
"74",
"69",
"84",
"73",
"55",
"67",
"93",
"63",
"77",
"75",
"73",
"68",
"80",
"86",
"74",
"89",
"83",
"83",
"65",
"81",
"60",
"63",
"71",
"79",
"94",
"91",
"80",
"79",
"104",
"75",
"98",
"65",
"75",
"81",
"89",
"73",
"104",
"91",
"112",
"81",
"84",
"108",
"107",
"89",
"108",
"88",
"113",
"96",
"119",
"81",
"98",
"104",
"113",
"103",
"132",
"101",
"121",
"116",
"147",
"130",
"133",
"148",
"132",
"125",
"152",
"161",
"177",
"156",
"162",
"190",
"213",
"168",
"190",
"201",
"229",
"219",
"268",
"258",
"271",
"235",
"236",
"286",
"338",
"306",
"304",
"339",
"319",
"339",
"341",
"342",
"346",
"385",
"407",
"403",
"393",
"423",
"441",
"428",
"429",
"384",
"396",
"455",
"436",
"434",
"444",
"452",
"435",
"447",
"438",
"470",
"471",
"431",
"454",
"446",
"461",
"442",
"429",
"426",
"412",
"401",
"384",
"396",
"407",
"349",
"354",
"333",
"345",
"358",
"322",
"313",
"310",
"298",
"279",
"315",
"260",
"275",
"237",
"253",
"224",
"201",
"185",
"214",
"217",
"191",
"189",
"194",
"172",
"161",
"179",
"163",
"173",
"133",
"139",
"142",
"128",
"128",
"127",
"97",
"107",
"98",
"112",
"105",
"113",
"112",
"98",
"95",
"106",
"109",
"108",
"92",
"109",
"109",
"109",
"124",
"131",
"132",
"136",
"121",
"131",
"127",
"137",
"138",
"148",
"155",
"161",
"177",
"186",
"201",
"170",
"196",
"202",
"201",
"201",
"191",
"226",
"185",
"190",
"202",
"201",
"200",
"195",
"196",
"183",
"168",
"163",
"178",
"196",
"148",
"158",
"164",
"159",
"110",
"158",
"116",
"124",
"85",
"93",
"94",
"93",
"71",
"67",
"79",
"73",
"67",
"79",
"60",
"68",
"59",
"56",
"58",
"48",
"61",
"50",
"71",
"53",
"68",
"30856",
"Channel_info_start",
"Channel : Mg",
"Points : 0",
"Range : 0.000000 - 0.000000",
"Step : 0.010000",
"Channel_info_end",
"Channel_info_start",
"Channel : Al",
"Points : 0",
"Range : 0.000000 - 0.000000",
"Step : 0.010000",
"Channel_info_end",
"Channel_info_start",
"Channel : Si",
"Points : 0",
"Range : 0.000000 - 0.000000",
"Step : 0.010000",
"Channel_info_end",
"Channel_info_start",
"Channel : P ",
"Points : 0",
"Range : 0.000000 - 0.000000",
"Step : 0.010000",
"Channel_info_end",
"Channel_info_start",
"Channel : S ",
"Points : 0",
"Range : 0.000000 - 0.000000",
"Step : 0.010000",
"Channel_info_end",
"Channel_info_start",
"Channel : Cl",
"Points : 0",
"Range : 0.000000 - 0.000000",
"Step : 0.010000",
"Channel_info_end",
"Channel_info_start",
"Channel : K ",
"Points : 0",
"Range : 0.000000 - 0.000000",
"Step : 0.010000",
"Channel_info_end",
"Channel_info_start",
"Channel : Ca",
"Points : 0",
"Range : 0.000000 - 0.000000",
"Step : 0.010000",
"Channel_info_end",
"Channel_info_start",
"Channel : Ti",
"Points : 0",
"Range : 0.000000 - 0.000000",
"Step : 0.010000",
"Channel_info_end",
"Channel_info_start",
"Channel : V ",
"Points : 0",
"Range : 0.000000 - 0.000000",
"Step : 0.010000",
"Channel_info_end",
"Channel_info_start",
"Channel : Cr",
"Points : 0",
"Range : 0.000000 - 0.000000",
"Step : 0.010000",
"Channel_info_end",
"Channel_info_start",
"Channel : Mn",
"Points : 0",
"Range : 0.000000 - 0.000000",
"Step : 0.010000",
"Channel_info_end",
"Channel_info_start",
"Channel : Fe",
"Points : 0",
"Range : 0.000000 - 0.000000",
"Step : 0.010000",
"Channel_info_end",
"Channel_info_start",
"Channel : Cu",
"Points : 0",
"Range : 0.000000 - 0.000000",
"Step : 0.010000",
"Channel_info_end",
"Channel_info_start",
"Channel : Zn",
"Points : 0",
"Range : 0.000000 - 0.000000",
"Step : 0.010000",
"Channel_info_end",
"Channel_info_start",
"Channel : Sr",
"Points : 0",
"Range : 0.000000 - 0.000000",
"Step : 0.010000",
"Channel_info_end",
"Channel_info_start",
"Channel : Pb",
"Points : 0",
"Range : 0.000000 - 0.000000",
"Step : 0.010000",
"Channel_info_end",
"",
"Qualitative Result",
"--------------------------------------------------------------------------------",
"Element :  P , Ti, Ca, Zn, Ru",
"",
"Peak List",
"--------------------------------------------------------------------------------",
"Channel               Line        keV     Net Int.(cps/uA)",
"--------------------------------------------------------------------------------",
"Na                    P Ka         2.00     0.012",
"                      TiKaESC      2.76     0.069",
"                      CaKa         3.68     0.177",
"                      CaKb         4.02     0.025",
"                      TiKa         4.50     9.342",
"                      TiKb         4.92     1.207",
"                      ZnKa         8.64     0.028",
"                      RuKa        19.24     0.128",
"                      ----        20.01     0.049",
"--------------------------------------------------------------------------------",
"",
"Quantitative Result",
"--------------------------------------------------------------------------------",
"Analyte               Result             Std.Dev. Proc.-Calc. Line Intensity(cps/uA)",
"--------------------------------------------------------------------------------",
"====[No. 1 Layer]====< Layer1               >===============================",
"Layer1                   0.000 ug/cm2    -------- Flux       -------- --------",
