"Sample    : BaF2 31514",
"Operator  : thiago",
"Comment  : cubatao-g-policarbonato",
"Group     : kerr2007ag180cal_lt",
"Date       : 2010-06-26 14:54:24",
"",
"Mesurement Condition",
"------------------------------------------------------------------------------------",
"Instrument : 700HS2   Atmosphere : Vac.   Collimator : 10(mm)   Spin : No",
"------------------------------------------------------------------------------------",
"Analyte               TG kV   uA      FI Acq.(keV)  Anal.(keV)  Time(sec)     DT(%)",
"------------------------------------------------------------------------------------",
"Na                    Rh 50  393-Auto Al  0 - 20    0.8 - 1.2   Live -  179   16",
"",
"<Profile>",
"Channel_info_start",
"Channel : Na",
"Points : 2048",
"Range : 0.000000 - 20.480000",
"Step : 0.010000",
"Channel_info_end",
"0",
"0",
"0",
"0",
"0",
"0",
"0",
"0",
"0",
"0",
"0",
"0",
"0",
"0",
"0",
"0",
"0",
"0",
"0",
"0",
"0",
"0",
"0",
"0",
"0",
"0",
"0",
"0",
"0",
"2",
"12",
"23",
"41",
"30",
"23",
"31",
"26",
"27",
"34",
"27",
"25",
"44",
"37",
"35",
"30",
"32",
"36",
"34",
"32",
"41",
"23",
"32",
"27",
"27",
"23",
"31",
"31",
"30",
"36",
"20",
"26",
"22",
"21",
"36",
"34",
"24",
"34",
"25",
"39",
"41",
"39",
"35",
"31",
"32",
"34",
"37",
"56",
"54",
"52",
"69",
"50",
"54",
"59",
"39",
"46",
"54",
"50",
"64",
"48",
"45",
"39",
"42",
"39",
"44",
"30",
"37",
"57",
"55",
"49",
"80",
"62",
"58",
"54",
"58",
"70",
"78",
"55",
"65",
"50",
"57",
"50",
"43",
"42",
"38",
"46",
"43",
"24",
"30",
"43",
"32",
"28",
"42",
"37",
"46",
"56",
"36",
"37",
"35",
"24",
"33",
"26",
"35",
"31",
"41",
"32",
"30",
"36",
"34",
"32",
"35",
"33",
"27",
"34",
"31",
"35",
"42",
"52",
"38",
"37",
"38",
"45",
"49",
"47",
"42",
"41",
"36",
"31",
"41",
"23",
"38",
"34",
"46",
"39",
"38",
"34",
"36",
"41",
"36",
"33",
"35",
"57",
"48",
"53",
"36",
"55",
"77",
"64",
"55",
"46",
"46",
"54",
"49",
"47",
"43",
"47",
"49",
"38",
"41",
"44",
"59",
"52",
"55",
"65",
"76",
"99",
"95",
"91",
"108",
"128",
"125",
"127",
"151",
"116",
"127",
"125",
"123",
"90",
"108",
"85",
"73",
"54",
"62",
"49",
"48",
"43",
"49",
"44",
"53",
"57",
"39",
"47",
"37",
"47",
"38",
"47",
"53",
"45",
"45",
"33",
"28",
"43",
"43",
"46",
"32",
"39",
"27",
"37",
"33",
"28",
"44",
"30",
"41",
"36",
"36",
"36",
"49",
"31",
"50",
"36",
"36",
"43",
"41",
"47",
"44",
"36",
"45",
"45",
"37",
"43",
"48",
"46",
"70",
"69",
"83",
"85",
"111",
"110",
"112",
"145",
"137",
"155",
"172",
"157",
"173",
"163",
"147",
"144",
"105",
"83",
"95",
"78",
"75",
"73",
"79",
"54",
"55",
"62",
"50",
"41",
"49",
"61",
"46",
"57",
"50",
"46",
"39",
"61",
"50",
"53",
"62",
"45",
"62",
"75",
"84",
"88",
"102",
"104",
"111",
"114",
"98",
"117",
"107",
"103",
"98",
"92",
"81",
"81",
"82",
"70",
"82",
"68",
"71",
"49",
"57",
"61",
"52",
"60",
"47",
"56",
"37",
"41",
"56",
"46",
"56",
"44",
"56",
"59",
"70",
"76",
"81",
"75",
"69",
"83",
"65",
"65",
"76",
"75",
"71",
"57",
"71",
"71",
"88",
"91",
"103",
"101",
"137",
"168",
"256",
"269",
"362",
"452",
"576",
"632",
"839",
"1029",
"1172",
"1249",
"1410",
"1426",
"1646",
"1436",
"1420",
"1387",
"1279",
"1076",
"995",
"855",
"648",
"519",
"433",
"342",
"293",
"250",
"220",
"235",
"263",
"271",
"330",
"399",
"409",
"477",
"605",
"647",
"721",
"795",
"803",
"861",
"888",
"789",
"857",
"804",
"775",
"696",
"637",
"550",
"506",
"443",
"358",
"347",
"305",
"273",
"249",
"193",
"222",
"193",
"180",
"185",
"155",
"172",
"160",
"198",
"196",
"245",
"251",
"292",
"294",
"308",
"377",
"449",
"545",
"672",
"876",
"1116",
"1462",
"1782",
"2440",
"3297",
"4311",
"5307",
"6973",
"8422",
"10304",
"11286",
"12864",
"14391",
"15751",
"15774",
"16476",
"15920",
"15514",
"13730",
"12774",
"10866",
"9664",
"7566",
"6349",
"4873",
"3926",
"2746",
"2125",
"1603",
"1110",
"753",
"649",
"484",
"493",
"447",
"513",
"626",
"736",
"995",
"1301",
"1729",
"2349",
"2897",
"3686",
"4808",
"5728",
"6291",
"7464",
"8652",
"9502",
"9351",
"10084",
"10306",
"10342",
"9746",
"9552",
"8749",
"8189",
"7082",
"6457",
"5792",
"5232",
"4194",
"3858",
"3253",
"2810",
"2270",
"1927",
"1698",
"1490",
"1257",
"1176",
"1072",
"1077",
"1130",
"1199",
"1286",
"1573",
"1713",
"2057",
"2214",
"2414",
"2477",
"2779",
"2659",
"2715",
"2446",
"2494",
"2179",
"2037",
"1768",
"1544",
"1344",
"1075",
"884",
"845",
"536",
"425",
"382",
"327",
"279",
"253",
"214",
"265",
"216",
"247",
"254",
"259",
"323",
"344",
"415",
"490",
"581",
"709",
"759",
"898",
"1001",
"1181",
"1254",
"1335",
"1427",
"1332",
"1398",
"1446",
"1330",
"1292",
"1130",
"1054",
"922",
"827",
"683",
"598",
"505",
"436",
"375",
"405",
"404",
"415",
"359",
"434",
"517",
"570",
"567",
"669",
"704",
"747",
"722",
"808",
"845",
"792",
"727",
"761",
"734",
"655",
"575",
"573",
"472",
"400",
"367",
"366",
"309",
"281",
"292",
"263",
"270",
"292",
"237",
"245",
"213",
"245",
"209",
"199",
"183",
"181",
"152",
"151",
"141",
"155",
"147",
"162",
"157",
"140",
"119",
"135",
"123",
"125",
"116",
"144",
"134",
"148",
"148",
"129",
"142",
"152",
"141",
"135",
"153",
"147",
"137",
"139",
"157",
"152",
"155",
"146",
"153",
"184",
"170",
"192",
"185",
"204",
"170",
"165",
"160",
"174",
"155",
"173",
"145",
"159",
"160",
"174",
"172",
"156",
"180",
"158",
"156",
"180",
"139",
"149",
"193",
"151",
"159",
"132",
"132",
"171",
"138",
"138",
"144",
"142",
"152",
"129",
"156",
"139",
"133",
"129",
"152",
"144",
"121",
"126",
"153",
"141",
"146",
"130",
"149",
"141",
"124",
"137",
"137",
"148",
"122",
"119",
"101",
"107",
"135",
"164",
"127",
"112",
"130",
"137",
"139",
"115",
"121",
"135",
"147",
"151",
"130",
"132",
"129",
"158",
"137",
"127",
"123",
"145",
"149",
"138",
"142",
"173",
"127",
"155",
"132",
"173",
"158",
"155",
"194",
"161",
"147",
"165",
"151",
"164",
"156",
"178",
"192",
"176",
"162",
"173",
"195",
"163",
"171",
"168",
"180",
"182",
"183",
"167",
"204",
"195",
"183",
"149",
"190",
"170",
"172",
"160",
"192",
"153",
"159",
"181",
"174",
"185",
"189",
"168",
"167",
"199",
"162",
"153",
"199",
"182",
"155",
"203",
"189",
"204",
"167",
"171",
"186",
"159",
"195",
"179",
"158",
"175",
"137",
"172",
"169",
"185",
"178",
"185",
"144",
"182",
"190",
"198",
"176",
"180",
"176",
"221",
"204",
"179",
"196",
"213",
"207",
"218",
"214",
"230",
"203",
"240",
"217",
"252",
"199",
"259",
"220",
"245",
"228",
"253",
"218",
"219",
"228",
"238",
"199",
"215",
"222",
"198",
"185",
"196",
"192",
"204",
"160",
"199",
"191",
"185",
"146",
"165",
"161",
"179",
"158",
"178",
"144",
"153",
"174",
"152",
"161",
"182",
"163",
"156",
"158",
"150",
"187",
"155",
"185",
"165",
"152",
"183",
"163",
"178",
"147",
"167",
"162",
"172",
"192",
"204",
"203",
"196",
"197",
"219",
"210",
"212",
"203",
"248",
"238",
"233",
"207",
"219",
"210",
"215",
"208",
"199",
"214",
"208",
"165",
"162",
"171",
"190",
"197",
"151",
"165",
"162",
"165",
"178",
"183",
"167",
"196",
"165",
"178",
"201",
"175",
"158",
"183",
"175",
"184",
"193",
"216",
"197",
"169",
"167",
"176",
"183",
"179",
"172",
"182",
"194",
"172",
"162",
"183",
"189",
"163",
"205",
"187",
"186",
"191",
"164",
"171",
"192",
"167",
"203",
"192",
"163",
"182",
"203",
"174",
"183",
"170",
"203",
"189",
"209",
"182",
"185",
"213",
"213",
"192",
"175",
"210",
"193",
"225",
"172",
"199",
"229",
"175",
"205",
"194",
"194",
"184",
"192",
"185",
"141",
"195",
"181",
"194",
"196",
"208",
"187",
"190",
"215",
"202",
"201",
"215",
"181",
"171",
"214",
"195",
"192",
"199",
"184",
"163",
"190",
"182",
"170",
"179",
"165",
"175",
"181",
"160",
"163",
"163",
"182",
"151",
"153",
"139",
"189",
"159",
"163",
"140",
"150",
"138",
"139",
"162",
"151",
"167",
"160",
"155",
"152",
"152",
"170",
"151",
"135",
"151",
"171",
"160",
"155",
"164",
"159",
"137",
"142",
"156",
"150",
"156",
"147",
"140",
"165",
"125",
"151",
"184",
"160",
"122",
"152",
"135",
"176",
"137",
"141",
"163",
"149",
"153",
"152",
"134",
"144",
"168",
"161",
"161",
"147",
"169",
"179",
"173",
"176",
"148",
"141",
"178",
"162",
"162",
"169",
"160",
"169",
"159",
"163",
"149",
"152",
"169",
"174",
"159",
"184",
"182",
"150",
"153",
"190",
"150",
"142",
"151",
"172",
"127",
"156",
"160",
"179",
"173",
"164",
"159",
"161",
"153",
"132",
"147",
"162",
"175",
"158",
"133",
"159",
"168",
"149",
"141",
"137",
"144",
"134",
"145",
"174",
"161",
"180",
"158",
"169",
"151",
"160",
"133",
"155",
"155",
"145",
"142",
"156",
"152",
"150",
"149",
"137",
"134",
"136",
"148",
"148",
"158",
"127",
"161",
"168",
"138",
"148",
"158",
"173",
"140",
"150",
"160",
"139",
"121",
"149",
"160",
"134",
"156",
"144",
"152",
"156",
"152",
"168",
"158",
"148",
"136",
"150",
"144",
"161",
"150",
"135",
"183",
"145",
"130",
"156",
"148",
"161",
"135",
"172",
"171",
"149",
"158",
"172",
"142",
"155",
"160",
"142",
"169",
"174",
"148",
"170",
"140",
"160",
"133",
"157",
"142",
"151",
"149",
"173",
"146",
"149",
"137",
"145",
"127",
"164",
"149",
"157",
"146",
"139",
"152",
"140",
"158",
"144",
"135",
"160",
"160",
"124",
"136",
"140",
"151",
"145",
"151",
"124",
"153",
"126",
"133",
"140",
"137",
"155",
"140",
"134",
"140",
"169",
"136",
"126",
"128",
"141",
"130",
"126",
"116",
"140",
"140",
"138",
"155",
"126",
"124",
"130",
"139",
"133",
"114",
"137",
"142",
"145",
"136",
"126",
"153",
"134",
"141",
"157",
"113",
"134",
"130",
"126",
"137",
"127",
"114",
"136",
"152",
"129",
"137",
"135",
"142",
"134",
"148",
"133",
"136",
"114",
"124",
"135",
"138",
"118",
"130",
"130",
"134",
"114",
"139",
"121",
"132",
"146",
"118",
"130",
"137",
"150",
"123",
"136",
"130",
"137",
"145",
"127",
"139",
"115",
"130",
"152",
"132",
"118",
"125",
"130",
"132",
"136",
"112",
"138",
"133",
"151",
"115",
"148",
"142",
"139",
"121",
"121",
"140",
"128",
"121",
"127",
"125",
"136",
"129",
"116",
"114",
"147",
"124",
"136",
"114",
"138",
"121",
"117",
"126",
"135",
"123",
"125",
"151",
"104",
"130",
"136",
"133",
"141",
"127",
"125",
"147",
"122",
"119",
"130",
"90",
"130",
"119",
"118",
"121",
"107",
"113",
"139",
"121",
"113",
"138",
"129",
"123",
"123",
"132",
"107",
"119",
"123",
"129",
"116",
"129",
"123",
"121",
"121",
"140",
"122",
"100",
"126",
"124",
"117",
"112",
"142",
"142",
"95",
"123",
"110",
"124",
"135",
"111",
"117",
"112",
"102",
"106",
"141",
"122",
"135",
"119",
"114",
"146",
"111",
"123",
"125",
"122",
"115",
"96",
"113",
"125",
"127",
"128",
"102",
"108",
"114",
"124",
"124",
"118",
"128",
"117",
"138",
"116",
"142",
"139",
"113",
"119",
"123",
"124",
"117",
"119",
"128",
"113",
"125",
"140",
"138",
"116",
"117",
"157",
"149",
"130",
"111",
"130",
"124",
"118",
"127",
"159",
"140",
"145",
"121",
"146",
"156",
"121",
"147",
"128",
"148",
"117",
"151",
"125",
"136",
"134",
"125",
"123",
"119",
"123",
"150",
"144",
"115",
"112",
"121",
"118",
"113",
"106",
"118",
"126",
"116",
"100",
"110",
"123",
"125",
"102",
"119",
"111",
"94",
"114",
"130",
"91",
"95",
"108",
"137",
"137",
"121",
"100",
"126",
"114",
"124",
"85",
"110",
"128",
"110",
"80",
"110",
"125",
"96",
"98",
"104",
"113",
"102",
"96",
"110",
"118",
"115",
"107",
"123",
"105",
"102",
"126",
"105",
"111",
"132",
"95",
"132",
"122",
"108",
"104",
"135",
"100",
"123",
"112",
"89",
"93",
"127",
"114",
"117",
"118",
"122",
"95",
"98",
"103",
"108",
"90",
"107",
"132",
"108",
"98",
"107",
"116",
"94",
"78",
"94",
"103",
"96",
"110",
"116",
"126",
"98",
"118",
"95",
"128",
"106",
"101",
"103",
"116",
"106",
"89",
"95",
"116",
"125",
"124",
"93",
"94",
"115",
"103",
"93",
"121",
"99",
"81",
"123",
"113",
"117",
"107",
"111",
"102",
"119",
"108",
"81",
"96",
"93",
"107",
"106",
"103",
"127",
"82",
"118",
"87",
"128",
"98",
"78",
"84",
"103",
"105",
"103",
"94",
"102",
"81",
"108",
"94",
"108",
"124",
"104",
"95",
"106",
"87",
"89",
"89",
"127",
"103",
"99",
"90",
"95",
"107",
"110",
"110",
"111",
"88",
"116",
"95",
"112",
"110",
"114",
"106",
"101",
"103",
"108",
"99",
"93",
"88",
"85",
"110",
"98",
"99",
"114",
"107",
"108",
"96",
"88",
"102",
"107",
"84",
"83",
"96",
"98",
"108",
"106",
"92",
"102",
"81",
"100",
"90",
"99",
"85",
"112",
"91",
"110",
"98",
"90",
"112",
"79",
"101",
"82",
"106",
"122",
"92",
"89",
"98",
"106",
"96",
"88",
"82",
"94",
"89",
"100",
"106",
"110",
"76",
"88",
"79",
"92",
"90",
"99",
"90",
"88",
"103",
"89",
"90",
"92",
"105",
"92",
"93",
"106",
"89",
"80",
"103",
"90",
"88",
"92",
"90",
"101",
"77",
"81",
"94",
"105",
"101",
"103",
"92",
"95",
"90",
"84",
"94",
"92",
"87",
"94",
"78",
"91",
"82",
"102",
"103",
"91",
"95",
"110",
"91",
"89",
"92",
"91",
"80",
"95",
"73",
"98",
"81",
"104",
"93",
"99",
"77",
"75",
"107",
"79",
"98",
"102",
"83",
"77",
"75",
"96",
"92",
"92",
"77",
"101",
"100",
"80",
"96",
"96",
"83",
"93",
"90",
"77",
"78",
"88",
"76",
"111",
"76",
"83",
"102",
"101",
"88",
"80",
"68",
"89",
"73",
"84",
"95",
"111",
"95",
"85",
"100",
"88",
"89",
"89",
"85",
"88",
"85",
"88",
"116",
"80",
"88",
"87",
"91",
"72",
"90",
"94",
"114",
"94",
"84",
"98",
"108",
"99",
"88",
"91",
"67",
"80",
"70",
"87",
"73",
"94",
"89",
"85",
"107",
"87",
"80",
"69",
"96",
"95",
"96",
"91",
"95",
"91",
"83",
"82",
"112",
"100",
"83",
"89",
"96",
"92",
"103",
"84",
"80",
"98",
"85",
"106",
"84",
"85",
"80",
"73",
"103",
"102",
"93",
"100",
"100",
"105",
"95",
"102",
"102",
"94",
"90",
"80",
"111",
"103",
"111",
"116",
"101",
"96",
"99",
"99",
"110",
"92",
"122",
"111",
"110",
"96",
"103",
"122",
"102",
"103",
"95",
"111",
"106",
"114",
"107",
"79",
"114",
"108",
"108",
"107",
"138",
"116",
"129",
"106",
"150",
"114",
"116",
"126",
"105",
"148",
"132",
"135",
"119",
"138",
"133",
"150",
"145",
"153",
"134",
"138",
"138",
"148",
"148",
"134",
"142",
"173",
"156",
"144",
"186",
"176",
"187",
"206",
"183",
"230",
"219",
"189",
"239",
"222",
"264",
"230",
"260",
"282",
"267",
"315",
"290",
"320",
"275",
"354",
"372",
"368",
"373",
"385",
"411",
"426",
"376",
"439",
"432",
"435",
"473",
"466",
"461",
"525",
"467",
"527",
"541",
"556",
"514",
"584",
"562",
"523",
"548",
"568",
"585",
"524",
"536",
"529",
"579",
"595",
"542",
"579",
"586",
"556",
"540",
"549",
"558",
"552",
"490",
"539",
"510",
"512",
"466",
"498",
"487",
"437",
"439",
"434",
"393",
"432",
"386",
"396",
"379",
"357",
"334",
"331",
"347",
"346",
"302",
"272",
"312",
"285",
"288",
"267",
"255",
"240",
"218",
"204",
"210",
"212",
"199",
"165",
"174",
"189",
"141",
"169",
"156",
"161",
"129",
"128",
"137",
"137",
"153",
"146",
"135",
"147",
"168",
"134",
"150",
"162",
"150",
"128",
"181",
"155",
"182",
"165",
"161",
"213",
"228",
"227",
"231",
"227",
"210",
"264",
"277",
"292",
"287",
"322",
"364",
"329",
"358",
"354",
"373",
"390",
"375",
"386",
"387",
"389",
"366",
"378",
"415",
"386",
"324",
"328",
"346",
"311",
"293",
"319",
"306",
"241",
"251",
"233",
"226",
"214",
"169",
"173",
"187",
"180",
"140",
"150",
"125",
"119",
"110",
"107",
"98",
"83",
"102",
"96",
"81",
"93",
"96",
"89",
"91",
"77",
"75",
"56876",
"Channel_info_start",
"Channel : Mg",
"Points : 0",
"Range : 0.000000 - 0.000000",
"Step : 0.010000",
"Channel_info_end",
"Channel_info_start",
"Channel : Al",
"Points : 0",
"Range : 0.000000 - 0.000000",
"Step : 0.010000",
"Channel_info_end",
"Channel_info_start",
"Channel : Si",
"Points : 0",
"Range : 0.000000 - 0.000000",
"Step : 0.010000",
"Channel_info_end",
"Channel_info_start",
"Channel : P ",
"Points : 0",
"Range : 0.000000 - 0.000000",
"Step : 0.010000",
"Channel_info_end",
"Channel_info_start",
"Channel : S ",
"Points : 0",
"Range : 0.000000 - 0.000000",
"Step : 0.010000",
"Channel_info_end",
"Channel_info_start",
"Channel : Cl",
"Points : 0",
"Range : 0.000000 - 0.000000",
"Step : 0.010000",
"Channel_info_end",
"Channel_info_start",
"Channel : K ",
"Points : 0",
"Range : 0.000000 - 0.000000",
"Step : 0.010000",
"Channel_info_end",
"Channel_info_start",
"Channel : Ca",
"Points : 0",
"Range : 0.000000 - 0.000000",
"Step : 0.010000",
"Channel_info_end",
"Channel_info_start",
"Channel : Ti",
"Points : 0",
"Range : 0.000000 - 0.000000",
"Step : 0.010000",
"Channel_info_end",
"Channel_info_start",
"Channel : V ",
"Points : 0",
"Range : 0.000000 - 0.000000",
"Step : 0.010000",
"Channel_info_end",
"Channel_info_start",
"Channel : Cr",
"Points : 0",
"Range : 0.000000 - 0.000000",
"Step : 0.010000",
"Channel_info_end",
"Channel_info_start",
"Channel : Mn",
"Points : 0",
"Range : 0.000000 - 0.000000",
"Step : 0.010000",
"Channel_info_end",
"Channel_info_start",
"Channel : Fe",
"Points : 0",
"Range : 0.000000 - 0.000000",
"Step : 0.010000",
"Channel_info_end",
"Channel_info_start",
"Channel : Cu",
"Points : 0",
"Range : 0.000000 - 0.000000",
"Step : 0.010000",
"Channel_info_end",
"Channel_info_start",
"Channel : Zn",
"Points : 0",
"Range : 0.000000 - 0.000000",
"Step : 0.010000",
"Channel_info_end",
"Channel_info_start",
"Channel : Sr",
"Points : 0",
"Range : 0.000000 - 0.000000",
"Step : 0.010000",
"Channel_info_end",
"Channel_info_start",
"Channel : Pb",
"Points : 0",
"Range : 0.000000 - 0.000000",
"Step : 0.010000",
"Channel_info_end",
"",
"Qualitative Result",
"--------------------------------------------------------------------------------",
"Element :  P , Ba, Ca, Te, Pr, Ru",
"",
"Peak List",
"--------------------------------------------------------------------------------",
"Channel               Line        keV     Net Int.(cps/uA)",
"--------------------------------------------------------------------------------",
"Na                    P Ka         2.00     0.017",
"                      BaLaESC      2.72     0.023",
"                      BaLb1ESC     3.07     0.012",
"                      CaKa         3.69     0.279",
"                      BaLL         3.96     0.098",
"                      TeLb1        3.96     0.042",
"                      BaLa         4.47     3.261",
"                      BaLb1        4.84     2.091",
"                      BaLb2        5.16     0.513",
"                      BaLg1        5.54     0.196",
"                      PrLb1        5.54     0.055",
"                      BaLg2        5.80     0.140",
"                      RuKa        19.24     0.127",
"                      ----        19.53     0.042",
"                      ----        20.04     0.083",
"--------------------------------------------------------------------------------",
"",
"Quantitative Result",
"--------------------------------------------------------------------------------",
"Analyte               Result             Std.Dev. Proc.-Calc. Line Intensity(cps/uA)",
"--------------------------------------------------------------------------------",
"====[No. 1 Layer]====< Layer1               >===============================",
"Layer1                   0.000 ug/cm2    -------- Flux       -------- --------",
