"Sample    : Mg 31491",
"Operator  : thiago",
"Comment  : cubatao-g-policarbonato",
"Group     : kerr2007ag180cal_lt",
"Date       : 2010-06-11 00:31:30",
"",
"Mesurement Condition",
"------------------------------------------------------------------------------------",
"Instrument : 700HS2   Atmosphere : Vac.   Collimator : 10(mm)   Spin : No",
"------------------------------------------------------------------------------------",
"Analyte               TG kV   uA      FI Acq.(keV)  Anal.(keV)  Time(sec)     DT(%)",
"------------------------------------------------------------------------------------",
"Na                    Rh 50  970-Auto Al  0 - 20    0.8 - 1.2   Live -  179   14",
"",
"<Profile>",
"Channel_info_start",
"Channel : Na",
"Points : 2048",
"Range : 0.000000 - 20.480000",
"Step : 0.010000",
"Channel_info_end",
"0",
"0",
"0",
"0",
"0",
"0",
"0",
"0",
"0",
"0",
"0",
"0",
"0",
"0",
"0",
"0",
"0",
"0",
"0",
"0",
"0",
"0",
"0",
"0",
"0",
"0",
"0",
"1",
"1",
"1",
"14",
"42",
"53",
"46",
"52",
"42",
"41",
"39",
"59",
"33",
"25",
"44",
"50",
"40",
"36",
"30",
"52",
"36",
"26",
"45",
"41",
"45",
"39",
"45",
"40",
"49",
"32",
"30",
"30",
"37",
"31",
"47",
"45",
"44",
"41",
"42",
"36",
"58",
"54",
"42",
"49",
"38",
"30",
"49",
"36",
"40",
"46",
"32",
"32",
"38",
"38",
"42",
"40",
"30",
"28",
"39",
"31",
"42",
"51",
"45",
"46",
"30",
"40",
"33",
"35",
"53",
"50",
"42",
"43",
"32",
"36",
"32",
"42",
"43",
"36",
"39",
"44",
"35",
"40",
"35",
"39",
"50",
"38",
"40",
"43",
"40",
"42",
"64",
"73",
"91",
"132",
"156",
"159",
"185",
"189",
"166",
"176",
"215",
"174",
"135",
"114",
"131",
"112",
"81",
"67",
"53",
"57",
"50",
"43",
"44",
"36",
"42",
"38",
"42",
"44",
"37",
"32",
"40",
"40",
"46",
"37",
"44",
"32",
"35",
"30",
"35",
"33",
"51",
"40",
"45",
"57",
"46",
"58",
"50",
"57",
"66",
"76",
"92",
"95",
"107",
"109",
"126",
"142",
"124",
"135",
"159",
"137",
"134",
"118",
"113",
"115",
"105",
"84",
"100",
"68",
"82",
"67",
"78",
"98",
"82",
"92",
"133",
"123",
"193",
"170",
"212",
"221",
"287",
"312",
"338",
"376",
"361",
"295",
"279",
"285",
"274",
"244",
"177",
"140",
"139",
"110",
"97",
"88",
"69",
"52",
"51",
"52",
"36",
"43",
"38",
"37",
"42",
"45",
"36",
"43",
"45",
"42",
"40",
"36",
"41",
"31",
"46",
"45",
"29",
"26",
"36",
"26",
"42",
"38",
"29",
"23",
"23",
"28",
"35",
"33",
"29",
"22",
"37",
"40",
"39",
"37",
"28",
"28",
"31",
"30",
"35",
"37",
"38",
"23",
"43",
"32",
"33",
"45",
"44",
"43",
"32",
"49",
"51",
"49",
"45",
"60",
"62",
"46",
"40",
"52",
"56",
"42",
"46",
"52",
"51",
"38",
"47",
"67",
"54",
"50",
"57",
"43",
"52",
"57",
"44",
"56",
"39",
"52",
"51",
"40",
"40",
"47",
"40",
"37",
"50",
"42",
"38",
"57",
"39",
"43",
"37",
"40",
"32",
"29",
"50",
"27",
"44",
"54",
"40",
"45",
"54",
"50",
"50",
"39",
"59",
"58",
"38",
"52",
"57",
"49",
"43",
"64",
"51",
"53",
"41",
"52",
"55",
"33",
"44",
"58",
"52",
"54",
"43",
"45",
"67",
"53",
"65",
"62",
"62",
"62",
"67",
"57",
"67",
"68",
"87",
"97",
"119",
"153",
"148",
"218",
"286",
"401",
"575",
"660",
"977",
"1170",
"1544",
"1921",
"2225",
"2536",
"2974",
"3243",
"3621",
"3578",
"3777",
"3485",
"3507",
"3194",
"3046",
"2497",
"2248",
"1847",
"1418",
"1157",
"927",
"638",
"550",
"366",
"292",
"274",
"221",
"207",
"173",
"212",
"192",
"231",
"268",
"259",
"282",
"320",
"393",
"353",
"455",
"461",
"563",
"542",
"547",
"516",
"465",
"474",
"444",
"354",
"329",
"325",
"312",
"218",
"221",
"162",
"162",
"110",
"109",
"122",
"95",
"70",
"82",
"73",
"78",
"63",
"84",
"80",
"88",
"86",
"94",
"92",
"88",
"84",
"113",
"98",
"117",
"119",
"117",
"122",
"138",
"151",
"148",
"149",
"156",
"131",
"179",
"201",
"169",
"152",
"193",
"213",
"182",
"177",
"191",
"202",
"192",
"170",
"203",
"197",
"222",
"209",
"197",
"197",
"178",
"186",
"204",
"219",
"214",
"178",
"195",
"190",
"182",
"167",
"174",
"168",
"180",
"146",
"160",
"168",
"150",
"158",
"148",
"138",
"159",
"129",
"140",
"144",
"138",
"142",
"129",
"151",
"159",
"125",
"132",
"125",
"105",
"133",
"146",
"142",
"139",
"123",
"137",
"137",
"137",
"121",
"121",
"153",
"146",
"112",
"148",
"146",
"156",
"144",
"132",
"140",
"138",
"148",
"133",
"115",
"126",
"128",
"137",
"131",
"140",
"105",
"139",
"134",
"148",
"134",
"151",
"152",
"166",
"154",
"142",
"161",
"183",
"172",
"156",
"153",
"164",
"188",
"199",
"179",
"201",
"186",
"189",
"183",
"200",
"179",
"206",
"156",
"175",
"174",
"202",
"162",
"204",
"182",
"202",
"214",
"212",
"205",
"220",
"196",
"219",
"174",
"223",
"183",
"193",
"173",
"207",
"224",
"223",
"193",
"219",
"201",
"203",
"221",
"229",
"169",
"208",
"176",
"224",
"197",
"245",
"206",
"226",
"202",
"234",
"201",
"214",
"242",
"224",
"219",
"227",
"226",
"220",
"203",
"222",
"189",
"207",
"220",
"203",
"238",
"203",
"213",
"212",
"227",
"226",
"215",
"228",
"218",
"220",
"237",
"223",
"241",
"223",
"254",
"281",
"265",
"273",
"254",
"240",
"254",
"277",
"244",
"257",
"261",
"290",
"247",
"255",
"237",
"291",
"277",
"290",
"270",
"291",
"267",
"295",
"301",
"313",
"250",
"335",
"313",
"300",
"249",
"303",
"287",
"312",
"258",
"289",
"267",
"324",
"287",
"251",
"264",
"295",
"283",
"339",
"290",
"302",
"311",
"286",
"270",
"310",
"271",
"284",
"289",
"292",
"295",
"308",
"331",
"298",
"278",
"332",
"288",
"304",
"294",
"342",
"303",
"312",
"308",
"343",
"302",
"309",
"279",
"345",
"308",
"331",
"302",
"349",
"318",
"316",
"306",
"340",
"301",
"327",
"353",
"304",
"325",
"318",
"310",
"335",
"349",
"347",
"335",
"339",
"331",
"353",
"325",
"327",
"351",
"356",
"313",
"364",
"316",
"358",
"324",
"323",
"317",
"359",
"324",
"338",
"324",
"329",
"353",
"327",
"325",
"309",
"311",
"290",
"323",
"330",
"259",
"294",
"299",
"298",
"283",
"300",
"281",
"327",
"313",
"332",
"299",
"359",
"290",
"304",
"300",
"339",
"295",
"343",
"330",
"336",
"335",
"314",
"325",
"296",
"332",
"345",
"282",
"304",
"339",
"339",
"305",
"309",
"300",
"314",
"351",
"297",
"306",
"315",
"292",
"284",
"305",
"336",
"332",
"361",
"311",
"317",
"336",
"314",
"310",
"333",
"342",
"351",
"338",
"363",
"332",
"337",
"351",
"326",
"343",
"397",
"337",
"357",
"403",
"405",
"379",
"385",
"414",
"486",
"474",
"534",
"579",
"600",
"614",
"679",
"682",
"788",
"793",
"879",
"872",
"976",
"951",
"1039",
"980",
"1090",
"983",
"1051",
"943",
"911",
"820",
"849",
"756",
"753",
"671",
"670",
"615",
"562",
"494",
"429",
"440",
"410",
"383",
"399",
"342",
"373",
"369",
"361",
"344",
"346",
"341",
"372",
"335",
"372",
"357",
"333",
"305",
"354",
"372",
"425",
"359",
"396",
"382",
"396",
"434",
"422",
"453",
"481",
"474",
"488",
"459",
"542",
"477",
"573",
"448",
"472",
"496",
"511",
"488",
"518",
"462",
"493",
"421",
"424",
"420",
"437",
"401",
"394",
"345",
"410",
"345",
"380",
"343",
"360",
"374",
"353",
"326",
"345",
"350",
"367",
"349",
"373",
"303",
"332",
"325",
"354",
"330",
"369",
"324",
"356",
"317",
"333",
"365",
"342",
"332",
"343",
"309",
"345",
"313",
"363",
"330",
"351",
"328",
"361",
"372",
"395",
"383",
"413",
"401",
"452",
"372",
"466",
"482",
"487",
"489",
"558",
"555",
"641",
"572",
"639",
"653",
"657",
"639",
"785",
"692",
"731",
"756",
"733",
"683",
"668",
"635",
"646",
"632",
"600",
"578",
"578",
"508",
"514",
"468",
"459",
"466",
"466",
"454",
"426",
"476",
"453",
"440",
"432",
"474",
"477",
"426",
"477",
"469",
"527",
"487",
"482",
"427",
"473",
"426",
"458",
"434",
"442",
"398",
"376",
"408",
"395",
"377",
"408",
"380",
"363",
"324",
"336",
"314",
"345",
"310",
"379",
"304",
"338",
"319",
"333",
"335",
"393",
"306",
"310",
"345",
"323",
"282",
"327",
"326",
"313",
"278",
"300",
"331",
"320",
"285",
"290",
"310",
"312",
"300",
"318",
"314",
"343",
"317",
"297",
"315",
"305",
"300",
"295",
"306",
"326",
"337",
"313",
"292",
"316",
"327",
"349",
"310",
"349",
"273",
"308",
"308",
"295",
"300",
"305",
"344",
"316",
"292",
"323",
"325",
"314",
"301",
"312",
"269",
"322",
"320",
"287",
"290",
"322",
"299",
"278",
"327",
"299",
"259",
"320",
"306",
"297",
"296",
"310",
"337",
"300",
"287",
"306",
"336",
"291",
"282",
"301",
"317",
"343",
"287",
"275",
"290",
"339",
"304",
"326",
"301",
"312",
"318",
"324",
"291",
"306",
"342",
"353",
"352",
"387",
"358",
"358",
"364",
"374",
"343",
"378",
"382",
"343",
"327",
"367",
"361",
"354",
"344",
"333",
"313",
"342",
"316",
"322",
"329",
"319",
"299",
"344",
"304",
"314",
"286",
"288",
"296",
"336",
"327",
"304",
"279",
"289",
"305",
"322",
"320",
"323",
"325",
"299",
"344",
"332",
"324",
"326",
"324",
"337",
"290",
"292",
"331",
"336",
"316",
"290",
"292",
"311",
"297",
"313",
"308",
"311",
"300",
"295",
"300",
"325",
"316",
"318",
"327",
"291",
"290",
"313",
"288",
"284",
"285",
"301",
"312",
"301",
"302",
"303",
"301",
"286",
"295",
"296",
"291",
"297",
"281",
"312",
"271",
"305",
"270",
"291",
"268",
"300",
"313",
"302",
"275",
"291",
"311",
"292",
"286",
"311",
"296",
"299",
"296",
"309",
"317",
"303",
"289",
"294",
"288",
"276",
"274",
"326",
"270",
"269",
"286",
"298",
"271",
"299",
"296",
"295",
"291",
"320",
"301",
"283",
"251",
"282",
"290",
"300",
"271",
"285",
"243",
"274",
"247",
"297",
"304",
"286",
"315",
"288",
"308",
"327",
"272",
"298",
"259",
"291",
"271",
"283",
"264",
"300",
"257",
"246",
"274",
"265",
"259",
"318",
"301",
"268",
"241",
"289",
"248",
"277",
"288",
"267",
"265",
"312",
"273",
"276",
"257",
"263",
"289",
"251",
"277",
"295",
"261",
"274",
"268",
"261",
"263",
"274",
"283",
"282",
"291",
"287",
"303",
"269",
"270",
"272",
"290",
"275",
"291",
"287",
"286",
"278",
"262",
"272",
"267",
"282",
"253",
"277",
"309",
"289",
"287",
"275",
"270",
"292",
"233",
"290",
"245",
"245",
"279",
"264",
"288",
"267",
"276",
"282",
"292",
"273",
"249",
"285",
"275",
"269",
"290",
"277",
"299",
"306",
"232",
"262",
"256",
"269",
"284",
"302",
"274",
"296",
"247",
"285",
"289",
"256",
"273",
"259",
"264",
"300",
"257",
"282",
"295",
"299",
"256",
"263",
"284",
"288",
"246",
"236",
"279",
"212",
"268",
"235",
"275",
"282",
"243",
"264",
"251",
"222",
"257",
"260",
"230",
"264",
"259",
"286",
"258",
"299",
"240",
"249",
"258",
"245",
"237",
"258",
"259",
"251",
"246",
"258",
"274",
"290",
"248",
"291",
"233",
"251",
"234",
"298",
"276",
"284",
"250",
"230",
"263",
"257",
"231",
"259",
"257",
"278",
"233",
"242",
"267",
"262",
"238",
"276",
"248",
"230",
"256",
"232",
"271",
"253",
"240",
"253",
"267",
"257",
"260",
"237",
"250",
"291",
"284",
"253",
"264",
"256",
"227",
"267",
"259",
"270",
"250",
"241",
"260",
"245",
"223",
"272",
"255",
"235",
"260",
"228",
"251",
"247",
"247",
"218",
"260",
"269",
"223",
"237",
"257",
"263",
"254",
"255",
"227",
"234",
"245",
"227",
"236",
"273",
"254",
"237",
"259",
"238",
"240",
"258",
"221",
"226",
"220",
"269",
"244",
"232",
"245",
"242",
"241",
"254",
"231",
"219",
"226",
"248",
"215",
"244",
"226",
"218",
"257",
"242",
"237",
"238",
"236",
"236",
"215",
"224",
"206",
"231",
"232",
"251",
"214",
"222",
"260",
"224",
"208",
"247",
"213",
"229",
"214",
"232",
"255",
"222",
"221",
"219",
"255",
"234",
"200",
"220",
"207",
"232",
"231",
"241",
"217",
"238",
"231",
"243",
"207",
"219",
"240",
"204",
"209",
"233",
"223",
"232",
"267",
"233",
"202",
"220",
"258",
"222",
"212",
"219",
"214",
"207",
"191",
"245",
"223",
"227",
"246",
"217",
"227",
"259",
"204",
"224",
"228",
"233",
"192",
"220",
"230",
"226",
"216",
"218",
"250",
"215",
"196",
"193",
"222",
"222",
"229",
"213",
"253",
"220",
"222",
"241",
"222",
"237",
"203",
"230",
"209",
"233",
"207",
"229",
"219",
"240",
"224",
"229",
"212",
"213",
"209",
"194",
"221",
"237",
"212",
"234",
"207",
"218",
"199",
"217",
"220",
"231",
"213",
"207",
"250",
"227",
"223",
"232",
"220",
"245",
"176",
"232",
"212",
"199",
"208",
"217",
"201",
"218",
"196",
"209",
"222",
"208",
"214",
"208",
"197",
"207",
"192",
"227",
"234",
"224",
"205",
"228",
"209",
"242",
"203",
"244",
"214",
"202",
"194",
"231",
"220",
"216",
"212",
"201",
"204",
"202",
"187",
"217",
"206",
"222",
"192",
"213",
"221",
"209",
"206",
"229",
"203",
"217",
"187",
"185",
"246",
"199",
"199",
"212",
"185",
"189",
"188",
"173",
"201",
"218",
"201",
"220",
"186",
"214",
"182",
"169",
"213",
"178",
"169",
"188",
"204",
"216",
"197",
"193",
"228",
"210",
"208",
"207",
"190",
"229",
"206",
"213",
"241",
"224",
"199",
"202",
"205",
"180",
"186",
"212",
"197",
"214",
"210",
"186",
"199",
"177",
"215",
"207",
"208",
"188",
"205",
"162",
"210",
"200",
"197",
"193",
"206",
"212",
"179",
"201",
"218",
"210",
"197",
"169",
"186",
"196",
"205",
"226",
"200",
"213",
"205",
"194",
"209",
"202",
"187",
"210",
"206",
"197",
"210",
"215",
"205",
"204",
"168",
"188",
"192",
"222",
"192",
"223",
"219",
"212",
"180",
"190",
"170",
"158",
"201",
"206",
"209",
"183",
"186",
"174",
"176",
"177",
"208",
"212",
"224",
"212",
"177",
"192",
"203",
"202",
"193",
"183",
"215",
"191",
"176",
"205",
"195",
"181",
"192",
"183",
"181",
"203",
"182",
"194",
"209",
"199",
"191",
"175",
"194",
"187",
"191",
"164",
"182",
"201",
"200",
"202",
"195",
"192",
"163",
"233",
"210",
"201",
"182",
"208",
"209",
"196",
"173",
"228",
"202",
"223",
"220",
"207",
"203",
"214",
"201",
"202",
"222",
"194",
"191",
"203",
"214",
"189",
"218",
"220",
"214",
"209",
"194",
"192",
"236",
"204",
"216",
"213",
"234",
"233",
"200",
"244",
"229",
"212",
"208",
"212",
"215",
"214",
"209",
"227",
"231",
"243",
"238",
"241",
"234",
"193",
"240",
"208",
"227",
"215",
"224",
"233",
"212",
"243",
"226",
"219",
"247",
"197",
"221",
"240",
"263",
"251",
"246",
"237",
"237",
"250",
"269",
"244",
"265",
"267",
"251",
"251",
"257",
"277",
"290",
"276",
"265",
"264",
"259",
"279",
"289",
"282",
"288",
"290",
"275",
"286",
"303",
"300",
"353",
"292",
"338",
"328",
"341",
"358",
"349",
"358",
"374",
"352",
"379",
"355",
"379",
"400",
"395",
"417",
"452",
"488",
"486",
"455",
"522",
"549",
"496",
"555",
"589",
"637",
"612",
"647",
"657",
"719",
"738",
"759",
"826",
"779",
"792",
"855",
"864",
"906",
"924",
"969",
"1025",
"1068",
"1014",
"1067",
"1141",
"1115",
"1186",
"1299",
"1280",
"1279",
"1322",
"1318",
"1292",
"1403",
"1322",
"1366",
"1491",
"1440",
"1445",
"1437",
"1438",
"1505",
"1419",
"1414",
"1593",
"1503",
"1350",
"1407",
"1340",
"1438",
"1378",
"1400",
"1396",
"1389",
"1175",
"1208",
"1263",
"1152",
"1131",
"1202",
"1060",
"1069",
"1007",
"969",
"1007",
"964",
"903",
"949",
"906",
"860",
"777",
"815",
"809",
"739",
"655",
"652",
"670",
"642",
"560",
"600",
"570",
"526",
"488",
"501",
"466",
"486",
"448",
"417",
"411",
"414",
"357",
"370",
"368",
"352",
"299",
"274",
"340",
"302",
"319",
"268",
"320",
"292",
"290",
"282",
"312",
"310",
"274",
"294",
"364",
"377",
"358",
"319",
"367",
"373",
"371",
"379",
"459",
"423",
"392",
"475",
"420",
"493",
"461",
"464",
"504",
"526",
"536",
"537",
"556",
"541",
"575",
"586",
"584",
"589",
"523",
"527",
"502",
"524",
"489",
"510",
"477",
"483",
"460",
"442",
"425",
"397",
"386",
"373",
"359",
"356",
"324",
"298",
"296",
"254",
"261",
"261",
"305",
"210",
"206",
"188",
"212",
"197",
"182",
"195",
"175",
"208",
"162",
"150",
"167",
"175",
"185",
"96485",
"Channel_info_start",
"Channel : Mg",
"Points : 0",
"Range : 0.000000 - 0.000000",
"Step : 0.010000",
"Channel_info_end",
"Channel_info_start",
"Channel : Al",
"Points : 0",
"Range : 0.000000 - 0.000000",
"Step : 0.010000",
"Channel_info_end",
"Channel_info_start",
"Channel : Si",
"Points : 0",
"Range : 0.000000 - 0.000000",
"Step : 0.010000",
"Channel_info_end",
"Channel_info_start",
"Channel : P ",
"Points : 0",
"Range : 0.000000 - 0.000000",
"Step : 0.010000",
"Channel_info_end",
"Channel_info_start",
"Channel : S ",
"Points : 0",
"Range : 0.000000 - 0.000000",
"Step : 0.010000",
"Channel_info_end",
"Channel_info_start",
"Channel : Cl",
"Points : 0",
"Range : 0.000000 - 0.000000",
"Step : 0.010000",
"Channel_info_end",
"Channel_info_start",
"Channel : K ",
"Points : 0",
"Range : 0.000000 - 0.000000",
"Step : 0.010000",
"Channel_info_end",
"Channel_info_start",
"Channel : Ca",
"Points : 0",
"Range : 0.000000 - 0.000000",
"Step : 0.010000",
"Channel_info_end",
"Channel_info_start",
"Channel : Ti",
"Points : 0",
"Range : 0.000000 - 0.000000",
"Step : 0.010000",
"Channel_info_end",
"Channel_info_start",
"Channel : V ",
"Points : 0",
"Range : 0.000000 - 0.000000",
"Step : 0.010000",
"Channel_info_end",
"Channel_info_start",
"Channel : Cr",
"Points : 0",
"Range : 0.000000 - 0.000000",
"Step : 0.010000",
"Channel_info_end",
"Channel_info_start",
"Channel : Mn",
"Points : 0",
"Range : 0.000000 - 0.000000",
"Step : 0.010000",
"Channel_info_end",
"Channel_info_start",
"Channel : Fe",
"Points : 0",
"Range : 0.000000 - 0.000000",
"Step : 0.010000",
"Channel_info_end",
"Channel_info_start",
"Channel : Cu",
"Points : 0",
"Range : 0.000000 - 0.000000",
"Step : 0.010000",
"Channel_info_end",
"Channel_info_start",
"Channel : Zn",
"Points : 0",
"Range : 0.000000 - 0.000000",
"Step : 0.010000",
"Channel_info_end",
"Channel_info_start",
"Channel : Sr",
"Points : 0",
"Range : 0.000000 - 0.000000",
"Step : 0.010000",
"Channel_info_end",
"Channel_info_start",
"Channel : Pb",
"Points : 0",
"Range : 0.000000 - 0.000000",
"Step : 0.010000",
"Channel_info_end",
"",
"Qualitative Result",
"--------------------------------------------------------------------------------",
"Element :  Mg, Si, P , Ca, Zn, Ru",
"",
"Peak List",
"--------------------------------------------------------------------------------",
"Channel               Line        keV     Net Int.(cps/uA)",
"--------------------------------------------------------------------------------",
"Na                    MgKa         1.25     0.008",
"                      SiKa         1.75     0.007",
"                      P Ka         2.00     0.023",
"                      CaKa         3.68     0.287",
"                      CaKb         4.00     0.038",
"                      ----         4.57     0.009",
"                      ----         8.13     0.068",
"                      ZnKa         8.66     0.017",
"                      ----         9.34     0.043",
"                      ZnKb         9.62     0.019",
"                      RuKa        19.17     0.132",
"                      ----        19.45     0.057",
"                      ----        19.94     0.020",
"--------------------------------------------------------------------------------",
"",
"Quantitative Result",
"--------------------------------------------------------------------------------",
"Analyte               Result             Std.Dev. Proc.-Calc. Line Intensity(cps/uA)",
"--------------------------------------------------------------------------------",
"====[No. 1 Layer]====< Layer1               >===============================",
"Layer1                   0.000 ug/cm2    -------- Flux       -------- --------",
