"Sample    : YF3 15762",
"Operator  : luisf",
"Comment  : cubatao-g-policarbonato",
"Group     : kerr2007ag180cal_lt",
"Date       : 2010-05-25 23:13:20",
"",
"Mesurement Condition",
"------------------------------------------------------------------------------------",
"Instrument : 700HS2   Atmosphere : Vac.   Collimator : 10(mm)   Spin : No",
"------------------------------------------------------------------------------------",
"Analyte               TG kV   uA      FI Acq.(keV)  Anal.(keV)  Time(sec)     DT(%)",
"------------------------------------------------------------------------------------",
"Na                    Rh 50  237-Auto Al  0 - 20    0.8 - 1.2   Live -  179   14",
"",
"<Profile>",
"Channel_info_start",
"Channel : Na",
"Points : 2048",
"Range : 0.000000 - 20.480000",
"Step : 0.010000",
"Channel_info_end",
"0",
"0",
"0",
"0",
"0",
"0",
"0",
"0",
"0",
"0",
"0",
"0",
"0",
"0",
"0",
"0",
"0",
"0",
"0",
"0",
"0",
"0",
"0",
"0",
"0",
"0",
"0",
"1",
"1",
"1",
"13",
"35",
"32",
"31",
"29",
"29",
"37",
"41",
"37",
"38",
"36",
"32",
"37",
"37",
"39",
"24",
"36",
"35",
"37",
"40",
"28",
"29",
"36",
"47",
"38",
"28",
"38",
"41",
"39",
"35",
"40",
"38",
"40",
"40",
"47",
"47",
"32",
"54",
"24",
"37",
"36",
"33",
"43",
"33",
"42",
"45",
"29",
"52",
"35",
"28",
"42",
"38",
"42",
"40",
"39",
"30",
"33",
"40",
"33",
"44",
"23",
"36",
"36",
"28",
"28",
"28",
"27",
"24",
"27",
"32",
"26",
"35",
"25",
"36",
"25",
"33",
"38",
"38",
"20",
"25",
"24",
"37",
"25",
"40",
"26",
"30",
"14",
"23",
"24",
"27",
"23",
"29",
"25",
"27",
"20",
"29",
"24",
"27",
"24",
"22",
"26",
"27",
"26",
"26",
"23",
"30",
"33",
"27",
"27",
"31",
"24",
"23",
"25",
"30",
"27",
"39",
"24",
"28",
"33",
"35",
"29",
"41",
"42",
"53",
"36",
"59",
"53",
"58",
"57",
"79",
"82",
"81",
"96",
"130",
"140",
"152",
"152",
"180",
"169",
"209",
"189",
"232",
"202",
"238",
"214",
"242",
"203",
"223",
"189",
"248",
"248",
"250",
"327",
"401",
"490",
"590",
"765",
"1037",
"1192",
"1476",
"1587",
"1924",
"1931",
"1951",
"1940",
"2029",
"1903",
"1927",
"1703",
"1642",
"1497",
"1409",
"1098",
"1076",
"961",
"812",
"650",
"564",
"449",
"409",
"281",
"278",
"242",
"214",
"127",
"110",
"78",
"84",
"71",
"43",
"46",
"40",
"33",
"20",
"30",
"22",
"25",
"33",
"42",
"26",
"36",
"32",
"46",
"38",
"44",
"40",
"38",
"44",
"32",
"37",
"36",
"24",
"17",
"29",
"26",
"16",
"15",
"14",
"18",
"17",
"14",
"16",
"15",
"16",
"14",
"10",
"17",
"19",
"12",
"16",
"17",
"22",
"17",
"14",
"13",
"17",
"14",
"24",
"18",
"16",
"17",
"20",
"18",
"22",
"10",
"22",
"16",
"18",
"17",
"16",
"18",
"13",
"17",
"17",
"22",
"24",
"16",
"20",
"17",
"20",
"16",
"23",
"22",
"17",
"16",
"15",
"19",
"16",
"13",
"24",
"12",
"22",
"15",
"23",
"19",
"17",
"19",
"15",
"16",
"19",
"10",
"18",
"18",
"15",
"15",
"17",
"20",
"20",
"19",
"27",
"15",
"20",
"14",
"17",
"17",
"19",
"15",
"15",
"16",
"13",
"13",
"15",
"8",
"10",
"20",
"25",
"12",
"20",
"13",
"19",
"27",
"13",
"37",
"9",
"18",
"15",
"19",
"24",
"23",
"28",
"26",
"35",
"39",
"44",
"50",
"57",
"72",
"88",
"97",
"161",
"184",
"253",
"256",
"345",
"378",
"456",
"474",
"536",
"510",
"555",
"524",
"513",
"445",
"457",
"389",
"320",
"251",
"220",
"165",
"130",
"106",
"79",
"72",
"57",
"53",
"65",
"49",
"45",
"58",
"51",
"50",
"44",
"50",
"61",
"59",
"64",
"85",
"91",
"82",
"107",
"96",
"94",
"97",
"91",
"80",
"85",
"77",
"73",
"73",
"60",
"50",
"39",
"46",
"43",
"35",
"44",
"31",
"25",
"32",
"18",
"35",
"27",
"20",
"26",
"28",
"23",
"25",
"29",
"35",
"28",
"44",
"42",
"36",
"32",
"28",
"30",
"47",
"40",
"28",
"37",
"53",
"46",
"45",
"59",
"45",
"52",
"44",
"72",
"54",
"50",
"61",
"71",
"47",
"70",
"45",
"55",
"54",
"50",
"54",
"69",
"59",
"53",
"58",
"61",
"47",
"49",
"49",
"46",
"55",
"49",
"36",
"50",
"40",
"41",
"39",
"44",
"30",
"50",
"51",
"41",
"41",
"46",
"38",
"47",
"49",
"50",
"45",
"44",
"49",
"38",
"45",
"44",
"40",
"51",
"39",
"35",
"33",
"36",
"50",
"46",
"33",
"40",
"49",
"49",
"37",
"44",
"54",
"44",
"37",
"38",
"42",
"44",
"42",
"43",
"37",
"47",
"42",
"29",
"25",
"32",
"32",
"40",
"44",
"54",
"40",
"46",
"40",
"43",
"40",
"43",
"55",
"44",
"63",
"42",
"51",
"41",
"53",
"49",
"53",
"54",
"46",
"50",
"47",
"61",
"65",
"63",
"41",
"58",
"45",
"58",
"46",
"43",
"56",
"59",
"37",
"64",
"55",
"56",
"64",
"54",
"36",
"65",
"57",
"41",
"56",
"43",
"57",
"49",
"46",
"46",
"56",
"55",
"55",
"65",
"47",
"53",
"64",
"50",
"53",
"64",
"66",
"63",
"52",
"73",
"55",
"52",
"59",
"66",
"65",
"75",
"67",
"56",
"61",
"66",
"72",
"71",
"70",
"52",
"67",
"65",
"77",
"71",
"63",
"73",
"70",
"77",
"60",
"77",
"60",
"90",
"68",
"73",
"83",
"67",
"74",
"83",
"74",
"85",
"73",
"84",
"71",
"71",
"78",
"79",
"75",
"87",
"91",
"81",
"86",
"91",
"84",
"90",
"83",
"82",
"86",
"75",
"104",
"90",
"86",
"110",
"84",
"106",
"73",
"93",
"90",
"104",
"78",
"86",
"96",
"79",
"70",
"73",
"84",
"99",
"91",
"85",
"84",
"98",
"87",
"87",
"84",
"102",
"91",
"79",
"88",
"108",
"82",
"94",
"79",
"95",
"85",
"106",
"99",
"99",
"102",
"104",
"88",
"84",
"90",
"92",
"87",
"104",
"113",
"102",
"88",
"92",
"99",
"101",
"97",
"101",
"71",
"87",
"93",
"100",
"78",
"85",
"91",
"99",
"71",
"78",
"101",
"100",
"74",
"112",
"96",
"116",
"92",
"102",
"92",
"88",
"90",
"98",
"85",
"110",
"83",
"95",
"94",
"75",
"92",
"93",
"83",
"91",
"93",
"121",
"82",
"84",
"70",
"99",
"93",
"92",
"96",
"85",
"86",
"113",
"85",
"91",
"110",
"88",
"93",
"95",
"102",
"87",
"91",
"104",
"113",
"109",
"96",
"97",
"94",
"106",
"115",
"100",
"79",
"78",
"95",
"88",
"92",
"93",
"93",
"86",
"104",
"86",
"82",
"109",
"82",
"100",
"97",
"97",
"84",
"107",
"80",
"106",
"86",
"99",
"93",
"107",
"115",
"123",
"93",
"122",
"113",
"106",
"92",
"112",
"99",
"110",
"90",
"109",
"114",
"102",
"97",
"112",
"102",
"119",
"114",
"119",
"118",
"129",
"129",
"141",
"126",
"154",
"138",
"150",
"132",
"133",
"135",
"135",
"136",
"142",
"123",
"135",
"132",
"153",
"123",
"114",
"141",
"136",
"116",
"110",
"124",
"119",
"96",
"121",
"104",
"91",
"104",
"112",
"73",
"105",
"93",
"110",
"86",
"90",
"96",
"86",
"78",
"99",
"87",
"88",
"108",
"109",
"88",
"88",
"93",
"113",
"104",
"99",
"104",
"102",
"90",
"126",
"112",
"118",
"141",
"112",
"119",
"161",
"130",
"134",
"152",
"150",
"157",
"139",
"129",
"146",
"147",
"126",
"107",
"124",
"120",
"112",
"137",
"115",
"106",
"102",
"109",
"95",
"110",
"99",
"100",
"93",
"95",
"95",
"110",
"105",
"90",
"77",
"107",
"88",
"106",
"112",
"108",
"87",
"101",
"95",
"107",
"110",
"111",
"105",
"101",
"112",
"86",
"110",
"87",
"91",
"93",
"106",
"101",
"95",
"100",
"86",
"72",
"86",
"111",
"87",
"92",
"109",
"97",
"77",
"94",
"101",
"97",
"97",
"95",
"102",
"115",
"87",
"102",
"113",
"100",
"95",
"96",
"90",
"106",
"95",
"105",
"135",
"91",
"92",
"101",
"114",
"86",
"98",
"80",
"93",
"95",
"87",
"79",
"97",
"88",
"104",
"93",
"112",
"97",
"83",
"93",
"75",
"80",
"96",
"108",
"111",
"93",
"98",
"94",
"105",
"87",
"94",
"93",
"111",
"98",
"90",
"94",
"120",
"95",
"88",
"98",
"109",
"85",
"68",
"80",
"93",
"77",
"97",
"79",
"85",
"90",
"111",
"77",
"80",
"106",
"98",
"98",
"75",
"69",
"96",
"91",
"97",
"80",
"96",
"98",
"75",
"90",
"81",
"77",
"94",
"87",
"99",
"96",
"98",
"72",
"92",
"80",
"71",
"85",
"86",
"114",
"81",
"82",
"100",
"97",
"81",
"87",
"123",
"83",
"93",
"85",
"85",
"105",
"83",
"86",
"87",
"98",
"84",
"79",
"90",
"83",
"94",
"79",
"81",
"81",
"101",
"91",
"78",
"80",
"83",
"74",
"78",
"97",
"88",
"90",
"83",
"78",
"91",
"94",
"84",
"83",
"82",
"84",
"81",
"106",
"104",
"95",
"108",
"73",
"84",
"107",
"75",
"97",
"96",
"83",
"90",
"100",
"98",
"94",
"86",
"106",
"101",
"96",
"100",
"105",
"95",
"98",
"99",
"93",
"92",
"86",
"106",
"88",
"110",
"79",
"73",
"82",
"113",
"92",
"93",
"101",
"87",
"94",
"70",
"90",
"104",
"86",
"83",
"93",
"98",
"82",
"91",
"82",
"92",
"85",
"79",
"80",
"97",
"84",
"99",
"94",
"112",
"90",
"90",
"111",
"93",
"75",
"71",
"78",
"90",
"78",
"88",
"109",
"90",
"84",
"79",
"79",
"84",
"60",
"94",
"104",
"95",
"80",
"107",
"90",
"88",
"73",
"90",
"70",
"99",
"85",
"83",
"63",
"81",
"93",
"98",
"80",
"79",
"74",
"98",
"81",
"78",
"93",
"83",
"80",
"91",
"65",
"77",
"84",
"92",
"91",
"95",
"80",
"84",
"57",
"91",
"91",
"93",
"81",
"93",
"90",
"81",
"71",
"75",
"81",
"88",
"80",
"79",
"78",
"84",
"90",
"66",
"75",
"102",
"71",
"83",
"72",
"69",
"83",
"86",
"85",
"99",
"75",
"86",
"84",
"81",
"77",
"72",
"73",
"80",
"83",
"88",
"83",
"85",
"71",
"94",
"81",
"75",
"86",
"85",
"85",
"46",
"84",
"75",
"86",
"97",
"77",
"82",
"58",
"78",
"86",
"92",
"73",
"70",
"64",
"82",
"68",
"87",
"72",
"66",
"82",
"96",
"78",
"75",
"74",
"78",
"80",
"92",
"73",
"77",
"73",
"88",
"67",
"74",
"75",
"85",
"73",
"75",
"74",
"72",
"73",
"69",
"68",
"95",
"88",
"70",
"90",
"64",
"102",
"75",
"66",
"75",
"74",
"75",
"69",
"78",
"81",
"91",
"80",
"71",
"60",
"77",
"73",
"65",
"95",
"67",
"85",
"66",
"91",
"70",
"73",
"90",
"78",
"77",
"84",
"78",
"78",
"67",
"60",
"70",
"63",
"74",
"85",
"74",
"93",
"88",
"95",
"91",
"71",
"70",
"99",
"87",
"84",
"86",
"85",
"86",
"80",
"79",
"79",
"93",
"75",
"82",
"70",
"85",
"106",
"90",
"71",
"69",
"91",
"70",
"64",
"77",
"61",
"75",
"72",
"75",
"61",
"70",
"82",
"81",
"78",
"77",
"67",
"58",
"84",
"90",
"75",
"63",
"80",
"73",
"68",
"79",
"61",
"74",
"72",
"82",
"78",
"63",
"80",
"73",
"72",
"72",
"56",
"82",
"68",
"94",
"92",
"71",
"63",
"60",
"71",
"82",
"69",
"74",
"64",
"72",
"77",
"75",
"93",
"59",
"85",
"84",
"75",
"79",
"79",
"80",
"78",
"86",
"79",
"88",
"77",
"63",
"67",
"83",
"73",
"73",
"67",
"82",
"90",
"68",
"70",
"81",
"82",
"67",
"77",
"68",
"70",
"92",
"87",
"86",
"70",
"80",
"68",
"100",
"81",
"74",
"77",
"91",
"97",
"67",
"80",
"75",
"87",
"86",
"82",
"90",
"91",
"105",
"69",
"85",
"95",
"106",
"84",
"113",
"78",
"81",
"102",
"109",
"96",
"84",
"98",
"110",
"97",
"113",
"98",
"98",
"109",
"101",
"110",
"108",
"118",
"112",
"100",
"122",
"126",
"134",
"135",
"135",
"124",
"146",
"181",
"203",
"228",
"254",
"302",
"430",
"438",
"503",
"655",
"853",
"968",
"1219",
"1365",
"1805",
"1935",
"2355",
"2962",
"3381",
"3914",
"4673",
"5159",
"6304",
"6500",
"7572",
"8440",
"9338",
"9508",
"10761",
"11467",
"12385",
"12656",
"13595",
"13728",
"14606",
"13968",
"14453",
"14592",
"14697",
"14134",
"13973",
"13992",
"13345",
"12001",
"11998",
"11127",
"10459",
"9311",
"8545",
"8397",
"7306",
"6056",
"5666",
"5075",
"4299",
"3707",
"3102",
"2885",
"2277",
"1826",
"1582",
"1316",
"1023",
"858",
"670",
"587",
"462",
"352",
"299",
"235",
"205",
"157",
"142",
"136",
"132",
"124",
"104",
"97",
"97",
"86",
"92",
"115",
"73",
"93",
"88",
"73",
"106",
"79",
"73",
"67",
"90",
"78",
"80",
"81",
"84",
"78",
"83",
"72",
"81",
"72",
"81",
"73",
"83",
"71",
"60",
"64",
"83",
"68",
"61",
"72",
"67",
"58",
"65",
"59",
"67",
"63",
"91",
"77",
"71",
"63",
"70",
"70",
"71",
"66",
"79",
"63",
"67",
"83",
"66",
"88",
"73",
"70",
"72",
"73",
"87",
"73",
"73",
"87",
"90",
"71",
"75",
"63",
"72",
"75",
"67",
"82",
"73",
"71",
"93",
"71",
"92",
"87",
"90",
"78",
"83",
"73",
"84",
"61",
"72",
"104",
"79",
"86",
"79",
"75",
"96",
"91",
"88",
"83",
"87",
"77",
"86",
"90",
"66",
"95",
"80",
"97",
"97",
"99",
"97",
"85",
"97",
"94",
"110",
"125",
"136",
"126",
"147",
"142",
"171",
"167",
"233",
"237",
"288",
"314",
"363",
"408",
"498",
"600",
"699",
"739",
"858",
"967",
"1079",
"1107",
"1324",
"1441",
"1574",
"1617",
"1857",
"1942",
"2101",
"1976",
"2346",
"2240",
"2307",
"2420",
"2360",
"2303",
"2475",
"2180",
"2227",
"2246",
"2183",
"2035",
"2015",
"1862",
"1801",
"1615",
"1542",
"1420",
"1366",
"1203",
"1075",
"1099",
"969",
"821",
"809",
"726",
"712",
"659",
"574",
"620",
"578",
"464",
"494",
"449",
"473",
"412",
"370",
"427",
"359",
"362",
"311",
"326",
"319",
"258",
"280",
"232",
"223",
"217",
"190",
"173",
"130",
"125",
"138",
"122",
"104",
"79",
"84",
"98",
"67",
"59",
"58",
"61",
"68",
"51",
"53",
"73",
"51",
"41",
"57",
"59",
"51",
"54",
"54",
"53",
"54",
"45",
"54",
"42",
"50",
"53",
"55",
"54",
"57",
"60",
"38",
"54",
"59",
"50",
"43",
"46",
"42",
"31",
"46",
"56",
"54",
"46",
"46",
"55",
"65",
"45",
"61",
"61",
"53",
"42",
"46",
"44",
"44",
"50",
"46",
"57",
"59",
"39",
"65",
"58",
"59",
"54",
"42",
"58",
"52",
"39",
"41",
"57",
"56",
"47",
"54",
"56",
"70",
"44",
"58",
"44",
"46",
"42",
"54",
"42",
"69",
"36",
"65",
"58",
"44",
"49",
"36",
"59",
"54",
"65",
"49",
"43",
"51",
"54",
"55",
"53",
"63",
"70",
"66",
"52",
"46",
"51",
"67",
"61",
"60",
"38",
"60",
"67",
"51",
"47",
"60",
"66",
"54",
"58",
"61",
"69",
"64",
"70",
"64",
"60",
"63",
"72",
"64",
"80",
"67",
"68",
"75",
"74",
"82",
"59",
"85",
"77",
"80",
"91",
"74",
"90",
"78",
"83",
"86",
"74",
"93",
"86",
"69",
"99",
"90",
"82",
"91",
"94",
"95",
"86",
"106",
"104",
"118",
"113",
"136",
"112",
"110",
"124",
"143",
"139",
"149",
"154",
"161",
"188",
"182",
"182",
"178",
"187",
"191",
"192",
"185",
"233",
"236",
"182",
"247",
"231",
"233",
"263",
"258",
"253",
"302",
"291",
"291",
"333",
"322",
"302",
"331",
"314",
"329",
"336",
"354",
"348",
"326",
"326",
"330",
"352",
"359",
"332",
"333",
"386",
"356",
"317",
"313",
"285",
"342",
"308",
"331",
"322",
"311",
"338",
"299",
"287",
"301",
"233",
"287",
"270",
"261",
"256",
"252",
"212",
"248",
"220",
"205",
"223",
"224",
"188",
"171",
"179",
"159",
"183",
"170",
"171",
"163",
"147",
"129",
"124",
"122",
"144",
"121",
"107",
"139",
"110",
"110",
"122",
"88",
"99",
"102",
"78",
"82",
"84",
"82",
"73",
"82",
"79",
"87",
"83",
"81",
"80",
"59",
"66",
"82",
"74",
"61",
"80",
"97",
"71",
"98",
"111",
"94",
"82",
"102",
"111",
"108",
"118",
"119",
"143",
"123",
"137",
"139",
"130",
"120",
"139",
"156",
"168",
"175",
"167",
"141",
"174",
"167",
"153",
"161",
"180",
"136",
"139",
"154",
"141",
"140",
"153",
"137",
"120",
"124",
"118",
"110",
"105",
"94",
"85",
"85",
"91",
"85",
"69",
"74",
"75",
"78",
"57",
"51",
"49",
"50",
"44",
"44",
"63",
"42",
"46",
"38",
"43",
"37",
"52",
"25631",
"Channel_info_start",
"Channel : Mg",
"Points : 0",
"Range : 0.000000 - 0.000000",
"Step : 0.010000",
"Channel_info_end",
"Channel_info_start",
"Channel : Al",
"Points : 0",
"Range : 0.000000 - 0.000000",
"Step : 0.010000",
"Channel_info_end",
"Channel_info_start",
"Channel : Si",
"Points : 0",
"Range : 0.000000 - 0.000000",
"Step : 0.010000",
"Channel_info_end",
"Channel_info_start",
"Channel : P ",
"Points : 0",
"Range : 0.000000 - 0.000000",
"Step : 0.010000",
"Channel_info_end",
"Channel_info_start",
"Channel : S ",
"Points : 0",
"Range : 0.000000 - 0.000000",
"Step : 0.010000",
"Channel_info_end",
"Channel_info_start",
"Channel : Cl",
"Points : 0",
"Range : 0.000000 - 0.000000",
"Step : 0.010000",
"Channel_info_end",
"Channel_info_start",
"Channel : K ",
"Points : 0",
"Range : 0.000000 - 0.000000",
"Step : 0.010000",
"Channel_info_end",
"Channel_info_start",
"Channel : Ca",
"Points : 0",
"Range : 0.000000 - 0.000000",
"Step : 0.010000",
"Channel_info_end",
"Channel_info_start",
"Channel : Ti",
"Points : 0",
"Range : 0.000000 - 0.000000",
"Step : 0.010000",
"Channel_info_end",
"Channel_info_start",
"Channel : V ",
"Points : 0",
"Range : 0.000000 - 0.000000",
"Step : 0.010000",
"Channel_info_end",
"Channel_info_start",
"Channel : Cr",
"Points : 0",
"Range : 0.000000 - 0.000000",
"Step : 0.010000",
"Channel_info_end",
"Channel_info_start",
"Channel : Mn",
"Points : 0",
"Range : 0.000000 - 0.000000",
"Step : 0.010000",
"Channel_info_end",
"Channel_info_start",
"Channel : Fe",
"Points : 0",
"Range : 0.000000 - 0.000000",
"Step : 0.010000",
"Channel_info_end",
"Channel_info_start",
"Channel : Cu",
"Points : 0",
"Range : 0.000000 - 0.000000",
"Step : 0.010000",
"Channel_info_end",
"Channel_info_start",
"Channel : Zn",
"Points : 0",
"Range : 0.000000 - 0.000000",
"Step : 0.010000",
"Channel_info_end",
"Channel_info_start",
"Channel : Sr",
"Points : 0",
"Range : 0.000000 - 0.000000",
"Step : 0.010000",
"Channel_info_end",
"Channel_info_start",
"Channel : Pb",
"Points : 0",
"Range : 0.000000 - 0.000000",
"Step : 0.010000",
"Channel_info_end",
"",
"Qualitative Result",
"--------------------------------------------------------------------------------",
"Element :  Si, Y , Ca, Rh",
"",
"Peak List",
"--------------------------------------------------------------------------------",
"Channel               Line        keV     Net Int.(cps/uA)",
"--------------------------------------------------------------------------------",
"Na                    SiKa         1.71     0.047",
"                      Y La         1.94     0.542",
"                      CaKa         3.69     0.166",
"                      CaKb         4.00     0.024",
"                      Y Ka        14.92     7.140",
"                      Y Kb        16.70     1.152",
"                      ----        17.09     0.102",
"                      RhKaC       19.19     0.127",
"                      ----        19.42     0.066",
"                      RhKa        20.05     0.062",
"--------------------------------------------------------------------------------",
"",
"Quantitative Result",
"--------------------------------------------------------------------------------",
"Analyte               Result             Std.Dev. Proc.-Calc. Line Intensity(cps/uA)",
"--------------------------------------------------------------------------------",
"====[No. 1 Layer]====< Layer1               >===============================",
"Layer1                   0.000 ug/cm2    -------- Flux       -------- --------",
