"Sample    : au15771",
"Operator  : américo",
"Comment  : ",
"Group     : kerr2007ag180cal_lt",
"Date       : 2011-04-08 06:50:46",
"",
"Mesurement Condition",
"------------------------------------------------------------------------------------",
"Instrument : 700HS2   Atmosphere : Vac.   Collimator : 10(mm)   Spin : No",
"------------------------------------------------------------------------------------",
"Analyte               TG kV   uA      FI Acq.(keV)  Anal.(keV)  Time(sec)     DT(%)",
"------------------------------------------------------------------------------------",
"Na                    Rh 50  187-Auto Al  0 - 20    0.8 - 1.2   Live -  179   16",
"",
"<Profile>",
"Channel_info_start",
"Channel : Na",
"Points : 2048",
"Range : 0.000000 - 20.480000",
"Step : 0.010000",
"Channel_info_end",
"0",
"0",
"0",
"0",
"0",
"0",
"0",
"0",
"0",
"0",
"0",
"0",
"0",
"0",
"0",
"0",
"0",
"0",
"0",
"0",
"0",
"0",
"0",
"0",
"0",
"0",
"0",
"0",
"0",
"3",
"22",
"46",
"48",
"55",
"88",
"96",
"102",
"93",
"98",
"107",
"89",
"105",
"96",
"87",
"90",
"81",
"88",
"85",
"69",
"61",
"56",
"52",
"34",
"42",
"37",
"27",
"35",
"34",
"32",
"24",
"24",
"18",
"22",
"37",
"38",
"25",
"28",
"36",
"40",
"38",
"36",
"27",
"38",
"30",
"19",
"15",
"22",
"19",
"23",
"20",
"24",
"32",
"19",
"37",
"29",
"31",
"25",
"26",
"23",
"27",
"23",
"20",
"21",
"24",
"23",
"23",
"13",
"27",
"23",
"30",
"29",
"34",
"26",
"28",
"27",
"34",
"27",
"26",
"37",
"22",
"18",
"24",
"24",
"28",
"24",
"28",
"25",
"25",
"21",
"17",
"18",
"21",
"19",
"29",
"34",
"27",
"23",
"26",
"20",
"30",
"16",
"29",
"28",
"18",
"29",
"25",
"22",
"27",
"26",
"24",
"24",
"27",
"34",
"29",
"43",
"19",
"37",
"39",
"36",
"39",
"37",
"26",
"43",
"56",
"33",
"51",
"68",
"84",
"95",
"148",
"151",
"194",
"235",
"293",
"313",
"296",
"303",
"319",
"279",
"278",
"221",
"214",
"216",
"193",
"170",
"158",
"139",
"178",
"127",
"144",
"147",
"134",
"120",
"137",
"153",
"151",
"162",
"174",
"167",
"202",
"181",
"215",
"221",
"265",
"238",
"313",
"314",
"359",
"375",
"377",
"408",
"505",
"518",
"713",
"843",
"1139",
"1324",
"1834",
"2001",
"2606",
"2783",
"3278",
"3480",
"3963",
"3818",
"3992",
"3786",
"3920",
"3632",
"3637",
"3319",
"3156",
"2738",
"2705",
"2172",
"1942",
"1499",
"1293",
"972",
"781",
"577",
"489",
"377",
"351",
"302",
"284",
"294",
"313",
"298",
"365",
"339",
"382",
"342",
"390",
"330",
"344",
"252",
"231",
"192",
"163",
"107",
"101",
"85",
"83",
"48",
"42",
"41",
"41",
"35",
"38",
"47",
"31",
"41",
"39",
"64",
"45",
"62",
"51",
"64",
"72",
"78",
"85",
"85",
"92",
"117",
"124",
"136",
"145",
"163",
"154",
"155",
"165",
"154",
"123",
"138",
"131",
"107",
"79",
"106",
"69",
"62",
"58",
"45",
"49",
"26",
"31",
"31",
"32",
"21",
"20",
"19",
"25",
"18",
"32",
"16",
"28",
"30",
"28",
"14",
"25",
"25",
"35",
"24",
"31",
"31",
"18",
"27",
"36",
"35",
"23",
"25",
"22",
"28",
"21",
"23",
"14",
"23",
"21",
"15",
"18",
"25",
"36",
"37",
"20",
"20",
"25",
"26",
"25",
"23",
"29",
"17",
"36",
"25",
"28",
"21",
"25",
"15",
"19",
"19",
"25",
"24",
"27",
"26",
"33",
"38",
"44",
"51",
"67",
"90",
"124",
"128",
"157",
"181",
"261",
"268",
"298",
"330",
"388",
"357",
"384",
"365",
"343",
"340",
"315",
"255",
"223",
"187",
"144",
"101",
"92",
"75",
"63",
"61",
"44",
"45",
"50",
"41",
"31",
"29",
"43",
"32",
"48",
"49",
"53",
"42",
"49",
"66",
"55",
"66",
"65",
"65",
"61",
"69",
"80",
"58",
"56",
"49",
"50",
"56",
"30",
"37",
"24",
"30",
"38",
"19",
"33",
"30",
"26",
"22",
"22",
"20",
"20",
"29",
"23",
"19",
"15",
"19",
"22",
"16",
"20",
"20",
"25",
"26",
"24",
"28",
"18",
"26",
"26",
"24",
"35",
"19",
"32",
"35",
"28",
"24",
"30",
"27",
"24",
"24",
"34",
"35",
"28",
"32",
"26",
"23",
"34",
"27",
"40",
"33",
"43",
"39",
"38",
"28",
"45",
"26",
"39",
"40",
"23",
"38",
"32",
"33",
"21",
"37",
"39",
"30",
"17",
"31",
"21",
"31",
"22",
"33",
"34",
"28",
"32",
"36",
"31",
"26",
"31",
"38",
"32",
"16",
"27",
"24",
"28",
"36",
"29",
"23",
"28",
"32",
"35",
"29",
"33",
"27",
"20",
"29",
"36",
"29",
"32",
"27",
"34",
"23",
"27",
"27",
"34",
"33",
"42",
"31",
"36",
"45",
"37",
"40",
"50",
"42",
"40",
"49",
"55",
"50",
"68",
"70",
"69",
"60",
"55",
"70",
"62",
"43",
"62",
"74",
"78",
"69",
"74",
"59",
"65",
"64",
"80",
"68",
"85",
"62",
"61",
"62",
"65",
"66",
"71",
"73",
"53",
"50",
"65",
"58",
"60",
"55",
"46",
"52",
"44",
"46",
"39",
"52",
"49",
"39",
"52",
"43",
"51",
"43",
"54",
"55",
"43",
"34",
"38",
"40",
"44",
"42",
"38",
"35",
"35",
"42",
"55",
"43",
"44",
"45",
"54",
"53",
"53",
"54",
"45",
"45",
"48",
"40",
"52",
"35",
"52",
"54",
"64",
"66",
"66",
"73",
"78",
"72",
"68",
"65",
"64",
"78",
"66",
"82",
"81",
"75",
"94",
"92",
"87",
"97",
"105",
"124",
"108",
"115",
"123",
"116",
"112",
"123",
"139",
"123",
"128",
"148",
"143",
"127",
"150",
"155",
"193",
"143",
"184",
"154",
"168",
"160",
"181",
"190",
"196",
"164",
"186",
"191",
"176",
"167",
"178",
"147",
"162",
"154",
"151",
"138",
"173",
"147",
"144",
"135",
"138",
"134",
"121",
"131",
"133",
"123",
"140",
"134",
"112",
"116",
"117",
"125",
"144",
"117",
"104",
"110",
"114",
"96",
"123",
"89",
"104",
"97",
"104",
"92",
"85",
"82",
"97",
"89",
"81",
"92",
"83",
"78",
"69",
"66",
"74",
"62",
"62",
"74",
"64",
"82",
"75",
"63",
"72",
"80",
"81",
"80",
"56",
"56",
"69",
"65",
"72",
"48",
"66",
"62",
"55",
"65",
"70",
"70",
"75",
"82",
"48",
"75",
"78",
"60",
"65",
"65",
"63",
"51",
"62",
"60",
"73",
"59",
"85",
"62",
"61",
"61",
"80",
"73",
"83",
"74",
"73",
"72",
"65",
"71",
"83",
"83",
"66",
"84",
"71",
"91",
"86",
"78",
"78",
"72",
"75",
"68",
"76",
"84",
"86",
"63",
"80",
"64",
"90",
"65",
"73",
"69",
"72",
"65",
"77",
"66",
"67",
"79",
"76",
"59",
"82",
"67",
"72",
"72",
"82",
"69",
"80",
"89",
"89",
"74",
"82",
"70",
"102",
"83",
"83",
"87",
"90",
"82",
"85",
"79",
"93",
"97",
"90",
"90",
"100",
"117",
"120",
"120",
"126",
"124",
"113",
"118",
"116",
"143",
"130",
"126",
"133",
"147",
"132",
"126",
"132",
"127",
"128",
"123",
"129",
"127",
"104",
"125",
"127",
"124",
"129",
"110",
"130",
"144",
"138",
"137",
"144",
"140",
"159",
"155",
"186",
"200",
"223",
"224",
"251",
"293",
"340",
"326",
"419",
"422",
"531",
"474",
"583",
"606",
"687",
"621",
"745",
"719",
"860",
"748",
"826",
"720",
"762",
"718",
"671",
"681",
"619",
"523",
"498",
"442",
"416",
"346",
"292",
"306",
"252",
"229",
"250",
"185",
"175",
"177",
"159",
"140",
"150",
"152",
"141",
"145",
"136",
"130",
"106",
"113",
"122",
"98",
"95",
"97",
"100",
"101",
"117",
"100",
"113",
"99",
"116",
"113",
"115",
"92",
"101",
"95",
"112",
"95",
"97",
"98",
"114",
"92",
"96",
"104",
"107",
"84",
"116",
"98",
"100",
"113",
"106",
"86",
"109",
"129",
"96",
"130",
"118",
"114",
"117",
"113",
"107",
"121",
"137",
"104",
"116",
"122",
"113",
"124",
"153",
"126",
"105",
"124",
"124",
"151",
"144",
"146",
"156",
"155",
"140",
"176",
"174",
"191",
"226",
"244",
"338",
"398",
"469",
"548",
"695",
"761",
"966",
"1311",
"1631",
"1774",
"2211",
"2646",
"3259",
"3692",
"4616",
"5323",
"6159",
"6793",
"7700",
"8346",
"9386",
"9727",
"10474",
"10944",
"11738",
"11115",
"11647",
"11630",
"11500",
"10673",
"10806",
"9564",
"9390",
"8211",
"7584",
"6782",
"6080",
"5002",
"4246",
"3861",
"3230",
"2454",
"2024",
"1660",
"1265",
"1041",
"794",
"693",
"591",
"416",
"349",
"279",
"277",
"188",
"168",
"163",
"159",
"149",
"133",
"148",
"133",
"115",
"146",
"127",
"138",
"138",
"145",
"106",
"120",
"138",
"162",
"135",
"157",
"129",
"172",
"159",
"173",
"217",
"201",
"220",
"218",
"244",
"246",
"220",
"235",
"248",
"239",
"238",
"241",
"211",
"260",
"220",
"216",
"199",
"184",
"167",
"191",
"125",
"126",
"163",
"153",
"128",
"93",
"115",
"104",
"99",
"92",
"97",
"96",
"92",
"92",
"92",
"102",
"79",
"86",
"90",
"84",
"80",
"97",
"73",
"100",
"81",
"82",
"94",
"85",
"93",
"88",
"84",
"81",
"103",
"92",
"85",
"85",
"102",
"107",
"95",
"96",
"108",
"101",
"110",
"103",
"106",
"112",
"106",
"97",
"94",
"100",
"132",
"115",
"124",
"147",
"129",
"146",
"157",
"148",
"160",
"219",
"191",
"218",
"247",
"290",
"285",
"341",
"398",
"411",
"439",
"481",
"479",
"568",
"617",
"667",
"679",
"703",
"771",
"764",
"804",
"887",
"886",
"969",
"974",
"1093",
"1136",
"1272",
"1550",
"1734",
"1887",
"2103",
"2453",
"2767",
"3033",
"3503",
"3788",
"4193",
"4382",
"4764",
"5265",
"5461",
"5593",
"5813",
"6141",
"6356",
"6039",
"6175",
"6258",
"6257",
"5841",
"6210",
"5592",
"5555",
"5238",
"5006",
"4707",
"4710",
"4182",
"4108",
"3824",
"3617",
"3201",
"3168",
"2864",
"2727",
"2279",
"2305",
"1988",
"1699",
"1450",
"1375",
"1219",
"1060",
"928",
"809",
"731",
"631",
"534",
"450",
"465",
"433",
"374",
"342",
"355",
"357",
"345",
"336",
"359",
"336",
"308",
"320",
"300",
"326",
"316",
"301",
"293",
"320",
"273",
"280",
"246",
"248",
"195",
"211",
"222",
"207",
"176",
"169",
"178",
"152",
"136",
"137",
"129",
"124",
"116",
"133",
"123",
"88",
"104",
"132",
"108",
"99",
"71",
"102",
"103",
"85",
"95",
"75",
"83",
"79",
"74",
"87",
"80",
"92",
"77",
"83",
"77",
"79",
"81",
"72",
"84",
"65",
"63",
"75",
"78",
"74",
"80",
"64",
"88",
"64",
"77",
"71",
"79",
"70",
"69",
"64",
"83",
"75",
"80",
"64",
"66",
"78",
"72",
"73",
"70",
"80",
"61",
"63",
"77",
"84",
"70",
"68",
"83",
"78",
"71",
"77",
"85",
"85",
"64",
"86",
"97",
"85",
"86",
"81",
"82",
"102",
"82",
"98",
"86",
"75",
"94",
"101",
"90",
"120",
"102",
"111",
"103",
"109",
"104",
"109",
"104",
"110",
"95",
"104",
"110",
"102",
"97",
"95",
"99",
"109",
"90",
"110",
"116",
"134",
"126",
"148",
"130",
"167",
"208",
"226",
"261",
"320",
"298",
"357",
"421",
"475",
"520",
"619",
"678",
"753",
"792",
"879",
"929",
"958",
"969",
"964",
"1060",
"1096",
"1089",
"1120",
"1011",
"1090",
"1009",
"1045",
"911",
"901",
"839",
"762",
"739",
"671",
"598",
"537",
"522",
"459",
"402",
"366",
"316",
"326",
"304",
"268",
"259",
"269",
"294",
"263",
"313",
"288",
"273",
"305",
"349",
"364",
"340",
"349",
"353",
"363",
"363",
"384",
"373",
"381",
"367",
"344",
"344",
"344",
"284",
"297",
"272",
"288",
"268",
"267",
"229",
"218",
"180",
"178",
"154",
"146",
"137",
"129",
"129",
"105",
"99",
"82",
"84",
"84",
"76",
"83",
"80",
"69",
"91",
"68",
"94",
"73",
"78",
"83",
"73",
"71",
"70",
"92",
"82",
"88",
"68",
"94",
"89",
"82",
"94",
"85",
"90",
"124",
"92",
"98",
"96",
"105",
"108",
"90",
"114",
"101",
"96",
"100",
"91",
"94",
"70",
"83",
"89",
"84",
"83",
"85",
"68",
"64",
"66",
"64",
"74",
"77",
"56",
"67",
"54",
"73",
"58",
"64",
"61",
"62",
"67",
"62",
"58",
"66",
"54",
"59",
"61",
"60",
"50",
"51",
"67",
"62",
"47",
"44",
"65",
"46",
"55",
"72",
"58",
"51",
"42",
"64",
"55",
"55",
"61",
"54",
"49",
"49",
"56",
"53",
"47",
"43",
"64",
"56",
"55",
"61",
"59",
"44",
"46",
"52",
"65",
"66",
"65",
"67",
"56",
"56",
"54",
"54",
"54",
"49",
"52",
"55",
"51",
"53",
"63",
"50",
"52",
"47",
"58",
"55",
"53",
"53",
"65",
"56",
"45",
"56",
"38",
"65",
"48",
"60",
"52",
"53",
"50",
"62",
"49",
"56",
"51",
"47",
"62",
"48",
"48",
"63",
"49",
"59",
"60",
"60",
"40",
"58",
"48",
"45",
"56",
"41",
"53",
"60",
"48",
"43",
"47",
"44",
"46",
"46",
"48",
"59",
"63",
"41",
"42",
"53",
"51",
"58",
"43",
"46",
"45",
"46",
"46",
"55",
"51",
"50",
"53",
"61",
"41",
"54",
"58",
"66",
"48",
"56",
"61",
"53",
"62",
"61",
"45",
"54",
"46",
"58",
"51",
"55",
"61",
"66",
"43",
"54",
"50",
"59",
"54",
"47",
"54",
"45",
"41",
"64",
"49",
"53",
"34",
"52",
"54",
"42",
"46",
"61",
"39",
"52",
"40",
"51",
"50",
"53",
"49",
"42",
"50",
"48",
"56",
"62",
"41",
"53",
"45",
"45",
"37",
"44",
"51",
"47",
"51",
"61",
"44",
"48",
"47",
"46",
"36",
"50",
"37",
"53",
"38",
"43",
"47",
"47",
"54",
"52",
"52",
"45",
"37",
"53",
"56",
"59",
"45",
"50",
"50",
"61",
"47",
"52",
"52",
"56",
"31",
"53",
"53",
"49",
"55",
"43",
"42",
"56",
"41",
"47",
"45",
"40",
"45",
"60",
"45",
"44",
"44",
"46",
"69",
"46",
"60",
"47",
"67",
"37",
"46",
"51",
"58",
"44",
"46",
"60",
"50",
"47",
"46",
"51",
"51",
"38",
"56",
"58",
"37",
"67",
"42",
"45",
"30",
"50",
"45",
"50",
"43",
"48",
"34",
"54",
"49",
"46",
"50",
"32",
"47",
"55",
"35",
"47",
"45",
"50",
"40",
"48",
"35",
"45",
"48",
"35",
"46",
"55",
"48",
"45",
"42",
"65",
"54",
"58",
"50",
"54",
"36",
"54",
"43",
"48",
"34",
"35",
"40",
"38",
"41",
"54",
"48",
"40",
"45",
"53",
"48",
"50",
"55",
"49",
"42",
"51",
"41",
"54",
"48",
"53",
"53",
"42",
"38",
"40",
"51",
"46",
"50",
"49",
"38",
"42",
"50",
"53",
"56",
"45",
"38",
"53",
"50",
"50",
"37",
"59",
"52",
"47",
"51",
"48",
"58",
"43",
"49",
"58",
"53",
"40",
"54",
"51",
"41",
"49",
"44",
"51",
"66",
"41",
"42",
"34",
"56",
"55",
"36",
"49",
"54",
"60",
"54",
"70",
"40",
"49",
"47",
"59",
"43",
"38",
"65",
"43",
"37",
"52",
"50",
"43",
"47",
"44",
"47",
"53",
"59",
"56",
"46",
"46",
"52",
"60",
"51",
"51",
"54",
"66",
"56",
"50",
"42",
"54",
"55",
"59",
"49",
"45",
"52",
"65",
"67",
"61",
"53",
"43",
"60",
"60",
"73",
"63",
"55",
"63",
"67",
"52",
"76",
"76",
"68",
"60",
"65",
"58",
"63",
"82",
"62",
"92",
"72",
"73",
"76",
"76",
"82",
"94",
"75",
"88",
"80",
"100",
"93",
"85",
"91",
"112",
"104",
"106",
"121",
"106",
"120",
"119",
"121",
"157",
"119",
"158",
"158",
"157",
"165",
"163",
"157",
"186",
"199",
"185",
"198",
"199",
"181",
"205",
"196",
"215",
"232",
"218",
"254",
"232",
"261",
"254",
"277",
"263",
"275",
"237",
"250",
"265",
"251",
"263",
"284",
"295",
"264",
"265",
"260",
"251",
"284",
"241",
"277",
"233",
"232",
"251",
"254",
"264",
"223",
"233",
"215",
"230",
"219",
"199",
"188",
"208",
"197",
"189",
"206",
"200",
"195",
"151",
"184",
"147",
"162",
"143",
"169",
"159",
"135",
"132",
"132",
"136",
"103",
"106",
"103",
"134",
"107",
"107",
"85",
"101",
"91",
"94",
"93",
"81",
"69",
"79",
"81",
"78",
"82",
"67",
"81",
"67",
"71",
"81",
"80",
"76",
"83",
"69",
"91",
"86",
"95",
"83",
"101",
"109",
"110",
"125",
"125",
"120",
"143",
"160",
"162",
"149",
"194",
"182",
"202",
"209",
"191",
"211",
"238",
"212",
"207",
"222",
"265",
"231",
"234",
"287",
"231",
"253",
"205",
"212",
"251",
"229",
"185",
"200",
"190",
"201",
"173",
"197",
"170",
"159",
"120",
"125",
"110",
"102",
"93",
"92",
"85",
"76",
"83",
"69",
"64",
"72",
"51",
"52",
"52",
"60",
"43",
"36",
"36",
"47",
"35",
"21706",
"Channel_info_start",
"Channel : Mg",
"Points : 0",
"Range : 0.000000 - 0.000000",
"Step : 0.010000",
"Channel_info_end",
"Channel_info_start",
"Channel : Al",
"Points : 0",
"Range : 0.000000 - 0.000000",
"Step : 0.010000",
"Channel_info_end",
"Channel_info_start",
"Channel : Si",
"Points : 0",
"Range : 0.000000 - 0.000000",
"Step : 0.010000",
"Channel_info_end",
"Channel_info_start",
"Channel : P ",
"Points : 0",
"Range : 0.000000 - 0.000000",
"Step : 0.010000",
"Channel_info_end",
"Channel_info_start",
"Channel : S ",
"Points : 0",
"Range : 0.000000 - 0.000000",
"Step : 0.010000",
"Channel_info_end",
"Channel_info_start",
"Channel : Cl",
"Points : 0",
"Range : 0.000000 - 0.000000",
"Step : 0.010000",
"Channel_info_end",
"Channel_info_start",
"Channel : K ",
"Points : 0",
"Range : 0.000000 - 0.000000",
"Step : 0.010000",
"Channel_info_end",
"Channel_info_start",
"Channel : Ca",
"Points : 0",
"Range : 0.000000 - 0.000000",
"Step : 0.010000",
"Channel_info_end",
"Channel_info_start",
"Channel : Ti",
"Points : 0",
"Range : 0.000000 - 0.000000",
"Step : 0.010000",
"Channel_info_end",
"Channel_info_start",
"Channel : V ",
"Points : 0",
"Range : 0.000000 - 0.000000",
"Step : 0.010000",
"Channel_info_end",
"Channel_info_start",
"Channel : Cr",
"Points : 0",
"Range : 0.000000 - 0.000000",
"Step : 0.010000",
"Channel_info_end",
"Channel_info_start",
"Channel : Mn",
"Points : 0",
"Range : 0.000000 - 0.000000",
"Step : 0.010000",
"Channel_info_end",
"Channel_info_start",
"Channel : Fe",
"Points : 0",
"Range : 0.000000 - 0.000000",
"Step : 0.010000",
"Channel_info_end",
"Channel_info_start",
"Channel : Cu",
"Points : 0",
"Range : 0.000000 - 0.000000",
"Step : 0.010000",
"Channel_info_end",
"Channel_info_start",
"Channel : Zn",
"Points : 0",
"Range : 0.000000 - 0.000000",
"Step : 0.010000",
"Channel_info_end",
"Channel_info_start",
"Channel : Sr",
"Points : 0",
"Range : 0.000000 - 0.000000",
"Step : 0.010000",
"Channel_info_end",
"Channel_info_start",
"Channel : Pb",
"Points : 0",
"Range : 0.000000 - 0.000000",
"Step : 0.010000",
"Channel_info_end",
"",
"Qualitative Result",
"--------------------------------------------------------------------------------",
"Element :  Rb, Au, Ca, Ru",
"",
"Peak List",
"--------------------------------------------------------------------------------",
"Channel               Line        keV     Net Int.(cps/uA)",
"--------------------------------------------------------------------------------",
"Na                    RbLa         1.64     0.084",
"                      AuMa         2.14     1.391",
"                      ----         2.42     0.114",
"                      ----         2.80     0.047",
"                      CaKa         3.68     0.146",
"                      CaKb         4.02     0.020",
"                      ----         6.43     0.054",
"                      AuLL         8.50     0.369",
"                      AuLa         9.72     6.258",
"                      ----        10.34     0.069",
"                      AuLb4       11.15     0.228",
"                      AuLb1       11.45     3.350",
"                      AuLg1       13.38     0.597",
"                      AuLg2       13.76     0.167",
"                      ----        19.11     0.118",
"                      RuKa        19.32     0.115",
"                      ----        20.01     0.095",
"--------------------------------------------------------------------------------",
"",
"Quantitative Result",
"--------------------------------------------------------------------------------",
"Analyte               Result             Std.Dev. Proc.-Calc. Line Intensity(cps/uA)",
"--------------------------------------------------------------------------------",
"====[No. 1 Layer]====< Layer1               >===============================",
"Layer1                   0.000 ug/cm2    -------- Flux       -------- --------",
