"Sample    : bi31520",
"Operator  : américo",
"Comment  : ",
"Group     : kerr2007ag180cal_lt",
"Date       : 2011-04-08 07:18:05",
"",
"Mesurement Condition",
"------------------------------------------------------------------------------------",
"Instrument : 700HS2   Atmosphere : Vac.   Collimator : 10(mm)   Spin : No",
"------------------------------------------------------------------------------------",
"Analyte               TG kV   uA      FI Acq.(keV)  Anal.(keV)  Time(sec)     DT(%)",
"------------------------------------------------------------------------------------",
"Na                    Rh 50  168-Auto Al  0 - 20    0.8 - 1.2   Live -  179   14",
"",
"<Profile>",
"Channel_info_start",
"Channel : Na",
"Points : 2048",
"Range : 0.000000 - 20.480000",
"Step : 0.010000",
"Channel_info_end",
"0",
"0",
"0",
"0",
"0",
"0",
"0",
"0",
"0",
"0",
"0",
"0",
"0",
"0",
"0",
"0",
"0",
"0",
"0",
"0",
"0",
"0",
"0",
"0",
"0",
"0",
"0",
"0",
"0",
"2",
"9",
"29",
"18",
"31",
"22",
"20",
"16",
"29",
"26",
"30",
"24",
"30",
"23",
"27",
"27",
"27",
"28",
"32",
"21",
"27",
"27",
"18",
"30",
"28",
"29",
"25",
"33",
"26",
"28",
"37",
"52",
"46",
"57",
"68",
"58",
"78",
"89",
"76",
"78",
"97",
"85",
"100",
"88",
"96",
"69",
"79",
"64",
"79",
"70",
"57",
"55",
"62",
"58",
"49",
"37",
"38",
"24",
"35",
"31",
"31",
"26",
"20",
"30",
"31",
"30",
"31",
"37",
"31",
"27",
"27",
"35",
"32",
"32",
"42",
"28",
"26",
"25",
"27",
"26",
"26",
"28",
"19",
"14",
"20",
"25",
"30",
"21",
"22",
"27",
"24",
"21",
"20",
"24",
"23",
"25",
"28",
"15",
"21",
"34",
"28",
"26",
"26",
"16",
"28",
"24",
"24",
"27",
"19",
"32",
"23",
"28",
"27",
"25",
"42",
"20",
"30",
"20",
"29",
"33",
"30",
"26",
"31",
"30",
"35",
"31",
"28",
"33",
"29",
"30",
"32",
"45",
"35",
"37",
"30",
"29",
"37",
"39",
"42",
"34",
"31",
"45",
"47",
"42",
"46",
"49",
"48",
"58",
"65",
"69",
"64",
"85",
"102",
"105",
"148",
"186",
"216",
"223",
"256",
"253",
"291",
"263",
"274",
"275",
"249",
"230",
"221",
"228",
"198",
"143",
"161",
"166",
"172",
"143",
"150",
"134",
"125",
"132",
"116",
"102",
"123",
"99",
"118",
"118",
"125",
"142",
"159",
"141",
"161",
"174",
"171",
"198",
"216",
"218",
"227",
"227",
"241",
"247",
"263",
"252",
"300",
"307",
"389",
"473",
"614",
"790",
"1095",
"1301",
"1787",
"2096",
"2628",
"2921",
"3439",
"3550",
"3930",
"3990",
"3894",
"3610",
"3812",
"3627",
"3614",
"3306",
"3262",
"3121",
"3005",
"2631",
"2739",
"2176",
"2032",
"1658",
"1439",
"1109",
"947",
"700",
"531",
"444",
"400",
"315",
"302",
"323",
"351",
"339",
"418",
"372",
"435",
"422",
"419",
"407",
"378",
"302",
"325",
"241",
"239",
"169",
"137",
"124",
"99",
"73",
"49",
"48",
"54",
"51",
"59",
"63",
"41",
"67",
"58",
"58",
"81",
"73",
"73",
"69",
"69",
"58",
"83",
"68",
"65",
"51",
"64",
"88",
"56",
"77",
"73",
"77",
"99",
"108",
"134",
"125",
"132",
"155",
"146",
"172",
"168",
"144",
"157",
"160",
"147",
"146",
"141",
"96",
"108",
"91",
"87",
"79",
"80",
"62",
"61",
"46",
"50",
"43",
"29",
"26",
"24",
"19",
"16",
"25",
"27",
"20",
"20",
"20",
"27",
"25",
"25",
"32",
"44",
"44",
"60",
"69",
"95",
"119",
"133",
"186",
"234",
"278",
"317",
"386",
"444",
"470",
"553",
"547",
"579",
"569",
"536",
"534",
"499",
"374",
"340",
"279",
"246",
"175",
"142",
"107",
"103",
"79",
"67",
"38",
"44",
"50",
"53",
"51",
"50",
"30",
"46",
"59",
"58",
"70",
"86",
"65",
"77",
"93",
"88",
"110",
"84",
"99",
"78",
"86",
"73",
"76",
"67",
"43",
"71",
"38",
"42",
"38",
"24",
"25",
"26",
"25",
"22",
"18",
"21",
"18",
"21",
"23",
"26",
"16",
"25",
"22",
"24",
"22",
"22",
"23",
"16",
"18",
"26",
"25",
"30",
"23",
"20",
"18",
"37",
"33",
"33",
"26",
"30",
"37",
"28",
"38",
"40",
"29",
"40",
"34",
"24",
"25",
"43",
"24",
"31",
"30",
"43",
"34",
"36",
"38",
"36",
"23",
"39",
"45",
"30",
"35",
"30",
"27",
"29",
"29",
"38",
"36",
"36",
"30",
"32",
"34",
"25",
"29",
"27",
"40",
"29",
"34",
"31",
"35",
"33",
"41",
"29",
"30",
"34",
"22",
"27",
"30",
"35",
"34",
"45",
"33",
"40",
"32",
"30",
"24",
"44",
"31",
"24",
"24",
"40",
"33",
"22",
"39",
"25",
"32",
"29",
"25",
"25",
"32",
"24",
"34",
"46",
"35",
"27",
"33",
"31",
"35",
"31",
"32",
"47",
"36",
"37",
"34",
"33",
"37",
"35",
"36",
"31",
"40",
"39",
"36",
"31",
"45",
"40",
"43",
"52",
"29",
"52",
"43",
"50",
"39",
"27",
"45",
"43",
"48",
"51",
"39",
"40",
"47",
"42",
"49",
"56",
"60",
"64",
"59",
"85",
"59",
"80",
"57",
"73",
"71",
"65",
"71",
"88",
"70",
"73",
"63",
"73",
"101",
"71",
"72",
"59",
"67",
"77",
"78",
"74",
"67",
"60",
"59",
"67",
"65",
"67",
"61",
"55",
"57",
"56",
"56",
"46",
"55",
"44",
"66",
"53",
"44",
"52",
"61",
"47",
"56",
"47",
"53",
"53",
"48",
"52",
"73",
"63",
"52",
"60",
"59",
"62",
"48",
"45",
"65",
"64",
"43",
"55",
"52",
"61",
"61",
"64",
"83",
"61",
"59",
"62",
"58",
"66",
"82",
"58",
"66",
"84",
"69",
"66",
"50",
"80",
"58",
"91",
"56",
"73",
"89",
"78",
"59",
"78",
"72",
"63",
"69",
"67",
"68",
"70",
"58",
"69",
"57",
"66",
"64",
"65",
"65",
"67",
"72",
"66",
"61",
"56",
"51",
"76",
"50",
"59",
"59",
"77",
"64",
"71",
"58",
"66",
"64",
"70",
"83",
"77",
"77",
"76",
"66",
"57",
"67",
"78",
"66",
"70",
"57",
"56",
"70",
"79",
"62",
"69",
"82",
"87",
"77",
"70",
"76",
"73",
"76",
"80",
"85",
"74",
"72",
"63",
"55",
"74",
"68",
"77",
"67",
"76",
"65",
"78",
"70",
"66",
"83",
"66",
"78",
"64",
"57",
"77",
"76",
"65",
"74",
"65",
"82",
"84",
"80",
"83",
"76",
"69",
"70",
"71",
"63",
"72",
"84",
"69",
"74",
"73",
"86",
"73",
"95",
"91",
"86",
"87",
"93",
"97",
"84",
"89",
"103",
"105",
"100",
"79",
"85",
"105",
"83",
"82",
"70",
"111",
"93",
"84",
"93",
"93",
"97",
"92",
"92",
"96",
"77",
"97",
"76",
"114",
"80",
"94",
"71",
"97",
"76",
"96",
"84",
"77",
"82",
"94",
"83",
"87",
"74",
"90",
"83",
"91",
"73",
"90",
"71",
"80",
"88",
"94",
"109",
"91",
"96",
"87",
"95",
"101",
"84",
"91",
"113",
"102",
"112",
"95",
"103",
"121",
"103",
"86",
"112",
"98",
"117",
"101",
"92",
"74",
"85",
"93",
"93",
"95",
"81",
"77",
"74",
"69",
"77",
"74",
"88",
"72",
"81",
"60",
"89",
"90",
"88",
"87",
"78",
"80",
"69",
"79",
"80",
"78",
"74",
"86",
"60",
"76",
"87",
"91",
"100",
"70",
"81",
"89",
"80",
"81",
"80",
"81",
"117",
"105",
"89",
"109",
"109",
"115",
"127",
"127",
"153",
"113",
"132",
"137",
"122",
"118",
"134",
"149",
"150",
"135",
"123",
"130",
"105",
"119",
"109",
"113",
"114",
"115",
"97",
"85",
"99",
"126",
"103",
"112",
"147",
"108",
"87",
"117",
"130",
"126",
"129",
"105",
"103",
"131",
"115",
"109",
"111",
"122",
"98",
"103",
"110",
"103",
"102",
"112",
"98",
"98",
"109",
"92",
"95",
"83",
"99",
"91",
"80",
"117",
"98",
"109",
"117",
"110",
"95",
"108",
"141",
"120",
"114",
"119",
"156",
"140",
"173",
"197",
"241",
"263",
"245",
"315",
"299",
"363",
"392",
"422",
"471",
"538",
"569",
"593",
"600",
"638",
"641",
"619",
"611",
"614",
"555",
"548",
"528",
"490",
"441",
"377",
"370",
"339",
"320",
"291",
"263",
"223",
"187",
"182",
"163",
"169",
"143",
"128",
"108",
"107",
"77",
"118",
"104",
"90",
"100",
"97",
"98",
"89",
"91",
"95",
"88",
"89",
"88",
"99",
"67",
"94",
"81",
"81",
"71",
"91",
"58",
"85",
"72",
"93",
"62",
"95",
"81",
"79",
"77",
"84",
"84",
"88",
"87",
"79",
"99",
"85",
"72",
"77",
"98",
"71",
"69",
"97",
"79",
"94",
"77",
"88",
"87",
"79",
"89",
"91",
"77",
"90",
"89",
"101",
"80",
"88",
"88",
"100",
"93",
"117",
"81",
"107",
"73",
"83",
"90",
"97",
"99",
"81",
"78",
"98",
"90",
"92",
"87",
"94",
"100",
"89",
"96",
"104",
"112",
"109",
"92",
"114",
"125",
"122",
"126",
"135",
"193",
"172",
"207",
"235",
"316",
"361",
"365",
"478",
"577",
"744",
"831",
"1033",
"1341",
"1473",
"1611",
"2065",
"2353",
"2937",
"3244",
"3863",
"4364",
"4906",
"5277",
"6006",
"6520",
"7202",
"7221",
"7986",
"8455",
"9002",
"8948",
"9192",
"9116",
"9051",
"8563",
"8697",
"8040",
"7947",
"6977",
"6493",
"5862",
"5424",
"4542",
"4241",
"3552",
"3073",
"2457",
"2150",
"1770",
"1541",
"1133",
"1101",
"740",
"608",
"496",
"424",
"352",
"278",
"231",
"211",
"167",
"173",
"120",
"137",
"149",
"142",
"117",
"132",
"113",
"121",
"113",
"121",
"109",
"116",
"89",
"115",
"113",
"112",
"85",
"118",
"88",
"112",
"101",
"122",
"106",
"105",
"94",
"92",
"87",
"80",
"88",
"105",
"85",
"103",
"106",
"89",
"110",
"108",
"113",
"114",
"111",
"110",
"99",
"120",
"112",
"112",
"123",
"119",
"162",
"159",
"191",
"165",
"162",
"193",
"201",
"180",
"193",
"191",
"197",
"216",
"232",
"207",
"209",
"209",
"187",
"188",
"160",
"149",
"167",
"151",
"121",
"144",
"121",
"109",
"125",
"103",
"101",
"104",
"79",
"92",
"94",
"92",
"81",
"80",
"100",
"88",
"88",
"72",
"73",
"91",
"76",
"82",
"91",
"93",
"79",
"88",
"82",
"90",
"73",
"80",
"77",
"71",
"64",
"84",
"98",
"91",
"69",
"80",
"80",
"81",
"94",
"87",
"108",
"88",
"78",
"83",
"96",
"102",
"92",
"83",
"100",
"124",
"118",
"152",
"119",
"149",
"150",
"176",
"155",
"193",
"184",
"204",
"202",
"277",
"213",
"241",
"264",
"251",
"254",
"275",
"263",
"290",
"296",
"330",
"311",
"328",
"328",
"322",
"367",
"412",
"376",
"419",
"432",
"444",
"428",
"442",
"477",
"441",
"467",
"436",
"516",
"524",
"505",
"529",
"586",
"627",
"667",
"714",
"884",
"992",
"1035",
"1235",
"1447",
"1589",
"1931",
"2205",
"2523",
"2972",
"2958",
"3610",
"3808",
"4418",
"4334",
"5008",
"5205",
"5751",
"5464",
"5941",
"5803",
"6120",
"5756",
"6133",
"5901",
"5885",
"5225",
"5250",
"4953",
"4640",
"4155",
"4081",
"3765",
"3343",
"2871",
"2692",
"2355",
"2133",
"1820",
"1654",
"1521",
"1313",
"1113",
"1050",
"870",
"814",
"750",
"698",
"708",
"562",
"572",
"535",
"479",
"492",
"467",
"458",
"405",
"422",
"370",
"374",
"433",
"352",
"347",
"351",
"352",
"332",
"258",
"281",
"273",
"253",
"195",
"208",
"199",
"201",
"167",
"162",
"182",
"141",
"120",
"143",
"126",
"79",
"97",
"63",
"96",
"90",
"79",
"85",
"92",
"100",
"85",
"92",
"95",
"92",
"93",
"80",
"76",
"87",
"71",
"73",
"71",
"81",
"74",
"70",
"72",
"94",
"76",
"70",
"76",
"74",
"72",
"73",
"70",
"74",
"55",
"54",
"68",
"59",
"63",
"57",
"50",
"65",
"54",
"69",
"66",
"54",
"57",
"51",
"61",
"76",
"65",
"61",
"56",
"65",
"53",
"60",
"68",
"54",
"52",
"53",
"64",
"48",
"71",
"72",
"73",
"58",
"54",
"64",
"57",
"49",
"57",
"58",
"49",
"57",
"51",
"56",
"63",
"59",
"63",
"57",
"53",
"66",
"52",
"46",
"64",
"60",
"53",
"56",
"54",
"59",
"65",
"54",
"40",
"47",
"62",
"47",
"60",
"61",
"60",
"56",
"65",
"78",
"57",
"56",
"64",
"76",
"56",
"95",
"66",
"80",
"89",
"74",
"86",
"100",
"80",
"93",
"93",
"99",
"90",
"95",
"87",
"78",
"82",
"70",
"64",
"74",
"88",
"88",
"87",
"94",
"86",
"85",
"87",
"92",
"74",
"72",
"96",
"105",
"87",
"90",
"103",
"121",
"158",
"167",
"186",
"197",
"208",
"285",
"288",
"364",
"380",
"390",
"450",
"537",
"589",
"583",
"630",
"676",
"710",
"747",
"834",
"861",
"837",
"900",
"918",
"991",
"904",
"890",
"943",
"844",
"746",
"808",
"789",
"705",
"605",
"573",
"636",
"534",
"444",
"418",
"338",
"360",
"307",
"288",
"306",
"252",
"234",
"214",
"229",
"242",
"189",
"199",
"209",
"247",
"218",
"209",
"263",
"253",
"249",
"265",
"283",
"303",
"285",
"300",
"289",
"326",
"332",
"312",
"328",
"331",
"281",
"267",
"308",
"281",
"275",
"246",
"244",
"259",
"223",
"205",
"201",
"197",
"154",
"155",
"136",
"143",
"88",
"110",
"101",
"97",
"80",
"69",
"79",
"74",
"66",
"71",
"65",
"55",
"59",
"54",
"63",
"63",
"43",
"46",
"54",
"48",
"54",
"53",
"52",
"52",
"57",
"52",
"73",
"65",
"67",
"74",
"59",
"64",
"73",
"70",
"61",
"61",
"61",
"66",
"64",
"59",
"64",
"72",
"84",
"71",
"66",
"81",
"80",
"77",
"63",
"78",
"66",
"81",
"65",
"58",
"60",
"62",
"60",
"42",
"57",
"66",
"55",
"48",
"64",
"47",
"40",
"51",
"51",
"49",
"44",
"49",
"41",
"43",
"50",
"34",
"34",
"42",
"38",
"51",
"46",
"50",
"43",
"45",
"40",
"45",
"47",
"32",
"33",
"35",
"37",
"38",
"46",
"40",
"52",
"48",
"40",
"57",
"42",
"56",
"38",
"35",
"39",
"39",
"29",
"37",
"39",
"43",
"45",
"32",
"41",
"45",
"46",
"33",
"38",
"32",
"31",
"47",
"37",
"42",
"48",
"53",
"35",
"42",
"43",
"47",
"43",
"46",
"54",
"32",
"41",
"39",
"32",
"41",
"39",
"38",
"44",
"40",
"46",
"43",
"38",
"36",
"44",
"36",
"42",
"37",
"35",
"37",
"40",
"37",
"35",
"33",
"44",
"42",
"31",
"43",
"43",
"56",
"40",
"39",
"37",
"37",
"43",
"40",
"41",
"36",
"35",
"47",
"43",
"44",
"32",
"29",
"36",
"39",
"51",
"38",
"40",
"41",
"43",
"40",
"38",
"30",
"45",
"49",
"45",
"61",
"37",
"37",
"36",
"32",
"48",
"39",
"46",
"46",
"43",
"28",
"33",
"37",
"50",
"39",
"47",
"34",
"47",
"40",
"45",
"39",
"46",
"35",
"42",
"41",
"39",
"49",
"55",
"46",
"41",
"41",
"43",
"47",
"40",
"37",
"39",
"51",
"49",
"34",
"41",
"36",
"39",
"52",
"43",
"40",
"35",
"37",
"41",
"43",
"55",
"47",
"52",
"46",
"43",
"42",
"50",
"51",
"50",
"58",
"38",
"47",
"38",
"36",
"53",
"50",
"42",
"50",
"49",
"49",
"44",
"46",
"45",
"57",
"45",
"42",
"42",
"48",
"51",
"44",
"52",
"55",
"48",
"48",
"55",
"54",
"54",
"40",
"70",
"68",
"60",
"63",
"62",
"55",
"57",
"57",
"65",
"59",
"63",
"77",
"64",
"68",
"77",
"71",
"81",
"64",
"82",
"78",
"80",
"92",
"74",
"83",
"77",
"97",
"83",
"99",
"106",
"105",
"79",
"95",
"111",
"133",
"103",
"126",
"136",
"141",
"141",
"128",
"162",
"164",
"167",
"180",
"188",
"184",
"191",
"212",
"187",
"217",
"210",
"193",
"200",
"244",
"214",
"235",
"229",
"222",
"212",
"234",
"234",
"244",
"233",
"237",
"253",
"238",
"232",
"240",
"230",
"235",
"242",
"243",
"214",
"232",
"204",
"223",
"211",
"206",
"206",
"218",
"204",
"202",
"165",
"192",
"162",
"165",
"148",
"151",
"185",
"152",
"140",
"164",
"138",
"159",
"146",
"110",
"133",
"105",
"134",
"105",
"107",
"105",
"104",
"76",
"100",
"85",
"87",
"72",
"88",
"74",
"82",
"73",
"78",
"76",
"66",
"70",
"71",
"66",
"47",
"71",
"51",
"65",
"68",
"65",
"82",
"79",
"71",
"71",
"79",
"74",
"78",
"91",
"84",
"85",
"112",
"109",
"130",
"108",
"129",
"139",
"166",
"158",
"174",
"177",
"179",
"201",
"184",
"201",
"189",
"204",
"198",
"209",
"213",
"207",
"213",
"236",
"243",
"217",
"231",
"214",
"248",
"196",
"184",
"205",
"189",
"156",
"129",
"154",
"131",
"122",
"126",
"130",
"127",
"100",
"106",
"92",
"95",
"61",
"68",
"62",
"57",
"48",
"46",
"53",
"42",
"38",
"41",
"43",
"40",
"33",
"40",
"19482",
"Channel_info_start",
"Channel : Mg",
"Points : 0",
"Range : 0.000000 - 0.000000",
"Step : 0.010000",
"Channel_info_end",
"Channel_info_start",
"Channel : Al",
"Points : 0",
"Range : 0.000000 - 0.000000",
"Step : 0.010000",
"Channel_info_end",
"Channel_info_start",
"Channel : Si",
"Points : 0",
"Range : 0.000000 - 0.000000",
"Step : 0.010000",
"Channel_info_end",
"Channel_info_start",
"Channel : P ",
"Points : 0",
"Range : 0.000000 - 0.000000",
"Step : 0.010000",
"Channel_info_end",
"Channel_info_start",
"Channel : S ",
"Points : 0",
"Range : 0.000000 - 0.000000",
"Step : 0.010000",
"Channel_info_end",
"Channel_info_start",
"Channel : Cl",
"Points : 0",
"Range : 0.000000 - 0.000000",
"Step : 0.010000",
"Channel_info_end",
"Channel_info_start",
"Channel : K ",
"Points : 0",
"Range : 0.000000 - 0.000000",
"Step : 0.010000",
"Channel_info_end",
"Channel_info_start",
"Channel : Ca",
"Points : 0",
"Range : 0.000000 - 0.000000",
"Step : 0.010000",
"Channel_info_end",
"Channel_info_start",
"Channel : Ti",
"Points : 0",
"Range : 0.000000 - 0.000000",
"Step : 0.010000",
"Channel_info_end",
"Channel_info_start",
"Channel : V ",
"Points : 0",
"Range : 0.000000 - 0.000000",
"Step : 0.010000",
"Channel_info_end",
"Channel_info_start",
"Channel : Cr",
"Points : 0",
"Range : 0.000000 - 0.000000",
"Step : 0.010000",
"Channel_info_end",
"Channel_info_start",
"Channel : Mn",
"Points : 0",
"Range : 0.000000 - 0.000000",
"Step : 0.010000",
"Channel_info_end",
"Channel_info_start",
"Channel : Fe",
"Points : 0",
"Range : 0.000000 - 0.000000",
"Step : 0.010000",
"Channel_info_end",
"Channel_info_start",
"Channel : Cu",
"Points : 0",
"Range : 0.000000 - 0.000000",
"Step : 0.010000",
"Channel_info_end",
"Channel_info_start",
"Channel : Zn",
"Points : 0",
"Range : 0.000000 - 0.000000",
"Step : 0.010000",
"Channel_info_end",
"Channel_info_start",
"Channel : Sr",
"Points : 0",
"Range : 0.000000 - 0.000000",
"Step : 0.010000",
"Channel_info_end",
"Channel_info_start",
"Channel : Pb",
"Points : 0",
"Range : 0.000000 - 0.000000",
"Step : 0.010000",
"Channel_info_end",
"",
"Qualitative Result",
"--------------------------------------------------------------------------------",
"Element :  Bi, Ru, Ca",
"",
"Peak List",
"--------------------------------------------------------------------------------",
"Channel               Line        keV     Net Int.(cps/uA)",
"--------------------------------------------------------------------------------",
"Na                    ----         0.70     0.023",
"                      ----         1.89     0.079",
"                      ----         2.21     0.045",
"                      BiMa         2.44     1.612",
"                      RuLb1        2.74     0.149",
"                      ----         3.23     0.052",
"                      CaKa         3.69     0.250",
"                      CaKb         3.99     0.035",
"                      BiLL         9.42     0.328",
"                      BiLa        10.84     5.648",
"                      ----        11.72     0.086",
"                      BiLb4       12.64     0.106",
"                      BiLb1       13.02     3.746",
"                      ----        13.44     0.101",
"                      BiLg1       15.25     0.593",
"                      BiLg2       15.67     0.161",
"                      RuKa        19.20     0.124",
"                      ----        19.48     0.058",
"                      ----        20.00     0.099",
"--------------------------------------------------------------------------------",
"",
"Quantitative Result",
"--------------------------------------------------------------------------------",
"Analyte               Result             Std.Dev. Proc.-Calc. Line Intensity(cps/uA)",
"--------------------------------------------------------------------------------",
"====[No. 1 Layer]====< Layer1               >===============================",
"Layer1                   0.000 ug/cm2    -------- Flux       -------- --------",
