"Sample    : ybf3_31518",
"Operator  : américo",
"Comment  : ",
"Group     : kerr2007ag180cal_lt",
"Date       : 2011-04-08 06:38:40",
"",
"Mesurement Condition",
"------------------------------------------------------------------------------------",
"Instrument : 700HS2   Atmosphere : Vac.   Collimator : 10(mm)   Spin : No",
"------------------------------------------------------------------------------------",
"Analyte               TG kV   uA      FI Acq.(keV)  Anal.(keV)  Time(sec)     DT(%)",
"------------------------------------------------------------------------------------",
"Na                    Rh 50  237-Auto Al  0 - 20    0.8 - 1.2   Live -  179   15",
"",
"<Profile>",
"Channel_info_start",
"Channel : Na",
"Points : 2048",
"Range : 0.000000 - 20.480000",
"Step : 0.010000",
"Channel_info_end",
"0",
"0",
"0",
"0",
"0",
"0",
"0",
"0",
"0",
"0",
"0",
"0",
"0",
"0",
"0",
"0",
"0",
"0",
"0",
"0",
"0",
"0",
"0",
"0",
"0",
"0",
"0",
"0",
"0",
"0",
"8",
"21",
"27",
"19",
"8",
"11",
"15",
"26",
"26",
"18",
"21",
"15",
"22",
"25",
"16",
"13",
"18",
"24",
"19",
"22",
"20",
"17",
"18",
"17",
"13",
"20",
"14",
"19",
"19",
"13",
"20",
"15",
"17",
"22",
"18",
"13",
"9",
"22",
"16",
"19",
"26",
"21",
"10",
"21",
"18",
"15",
"19",
"19",
"12",
"13",
"12",
"21",
"17",
"16",
"10",
"21",
"12",
"8",
"25",
"23",
"21",
"18",
"22",
"14",
"21",
"21",
"15",
"20",
"14",
"19",
"18",
"19",
"21",
"20",
"23",
"22",
"19",
"23",
"31",
"30",
"40",
"55",
"71",
"79",
"104",
"110",
"123",
"152",
"158",
"153",
"146",
"177",
"122",
"124",
"93",
"103",
"75",
"77",
"50",
"63",
"50",
"58",
"47",
"49",
"40",
"53",
"60",
"62",
"51",
"88",
"91",
"108",
"135",
"210",
"259",
"423",
"586",
"813",
"969",
"1261",
"1457",
"1792",
"1953",
"2196",
"2070",
"2235",
"2097",
"2128",
"1785",
"1625",
"1330",
"1200",
"918",
"765",
"560",
"415",
"310",
"246",
"242",
"187",
"201",
"164",
"166",
"202",
"212",
"270",
"236",
"230",
"196",
"220",
"191",
"149",
"138",
"108",
"104",
"86",
"62",
"86",
"59",
"69",
"58",
"70",
"79",
"95",
"93",
"122",
"104",
"143",
"134",
"160",
"136",
"128",
"145",
"131",
"104",
"97",
"103",
"77",
"54",
"45",
"45",
"49",
"25",
"28",
"17",
"26",
"31",
"21",
"28",
"24",
"22",
"18",
"20",
"22",
"14",
"18",
"17",
"24",
"16",
"20",
"13",
"22",
"13",
"18",
"24",
"29",
"19",
"9",
"11",
"15",
"17",
"20",
"16",
"19",
"14",
"15",
"10",
"17",
"12",
"10",
"13",
"15",
"15",
"12",
"17",
"17",
"12",
"12",
"10",
"14",
"14",
"10",
"16",
"15",
"17",
"16",
"17",
"25",
"12",
"19",
"19",
"16",
"14",
"15",
"19",
"21",
"20",
"23",
"18",
"21",
"24",
"22",
"16",
"24",
"11",
"18",
"23",
"19",
"22",
"17",
"25",
"20",
"18",
"15",
"11",
"14",
"12",
"17",
"14",
"15",
"14",
"20",
"15",
"18",
"19",
"15",
"18",
"16",
"9",
"16",
"15",
"18",
"13",
"10",
"26",
"20",
"23",
"19",
"16",
"21",
"15",
"17",
"21",
"18",
"13",
"19",
"13",
"24",
"20",
"13",
"12",
"16",
"13",
"19",
"19",
"17",
"18",
"9",
"16",
"18",
"18",
"13",
"17",
"10",
"16",
"25",
"18",
"28",
"14",
"25",
"18",
"32",
"36",
"52",
"51",
"57",
"89",
"85",
"103",
"194",
"240",
"278",
"389",
"480",
"544",
"679",
"729",
"829",
"818",
"850",
"771",
"787",
"722",
"657",
"569",
"436",
"356",
"280",
"241",
"174",
"136",
"110",
"87",
"79",
"41",
"44",
"47",
"46",
"45",
"50",
"54",
"40",
"72",
"64",
"82",
"78",
"99",
"104",
"124",
"139",
"119",
"127",
"122",
"114",
"117",
"123",
"94",
"94",
"77",
"82",
"48",
"53",
"47",
"40",
"31",
"33",
"30",
"45",
"32",
"21",
"35",
"32",
"28",
"26",
"35",
"23",
"30",
"37",
"28",
"31",
"30",
"49",
"33",
"40",
"44",
"39",
"42",
"50",
"48",
"55",
"47",
"44",
"46",
"58",
"60",
"59",
"45",
"42",
"61",
"67",
"56",
"57",
"61",
"54",
"59",
"53",
"58",
"57",
"38",
"67",
"56",
"66",
"63",
"51",
"54",
"59",
"58",
"61",
"45",
"47",
"59",
"52",
"58",
"48",
"51",
"57",
"55",
"54",
"36",
"54",
"44",
"47",
"51",
"48",
"45",
"46",
"37",
"51",
"32",
"49",
"33",
"41",
"46",
"48",
"51",
"54",
"40",
"43",
"48",
"38",
"42",
"62",
"52",
"47",
"38",
"41",
"51",
"42",
"42",
"43",
"39",
"51",
"49",
"54",
"44",
"38",
"47",
"59",
"45",
"38",
"63",
"64",
"43",
"47",
"45",
"53",
"42",
"39",
"55",
"62",
"57",
"56",
"41",
"70",
"51",
"71",
"57",
"51",
"53",
"60",
"63",
"51",
"46",
"66",
"59",
"62",
"58",
"62",
"55",
"59",
"82",
"65",
"62",
"70",
"63",
"67",
"77",
"69",
"66",
"90",
"62",
"91",
"83",
"82",
"86",
"114",
"92",
"92",
"84",
"89",
"86",
"83",
"98",
"88",
"89",
"75",
"80",
"84",
"66",
"64",
"67",
"84",
"67",
"80",
"73",
"67",
"66",
"67",
"72",
"69",
"81",
"97",
"56",
"93",
"69",
"72",
"74",
"79",
"84",
"96",
"87",
"83",
"72",
"94",
"75",
"80",
"86",
"87",
"85",
"98",
"89",
"80",
"77",
"93",
"95",
"85",
"97",
"72",
"86",
"89",
"84",
"82",
"78",
"93",
"96",
"103",
"99",
"107",
"87",
"123",
"98",
"119",
"123",
"96",
"140",
"117",
"136",
"146",
"137",
"169",
"187",
"189",
"237",
"254",
"279",
"348",
"333",
"416",
"512",
"504",
"563",
"580",
"616",
"643",
"643",
"704",
"690",
"667",
"572",
"597",
"562",
"541",
"426",
"379",
"342",
"326",
"258",
"228",
"238",
"201",
"167",
"165",
"179",
"165",
"146",
"157",
"118",
"131",
"156",
"150",
"136",
"134",
"125",
"128",
"139",
"143",
"124",
"138",
"125",
"122",
"134",
"116",
"133",
"157",
"135",
"135",
"133",
"140",
"152",
"149",
"148",
"136",
"144",
"150",
"150",
"149",
"144",
"151",
"163",
"170",
"155",
"173",
"170",
"173",
"183",
"226",
"185",
"278",
"283",
"303",
"378",
"471",
"583",
"725",
"928",
"1330",
"1620",
"2008",
"2566",
"3215",
"3875",
"4876",
"5673",
"6856",
"7413",
"8614",
"9801",
"10887",
"10786",
"11807",
"11742",
"12601",
"11953",
"11984",
"11381",
"10946",
"9683",
"9030",
"8054",
"7188",
"5891",
"5176",
"4313",
"3629",
"2764",
"2321",
"1774",
"1428",
"1155",
"953",
"784",
"657",
"525",
"464",
"391",
"314",
"261",
"263",
"264",
"227",
"195",
"200",
"167",
"171",
"163",
"143",
"137",
"134",
"123",
"145",
"132",
"131",
"143",
"142",
"129",
"144",
"138",
"132",
"146",
"125",
"145",
"141",
"154",
"140",
"164",
"152",
"182",
"184",
"166",
"194",
"242",
"242",
"238",
"287",
"293",
"340",
"347",
"364",
"369",
"418",
"419",
"455",
"494",
"448",
"515",
"536",
"572",
"642",
"670",
"740",
"863",
"898",
"1056",
"1224",
"1383",
"1581",
"1904",
"2236",
"2630",
"3065",
"3270",
"4076",
"4372",
"5032",
"5063",
"5923",
"6047",
"6715",
"6424",
"6991",
"7007",
"7186",
"6627",
"6849",
"6388",
"6041",
"5558",
"5451",
"4766",
"4445",
"3911",
"3613",
"3115",
"2811",
"2515",
"2370",
"2076",
"1902",
"1615",
"1517",
"1420",
"1420",
"1364",
"1352",
"1363",
"1429",
"1437",
"1526",
"1598",
"1802",
"1769",
"1903",
"2038",
"2156",
"2019",
"2111",
"2036",
"2214",
"1983",
"1990",
"1888",
"1668",
"1486",
"1429",
"1261",
"1193",
"969",
"861",
"798",
"680",
"608",
"486",
"413",
"348",
"356",
"328",
"253",
"243",
"208",
"173",
"201",
"166",
"168",
"171",
"153",
"149",
"123",
"151",
"116",
"103",
"112",
"123",
"117",
"130",
"108",
"131",
"123",
"133",
"132",
"131",
"150",
"150",
"137",
"153",
"184",
"200",
"205",
"237",
"258",
"273",
"226",
"241",
"269",
"255",
"252",
"245",
"281",
"298",
"269",
"250",
"243",
"258",
"241",
"241",
"253",
"225",
"244",
"213",
"217",
"227",
"207",
"200",
"204",
"226",
"202",
"210",
"221",
"238",
"259",
"234",
"283",
"312",
"336",
"371",
"415",
"489",
"505",
"608",
"667",
"729",
"752",
"903",
"948",
"1072",
"992",
"1134",
"1172",
"1162",
"1116",
"1183",
"1118",
"1130",
"1083",
"1032",
"980",
"869",
"718",
"712",
"642",
"587",
"478",
"486",
"419",
"397",
"281",
"291",
"302",
"304",
"295",
"307",
"279",
"322",
"320",
"338",
"372",
"422",
"420",
"450",
"478",
"483",
"474",
"496",
"477",
"497",
"481",
"468",
"455",
"448",
"426",
"380",
"384",
"311",
"302",
"313",
"280",
"270",
"224",
"221",
"179",
"168",
"155",
"169",
"130",
"145",
"119",
"133",
"147",
"144",
"145",
"140",
"145",
"146",
"130",
"147",
"149",
"139",
"136",
"160",
"127",
"142",
"158",
"134",
"150",
"149",
"123",
"110",
"118",
"125",
"124",
"138",
"109",
"108",
"103",
"117",
"109",
"100",
"100",
"102",
"87",
"94",
"76",
"83",
"89",
"87",
"99",
"104",
"111",
"80",
"103",
"97",
"103",
"119",
"122",
"90",
"132",
"119",
"119",
"114",
"117",
"111",
"122",
"104",
"117",
"113",
"111",
"105",
"118",
"121",
"99",
"93",
"100",
"101",
"102",
"100",
"98",
"106",
"104",
"101",
"90",
"102",
"96",
"98",
"116",
"102",
"78",
"108",
"104",
"85",
"92",
"94",
"109",
"105",
"90",
"93",
"98",
"84",
"103",
"109",
"99",
"81",
"95",
"106",
"99",
"108",
"81",
"111",
"98",
"94",
"78",
"80",
"85",
"108",
"87",
"75",
"94",
"66",
"72",
"84",
"80",
"95",
"88",
"114",
"101",
"96",
"92",
"89",
"94",
"93",
"82",
"81",
"80",
"99",
"97",
"92",
"85",
"95",
"63",
"102",
"87",
"97",
"97",
"88",
"69",
"79",
"86",
"100",
"85",
"86",
"83",
"77",
"89",
"83",
"85",
"82",
"87",
"83",
"84",
"75",
"57",
"81",
"81",
"97",
"87",
"83",
"72",
"83",
"80",
"92",
"76",
"90",
"81",
"97",
"95",
"94",
"104",
"94",
"87",
"80",
"86",
"64",
"81",
"83",
"83",
"70",
"51",
"73",
"76",
"87",
"86",
"88",
"81",
"93",
"71",
"95",
"94",
"77",
"71",
"76",
"81",
"92",
"92",
"82",
"80",
"87",
"74",
"85",
"72",
"83",
"87",
"79",
"66",
"73",
"78",
"71",
"76",
"81",
"77",
"89",
"82",
"85",
"61",
"83",
"78",
"87",
"85",
"83",
"84",
"74",
"81",
"78",
"82",
"73",
"69",
"79",
"75",
"95",
"89",
"78",
"82",
"84",
"65",
"76",
"77",
"84",
"71",
"82",
"98",
"80",
"89",
"75",
"67",
"72",
"73",
"71",
"72",
"91",
"84",
"73",
"79",
"83",
"55",
"87",
"64",
"76",
"65",
"78",
"81",
"78",
"85",
"87",
"73",
"85",
"69",
"85",
"64",
"67",
"78",
"74",
"77",
"80",
"72",
"69",
"76",
"77",
"73",
"64",
"77",
"83",
"61",
"73",
"90",
"67",
"68",
"75",
"81",
"84",
"70",
"83",
"84",
"65",
"57",
"80",
"79",
"78",
"71",
"62",
"79",
"60",
"73",
"69",
"68",
"71",
"80",
"74",
"90",
"63",
"69",
"77",
"66",
"84",
"70",
"88",
"61",
"82",
"64",
"67",
"66",
"83",
"85",
"78",
"76",
"75",
"76",
"86",
"71",
"70",
"63",
"68",
"59",
"61",
"75",
"71",
"72",
"79",
"69",
"74",
"68",
"63",
"72",
"68",
"68",
"61",
"86",
"70",
"83",
"76",
"69",
"72",
"68",
"70",
"77",
"79",
"60",
"61",
"81",
"70",
"67",
"73",
"72",
"64",
"59",
"88",
"48",
"70",
"48",
"67",
"70",
"64",
"78",
"71",
"59",
"66",
"70",
"62",
"61",
"78",
"72",
"69",
"72",
"65",
"74",
"71",
"63",
"73",
"71",
"82",
"64",
"54",
"57",
"66",
"78",
"77",
"64",
"64",
"62",
"77",
"68",
"52",
"58",
"60",
"65",
"69",
"57",
"70",
"63",
"67",
"70",
"72",
"61",
"56",
"57",
"63",
"66",
"57",
"71",
"73",
"59",
"61",
"66",
"65",
"82",
"79",
"65",
"69",
"59",
"74",
"62",
"75",
"68",
"71",
"80",
"87",
"64",
"65",
"72",
"68",
"64",
"74",
"69",
"61",
"91",
"62",
"80",
"69",
"63",
"77",
"73",
"80",
"70",
"78",
"85",
"64",
"66",
"78",
"84",
"66",
"74",
"68",
"64",
"72",
"81",
"65",
"47",
"61",
"64",
"47",
"68",
"67",
"60",
"50",
"71",
"74",
"68",
"73",
"66",
"70",
"69",
"62",
"63",
"77",
"69",
"68",
"69",
"59",
"59",
"67",
"60",
"56",
"63",
"67",
"59",
"73",
"56",
"76",
"62",
"64",
"61",
"78",
"66",
"58",
"60",
"66",
"62",
"66",
"56",
"69",
"55",
"58",
"71",
"61",
"61",
"76",
"70",
"66",
"53",
"63",
"56",
"70",
"55",
"63",
"53",
"66",
"64",
"48",
"70",
"71",
"53",
"68",
"72",
"63",
"64",
"71",
"45",
"70",
"57",
"65",
"56",
"75",
"61",
"65",
"70",
"62",
"67",
"88",
"60",
"62",
"73",
"78",
"65",
"77",
"52",
"65",
"62",
"79",
"78",
"57",
"74",
"66",
"56",
"65",
"61",
"68",
"64",
"66",
"67",
"68",
"57",
"70",
"74",
"58",
"63",
"64",
"70",
"65",
"77",
"56",
"63",
"59",
"56",
"56",
"58",
"56",
"64",
"50",
"61",
"58",
"49",
"53",
"58",
"55",
"43",
"69",
"68",
"72",
"58",
"63",
"68",
"62",
"65",
"53",
"63",
"56",
"52",
"47",
"54",
"61",
"57",
"64",
"75",
"45",
"60",
"55",
"62",
"54",
"32",
"54",
"61",
"66",
"39",
"51",
"53",
"57",
"44",
"46",
"61",
"48",
"51",
"66",
"65",
"47",
"63",
"52",
"64",
"73",
"67",
"63",
"64",
"57",
"55",
"54",
"52",
"68",
"61",
"49",
"58",
"59",
"49",
"53",
"61",
"71",
"46",
"53",
"57",
"55",
"66",
"57",
"79",
"54",
"55",
"46",
"78",
"69",
"43",
"58",
"58",
"66",
"51",
"53",
"48",
"55",
"52",
"53",
"40",
"65",
"56",
"46",
"55",
"59",
"43",
"66",
"49",
"55",
"56",
"63",
"58",
"50",
"65",
"55",
"60",
"55",
"45",
"47",
"59",
"57",
"46",
"60",
"55",
"59",
"50",
"42",
"48",
"57",
"62",
"68",
"60",
"61",
"58",
"57",
"58",
"59",
"48",
"43",
"50",
"58",
"49",
"58",
"58",
"59",
"44",
"49",
"65",
"55",
"51",
"47",
"58",
"60",
"50",
"61",
"66",
"56",
"48",
"59",
"44",
"56",
"50",
"50",
"51",
"49",
"46",
"50",
"52",
"58",
"51",
"67",
"67",
"54",
"45",
"63",
"63",
"63",
"52",
"56",
"55",
"53",
"64",
"55",
"58",
"51",
"65",
"64",
"53",
"58",
"59",
"53",
"61",
"56",
"43",
"57",
"66",
"50",
"48",
"62",
"59",
"68",
"63",
"49",
"43",
"66",
"46",
"58",
"47",
"56",
"64",
"52",
"58",
"72",
"44",
"77",
"57",
"52",
"58",
"60",
"61",
"64",
"55",
"62",
"71",
"65",
"70",
"54",
"67",
"84",
"65",
"59",
"60",
"87",
"51",
"64",
"69",
"75",
"81",
"87",
"83",
"82",
"79",
"65",
"92",
"85",
"76",
"73",
"71",
"85",
"88",
"88",
"108",
"100",
"95",
"86",
"99",
"101",
"96",
"86",
"101",
"98",
"102",
"102",
"114",
"135",
"129",
"111",
"123",
"121",
"138",
"127",
"169",
"146",
"143",
"137",
"186",
"167",
"185",
"179",
"207",
"195",
"175",
"209",
"236",
"226",
"240",
"242",
"222",
"265",
"227",
"286",
"268",
"268",
"290",
"301",
"293",
"286",
"297",
"291",
"325",
"343",
"322",
"291",
"338",
"301",
"318",
"333",
"378",
"333",
"344",
"326",
"328",
"317",
"306",
"325",
"339",
"328",
"319",
"301",
"312",
"317",
"256",
"297",
"304",
"291",
"278",
"248",
"273",
"236",
"247",
"245",
"204",
"227",
"217",
"197",
"187",
"200",
"184",
"181",
"196",
"153",
"154",
"170",
"151",
"139",
"124",
"108",
"119",
"130",
"126",
"122",
"98",
"115",
"102",
"98",
"90",
"85",
"101",
"85",
"95",
"99",
"86",
"76",
"94",
"82",
"83",
"74",
"90",
"90",
"81",
"96",
"95",
"99",
"80",
"108",
"101",
"111",
"132",
"133",
"138",
"132",
"156",
"152",
"161",
"197",
"184",
"173",
"232",
"214",
"256",
"191",
"222",
"224",
"236",
"252",
"238",
"267",
"245",
"249",
"233",
"247",
"238",
"204",
"229",
"229",
"202",
"213",
"200",
"185",
"150",
"141",
"155",
"136",
"147",
"125",
"111",
"105",
"103",
"106",
"91",
"89",
"68",
"78",
"60",
"70",
"65",
"58",
"64",
"61",
"41",
"49",
"44",
"46",
"41",
"24729",
"Channel_info_start",
"Channel : Mg",
"Points : 0",
"Range : 0.000000 - 0.000000",
"Step : 0.010000",
"Channel_info_end",
"Channel_info_start",
"Channel : Al",
"Points : 0",
"Range : 0.000000 - 0.000000",
"Step : 0.010000",
"Channel_info_end",
"Channel_info_start",
"Channel : Si",
"Points : 0",
"Range : 0.000000 - 0.000000",
"Step : 0.010000",
"Channel_info_end",
"Channel_info_start",
"Channel : P ",
"Points : 0",
"Range : 0.000000 - 0.000000",
"Step : 0.010000",
"Channel_info_end",
"Channel_info_start",
"Channel : S ",
"Points : 0",
"Range : 0.000000 - 0.000000",
"Step : 0.010000",
"Channel_info_end",
"Channel_info_start",
"Channel : Cl",
"Points : 0",
"Range : 0.000000 - 0.000000",
"Step : 0.010000",
"Channel_info_end",
"Channel_info_start",
"Channel : K ",
"Points : 0",
"Range : 0.000000 - 0.000000",
"Step : 0.010000",
"Channel_info_end",
"Channel_info_start",
"Channel : Ca",
"Points : 0",
"Range : 0.000000 - 0.000000",
"Step : 0.010000",
"Channel_info_end",
"Channel_info_start",
"Channel : Ti",
"Points : 0",
"Range : 0.000000 - 0.000000",
"Step : 0.010000",
"Channel_info_end",
"Channel_info_start",
"Channel : V ",
"Points : 0",
"Range : 0.000000 - 0.000000",
"Step : 0.010000",
"Channel_info_end",
"Channel_info_start",
"Channel : Cr",
"Points : 0",
"Range : 0.000000 - 0.000000",
"Step : 0.010000",
"Channel_info_end",
"Channel_info_start",
"Channel : Mn",
"Points : 0",
"Range : 0.000000 - 0.000000",
"Step : 0.010000",
"Channel_info_end",
"Channel_info_start",
"Channel : Fe",
"Points : 0",
"Range : 0.000000 - 0.000000",
"Step : 0.010000",
"Channel_info_end",
"Channel_info_start",
"Channel : Cu",
"Points : 0",
"Range : 0.000000 - 0.000000",
"Step : 0.010000",
"Channel_info_end",
"Channel_info_start",
"Channel : Zn",
"Points : 0",
"Range : 0.000000 - 0.000000",
"Step : 0.010000",
"Channel_info_end",
"Channel_info_start",
"Channel : Sr",
"Points : 0",
"Range : 0.000000 - 0.000000",
"Step : 0.010000",
"Channel_info_end",
"Channel_info_start",
"Channel : Pb",
"Points : 0",
"Range : 0.000000 - 0.000000",
"Step : 0.010000",
"Channel_info_end",
"",
"Qualitative Result",
"--------------------------------------------------------------------------------",
"Element :  Ge, Yb, Si, P , Ca, Dy, Ni, Cu, Rh",
"",
"Peak List",
"--------------------------------------------------------------------------------",
"Channel               Line        keV     Net Int.(cps/uA)",
"--------------------------------------------------------------------------------",
"Na                    GeLa         1.19     0.031",
"                      YbMa         1.55     0.559",
"                      SiKa         1.76     0.057",
"                      P Ka         1.98     0.032",
"                      CaKa         3.68     0.267",
"                      CaKb         3.99     0.034",
"                      YbLL         6.56     0.143",
"                      DyLa         6.56     0.082",
"                      NiKa         7.42     4.769",
"                      CuKa         8.08     0.053",
"                      YbLb4        8.27     0.668",
"                      YbLb1        8.40     2.768",
"                      YbLb2        8.76     0.749",
"                      CuKb         8.91     0.008",
"                      ----         9.37     0.058",
"                      YbLg1        9.80     0.417",
"                      YbLg2       10.12     0.143",
"                      RhKaC       19.20     0.131",
"                      RhKa        20.10     0.103",
"--------------------------------------------------------------------------------",
"",
"Quantitative Result",
"--------------------------------------------------------------------------------",
"Analyte               Result             Std.Dev. Proc.-Calc. Line Intensity(cps/uA)",
"--------------------------------------------------------------------------------",
"====[No. 1 Layer]====< Layer1               >===============================",
"Layer1                   0.000 ug/cm2    -------- Flux       -------- --------",
