"Sample    : rh-15765",
"Operator  : Americo",
"Comment  : cal 41,8",
"Group     : kerr2007ag180cal_lt",
"Date       : 2010-11-17 03:58:18",
"",
"Mesurement Condition",
"------------------------------------------------------------------------------------",
"Instrument : 700HS2   Atmosphere : Vac.   Collimator : 10(mm)   Spin : No",
"------------------------------------------------------------------------------------",
"Analyte               TG kV   uA      FI Acq.(keV)  Anal.(keV)  Time(sec)     DT(%)",
"------------------------------------------------------------------------------------",
"Na                    Rh 50  393-Auto Al  0 - 20    0.8 - 1.2   Live -  180   16",
"",
"<Profile>",
"Channel_info_start",
"Channel : Na",
"Points : 2048",
"Range : 0.000000 - 20.480000",
"Step : 0.010000",
"Channel_info_end",
"0",
"0",
"0",
"0",
"0",
"0",
"0",
"0",
"0",
"0",
"0",
"0",
"0",
"0",
"0",
"0",
"0",
"0",
"0",
"0",
"0",
"0",
"0",
"0",
"0",
"0",
"0",
"1",
"0",
"3",
"15",
"57",
"50",
"36",
"43",
"66",
"43",
"57",
"53",
"53",
"43",
"40",
"47",
"47",
"50",
"53",
"45",
"41",
"42",
"63",
"47",
"50",
"44",
"65",
"39",
"57",
"36",
"44",
"53",
"64",
"67",
"55",
"49",
"68",
"48",
"46",
"46",
"62",
"46",
"59",
"42",
"45",
"49",
"58",
"50",
"46",
"39",
"59",
"62",
"62",
"45",
"47",
"60",
"64",
"56",
"69",
"67",
"79",
"89",
"94",
"101",
"123",
"112",
"153",
"166",
"184",
"164",
"165",
"169",
"150",
"147",
"150",
"121",
"109",
"109",
"100",
"102",
"95",
"120",
"123",
"133",
"114",
"120",
"111",
"100",
"95",
"89",
"88",
"85",
"87",
"80",
"87",
"78",
"75",
"76",
"50",
"71",
"75",
"68",
"88",
"70",
"70",
"69",
"64",
"64",
"73",
"65",
"75",
"64",
"75",
"60",
"70",
"60",
"81",
"69",
"72",
"61",
"50",
"75",
"64",
"66",
"73",
"58",
"62",
"59",
"62",
"59",
"72",
"50",
"68",
"51",
"64",
"58",
"68",
"63",
"58",
"61",
"58",
"53",
"60",
"67",
"80",
"62",
"64",
"75",
"61",
"60",
"69",
"63",
"62",
"66",
"56",
"50",
"62",
"53",
"67",
"63",
"63",
"65",
"65",
"64",
"58",
"63",
"68",
"81",
"102",
"107",
"102",
"94",
"131",
"157",
"155",
"129",
"112",
"138",
"131",
"104",
"111",
"94",
"94",
"97",
"91",
"100",
"96",
"89",
"92",
"89",
"104",
"95",
"85",
"99",
"116",
"112",
"138",
"112",
"149",
"139",
"163",
"182",
"172",
"208",
"242",
"237",
"327",
"352",
"410",
"390",
"509",
"431",
"478",
"439",
"483",
"438",
"402",
"398",
"370",
"320",
"326",
"304",
"339",
"331",
"321",
"316",
"324",
"345",
"409",
"426",
"528",
"619",
"865",
"1098",
"1563",
"2032",
"2857",
"3482",
"4544",
"5217",
"6195",
"6827",
"7505",
"7335",
"8088",
"7130",
"6986",
"5875",
"5609",
"4806",
"4408",
"3844",
"3837",
"3599",
"3578",
"3624",
"3874",
"3719",
"3705",
"3571",
"3547",
"3119",
"3143",
"2539",
"2407",
"2108",
"1864",
"1550",
"1482",
"1351",
"1153",
"983",
"997",
"868",
"805",
"735",
"738",
"616",
"599",
"537",
"509",
"434",
"420",
"391",
"361",
"360",
"349",
"302",
"303",
"278",
"258",
"224",
"240",
"186",
"179",
"145",
"133",
"112",
"102",
"100",
"94",
"88",
"125",
"125",
"138",
"185",
"184",
"214",
"220",
"201",
"206",
"210",
"182",
"152",
"171",
"158",
"135",
"99",
"108",
"91",
"77",
"76",
"68",
"66",
"68",
"74",
"73",
"78",
"95",
"114",
"151",
"181",
"236",
"307",
"352",
"418",
"522",
"550",
"678",
"722",
"797",
"863",
"943",
"792",
"861",
"734",
"692",
"622",
"497",
"426",
"351",
"277",
"212",
"185",
"150",
"140",
"106",
"115",
"92",
"93",
"87",
"83",
"91",
"77",
"92",
"82",
"122",
"112",
"102",
"103",
"144",
"132",
"121",
"170",
"175",
"146",
"169",
"141",
"151",
"108",
"111",
"87",
"107",
"86",
"67",
"74",
"80",
"72",
"42",
"61",
"58",
"47",
"65",
"53",
"38",
"50",
"63",
"49",
"52",
"40",
"65",
"45",
"47",
"52",
"60",
"43",
"53",
"48",
"57",
"53",
"83",
"52",
"70",
"60",
"73",
"59",
"70",
"63",
"63",
"53",
"83",
"61",
"80",
"70",
"87",
"72",
"78",
"78",
"77",
"88",
"92",
"71",
"98",
"82",
"71",
"99",
"64",
"74",
"71",
"63",
"73",
"76",
"75",
"61",
"56",
"72",
"58",
"70",
"74",
"73",
"66",
"67",
"80",
"73",
"73",
"68",
"74",
"76",
"71",
"66",
"64",
"46",
"63",
"70",
"66",
"56",
"56",
"44",
"82",
"67",
"55",
"68",
"64",
"50",
"55",
"56",
"53",
"47",
"63",
"52",
"63",
"64",
"63",
"59",
"71",
"65",
"78",
"63",
"55",
"65",
"77",
"64",
"64",
"73",
"60",
"63",
"71",
"65",
"72",
"73",
"75",
"58",
"89",
"89",
"75",
"66",
"80",
"81",
"71",
"67",
"85",
"72",
"88",
"82",
"85",
"84",
"86",
"85",
"91",
"86",
"91",
"75",
"78",
"79",
"105",
"92",
"94",
"98",
"94",
"111",
"103",
"109",
"116",
"94",
"116",
"113",
"98",
"121",
"116",
"109",
"115",
"142",
"112",
"130",
"127",
"130",
"119",
"123",
"125",
"124",
"147",
"129",
"116",
"129",
"139",
"122",
"144",
"152",
"148",
"134",
"149",
"124",
"135",
"147",
"124",
"133",
"142",
"132",
"145",
"120",
"145",
"118",
"121",
"136",
"118",
"108",
"112",
"124",
"96",
"151",
"117",
"130",
"107",
"108",
"111",
"110",
"124",
"110",
"113",
"132",
"124",
"112",
"123",
"116",
"138",
"105",
"130",
"99",
"137",
"118",
"115",
"117",
"140",
"125",
"144",
"140",
"149",
"141",
"164",
"156",
"134",
"160",
"156",
"165",
"143",
"125",
"148",
"146",
"159",
"148",
"153",
"155",
"167",
"155",
"161",
"149",
"175",
"155",
"176",
"185",
"172",
"180",
"187",
"186",
"190",
"206",
"199",
"206",
"216",
"191",
"206",
"230",
"222",
"202",
"212",
"217",
"212",
"226",
"220",
"207",
"242",
"210",
"253",
"198",
"226",
"225",
"264",
"212",
"239",
"228",
"235",
"205",
"209",
"226",
"193",
"216",
"239",
"241",
"198",
"208",
"245",
"216",
"218",
"237",
"240",
"180",
"194",
"180",
"206",
"160",
"187",
"192",
"199",
"169",
"161",
"170",
"198",
"150",
"181",
"170",
"155",
"134",
"185",
"154",
"169",
"158",
"180",
"151",
"158",
"157",
"157",
"150",
"171",
"137",
"152",
"165",
"139",
"148",
"136",
"153",
"154",
"123",
"138",
"139",
"142",
"138",
"134",
"150",
"143",
"124",
"157",
"148",
"175",
"125",
"145",
"136",
"142",
"119",
"147",
"147",
"150",
"139",
"140",
"133",
"153",
"136",
"144",
"118",
"169",
"142",
"156",
"152",
"139",
"133",
"138",
"148",
"134",
"125",
"152",
"146",
"147",
"156",
"148",
"158",
"188",
"148",
"147",
"147",
"174",
"159",
"164",
"158",
"171",
"167",
"177",
"196",
"153",
"168",
"175",
"174",
"161",
"176",
"211",
"184",
"212",
"219",
"211",
"163",
"202",
"186",
"180",
"178",
"172",
"163",
"161",
"186",
"171",
"147",
"154",
"144",
"185",
"155",
"155",
"169",
"158",
"134",
"143",
"141",
"165",
"118",
"153",
"169",
"163",
"146",
"130",
"167",
"164",
"153",
"149",
"161",
"153",
"147",
"172",
"145",
"165",
"152",
"175",
"147",
"175",
"166",
"169",
"163",
"186",
"170",
"165",
"172",
"210",
"194",
"202",
"225",
"206",
"206",
"236",
"249",
"231",
"239",
"254",
"234",
"275",
"252",
"257",
"276",
"216",
"244",
"216",
"221",
"220",
"227",
"213",
"201",
"208",
"176",
"204",
"185",
"213",
"207",
"203",
"182",
"219",
"216",
"215",
"207",
"210",
"211",
"193",
"205",
"227",
"180",
"232",
"195",
"234",
"211",
"222",
"219",
"236",
"220",
"216",
"214",
"207",
"213",
"235",
"199",
"218",
"211",
"202",
"213",
"212",
"191",
"207",
"202",
"218",
"188",
"203",
"195",
"206",
"173",
"201",
"185",
"183",
"175",
"194",
"183",
"199",
"217",
"219",
"190",
"219",
"181",
"201",
"190",
"216",
"184",
"241",
"206",
"183",
"191",
"207",
"182",
"222",
"203",
"188",
"186",
"196",
"186",
"182",
"194",
"175",
"185",
"183",
"156",
"166",
"167",
"175",
"182",
"183",
"165",
"167",
"146",
"168",
"169",
"138",
"172",
"171",
"155",
"172",
"131",
"173",
"169",
"174",
"153",
"174",
"159",
"188",
"171",
"152",
"160",
"182",
"147",
"192",
"166",
"171",
"177",
"175",
"191",
"181",
"186",
"179",
"190",
"164",
"179",
"182",
"185",
"190",
"155",
"229",
"178",
"172",
"177",
"163",
"172",
"184",
"165",
"157",
"171",
"157",
"160",
"180",
"153",
"143",
"165",
"167",
"165",
"178",
"161",
"166",
"137",
"159",
"149",
"192",
"167",
"195",
"168",
"192",
"163",
"160",
"166",
"187",
"141",
"176",
"165",
"140",
"161",
"184",
"165",
"176",
"166",
"163",
"147",
"151",
"167",
"154",
"152",
"175",
"150",
"150",
"169",
"168",
"144",
"161",
"155",
"156",
"178",
"161",
"155",
"183",
"163",
"178",
"147",
"177",
"148",
"165",
"173",
"181",
"143",
"174",
"174",
"150",
"146",
"168",
"161",
"177",
"138",
"142",
"170",
"167",
"144",
"135",
"130",
"180",
"125",
"161",
"149",
"181",
"167",
"178",
"161",
"151",
"147",
"149",
"175",
"166",
"136",
"158",
"153",
"157",
"170",
"146",
"141",
"182",
"149",
"138",
"164",
"144",
"153",
"151",
"150",
"154",
"161",
"173",
"141",
"158",
"149",
"161",
"155",
"163",
"129",
"147",
"176",
"155",
"159",
"138",
"156",
"171",
"159",
"117",
"125",
"158",
"139",
"137",
"152",
"145",
"142",
"145",
"129",
"133",
"149",
"155",
"155",
"149",
"143",
"148",
"141",
"134",
"138",
"174",
"161",
"124",
"133",
"150",
"152",
"131",
"143",
"127",
"155",
"140",
"143",
"159",
"147",
"179",
"146",
"164",
"176",
"153",
"138",
"153",
"134",
"167",
"139",
"155",
"167",
"166",
"146",
"164",
"172",
"149",
"138",
"175",
"161",
"145",
"148",
"166",
"154",
"164",
"164",
"177",
"147",
"176",
"165",
"159",
"147",
"161",
"152",
"158",
"148",
"173",
"139",
"156",
"147",
"165",
"139",
"163",
"164",
"158",
"136",
"178",
"168",
"169",
"154",
"166",
"171",
"159",
"146",
"152",
"169",
"152",
"156",
"153",
"157",
"150",
"136",
"149",
"148",
"163",
"152",
"153",
"158",
"163",
"169",
"139",
"140",
"154",
"163",
"155",
"152",
"165",
"155",
"150",
"138",
"170",
"136",
"150",
"198",
"169",
"133",
"146",
"158",
"156",
"132",
"147",
"160",
"160",
"141",
"137",
"158",
"124",
"144",
"147",
"154",
"148",
"130",
"137",
"138",
"140",
"117",
"121",
"131",
"128",
"124",
"129",
"134",
"144",
"138",
"153",
"141",
"139",
"118",
"147",
"128",
"154",
"149",
"150",
"135",
"121",
"123",
"160",
"138",
"141",
"135",
"149",
"116",
"139",
"122",
"125",
"142",
"131",
"114",
"121",
"127",
"131",
"131",
"131",
"121",
"149",
"127",
"117",
"138",
"140",
"138",
"145",
"114",
"141",
"151",
"128",
"127",
"136",
"129",
"149",
"144",
"121",
"137",
"127",
"115",
"136",
"113",
"139",
"119",
"127",
"156",
"130",
"145",
"134",
"128",
"118",
"103",
"122",
"135",
"127",
"120",
"111",
"135",
"135",
"110",
"128",
"127",
"127",
"114",
"144",
"159",
"112",
"135",
"128",
"136",
"110",
"117",
"117",
"122",
"144",
"139",
"114",
"119",
"125",
"119",
"147",
"108",
"140",
"139",
"147",
"122",
"144",
"130",
"117",
"136",
"107",
"140",
"131",
"118",
"127",
"115",
"125",
"119",
"141",
"139",
"102",
"122",
"114",
"118",
"129",
"137",
"118",
"128",
"117",
"108",
"131",
"102",
"106",
"96",
"155",
"117",
"132",
"123",
"100",
"136",
"120",
"104",
"145",
"130",
"115",
"103",
"131",
"127",
"113",
"130",
"123",
"119",
"120",
"121",
"140",
"110",
"128",
"124",
"121",
"121",
"111",
"133",
"110",
"104",
"127",
"133",
"129",
"116",
"122",
"113",
"107",
"121",
"116",
"127",
"111",
"132",
"111",
"108",
"124",
"132",
"132",
"97",
"132",
"111",
"122",
"106",
"121",
"105",
"143",
"109",
"119",
"120",
"124",
"103",
"134",
"130",
"109",
"107",
"133",
"120",
"129",
"113",
"106",
"100",
"149",
"100",
"86",
"121",
"107",
"110",
"116",
"117",
"116",
"113",
"127",
"135",
"114",
"128",
"100",
"119",
"113",
"112",
"113",
"106",
"103",
"105",
"119",
"106",
"132",
"116",
"95",
"116",
"124",
"104",
"119",
"138",
"119",
"102",
"131",
"108",
"109",
"101",
"120",
"119",
"130",
"108",
"125",
"112",
"135",
"121",
"125",
"121",
"95",
"114",
"141",
"108",
"116",
"123",
"107",
"109",
"120",
"100",
"112",
"109",
"103",
"122",
"100",
"142",
"114",
"112",
"121",
"120",
"125",
"133",
"114",
"106",
"132",
"132",
"124",
"116",
"108",
"108",
"112",
"108",
"102",
"109",
"107",
"103",
"139",
"101",
"117",
"109",
"123",
"99",
"117",
"127",
"109",
"118",
"87",
"108",
"114",
"123",
"103",
"102",
"129",
"81",
"114",
"112",
"103",
"111",
"117",
"97",
"105",
"101",
"93",
"100",
"98",
"115",
"132",
"101",
"110",
"105",
"115",
"112",
"106",
"83",
"95",
"89",
"104",
"98",
"101",
"123",
"97",
"115",
"106",
"124",
"80",
"101",
"109",
"91",
"118",
"89",
"79",
"98",
"115",
"95",
"118",
"121",
"111",
"86",
"110",
"111",
"109",
"94",
"106",
"124",
"94",
"104",
"98",
"99",
"94",
"105",
"93",
"99",
"102",
"84",
"97",
"112",
"112",
"101",
"109",
"110",
"106",
"89",
"93",
"93",
"107",
"92",
"110",
"77",
"101",
"102",
"99",
"87",
"115",
"110",
"101",
"89",
"118",
"96",
"108",
"115",
"100",
"86",
"104",
"101",
"103",
"103",
"107",
"89",
"107",
"109",
"111",
"92",
"111",
"79",
"92",
"100",
"69",
"80",
"94",
"102",
"120",
"72",
"103",
"105",
"96",
"103",
"93",
"104",
"98",
"95",
"94",
"108",
"112",
"99",
"110",
"117",
"106",
"89",
"102",
"104",
"87",
"101",
"113",
"102",
"100",
"100",
"101",
"100",
"95",
"88",
"85",
"103",
"94",
"97",
"112",
"77",
"99",
"94",
"81",
"124",
"91",
"97",
"88",
"109",
"92",
"92",
"105",
"88",
"109",
"107",
"82",
"109",
"99",
"87",
"92",
"83",
"97",
"105",
"105",
"86",
"80",
"94",
"118",
"86",
"89",
"94",
"95",
"106",
"109",
"109",
"74",
"111",
"106",
"93",
"86",
"102",
"125",
"81",
"112",
"103",
"95",
"102",
"86",
"110",
"89",
"100",
"74",
"102",
"100",
"100",
"125",
"109",
"103",
"98",
"101",
"92",
"92",
"111",
"105",
"103",
"102",
"100",
"92",
"117",
"94",
"88",
"107",
"89",
"108",
"104",
"81",
"119",
"91",
"92",
"104",
"119",
"122",
"99",
"84",
"108",
"106",
"102",
"102",
"101",
"121",
"104",
"99",
"115",
"108",
"95",
"100",
"124",
"99",
"128",
"120",
"101",
"127",
"101",
"105",
"111",
"94",
"117",
"123",
"112",
"131",
"116",
"119",
"118",
"104",
"107",
"135",
"108",
"123",
"127",
"134",
"125",
"119",
"116",
"132",
"123",
"142",
"128",
"135",
"141",
"139",
"122",
"137",
"157",
"133",
"135",
"144",
"153",
"158",
"151",
"142",
"152",
"149",
"158",
"153",
"154",
"150",
"192",
"182",
"182",
"173",
"198",
"175",
"177",
"196",
"203",
"207",
"215",
"240",
"218",
"264",
"254",
"214",
"255",
"257",
"291",
"293",
"298",
"274",
"288",
"323",
"349",
"335",
"389",
"380",
"333",
"400",
"401",
"408",
"432",
"396",
"443",
"451",
"458",
"544",
"497",
"486",
"482",
"572",
"596",
"588",
"561",
"626",
"611",
"589",
"584",
"606",
"613",
"617",
"623",
"610",
"669",
"619",
"595",
"586",
"602",
"623",
"581",
"611",
"582",
"590",
"556",
"544",
"606",
"581",
"529",
"516",
"524",
"523",
"501",
"516",
"508",
"487",
"455",
"461",
"431",
"396",
"405",
"384",
"406",
"358",
"340",
"368",
"357",
"313",
"324",
"297",
"319",
"282",
"250",
"268",
"295",
"242",
"230",
"227",
"266",
"257",
"245",
"239",
"285",
"245",
"242",
"227",
"254",
"291",
"311",
"307",
"388",
"435",
"411",
"468",
"558",
"682",
"692",
"884",
"984",
"1130",
"1247",
"1351",
"1674",
"1861",
"1911",
"2186",
"2462",
"2768",
"2925",
"3301",
"3562",
"3815",
"4007",
"4318",
"4584",
"5131",
"5159",
"5456",
"5711",
"5971",
"5925",
"6121",
"6320",
"6568",
"6256",
"6520",
"6604",
"6618",
"6288",
"6257",
"6103",
"6146",
"5664",
"5348",
"5593",
"5151",
"4677",
"4600",
"4226",
"4020",
"3483",
"3331",
"3019",
"2729",
"2375",
"2126",
"1856",
"1678",
"1368",
"1257",
"1049",
"971",
"740",
"637",
"553",
"484",
"399",
"336",
"277",
"250",
"210",
"203",
"154",
"163",
"125",
"83768",
"Channel_info_start",
"Channel : Mg",
"Points : 0",
"Range : 0.000000 - 0.000000",
"Step : 0.010000",
"Channel_info_end",
"Channel_info_start",
"Channel : Al",
"Points : 0",
"Range : 0.000000 - 0.000000",
"Step : 0.010000",
"Channel_info_end",
"Channel_info_start",
"Channel : Si",
"Points : 0",
"Range : 0.000000 - 0.000000",
"Step : 0.010000",
"Channel_info_end",
"Channel_info_start",
"Channel : P ",
"Points : 0",
"Range : 0.000000 - 0.000000",
"Step : 0.010000",
"Channel_info_end",
"Channel_info_start",
"Channel : S ",
"Points : 0",
"Range : 0.000000 - 0.000000",
"Step : 0.010000",
"Channel_info_end",
"Channel_info_start",
"Channel : Cl",
"Points : 0",
"Range : 0.000000 - 0.000000",
"Step : 0.010000",
"Channel_info_end",
"Channel_info_start",
"Channel : K ",
"Points : 0",
"Range : 0.000000 - 0.000000",
"Step : 0.010000",
"Channel_info_end",
"Channel_info_start",
"Channel : Ca",
"Points : 0",
"Range : 0.000000 - 0.000000",
"Step : 0.010000",
"Channel_info_end",
"Channel_info_start",
"Channel : Ti",
"Points : 0",
"Range : 0.000000 - 0.000000",
"Step : 0.010000",
"Channel_info_end",
"Channel_info_start",
"Channel : V ",
"Points : 0",
"Range : 0.000000 - 0.000000",
"Step : 0.010000",
"Channel_info_end",
"Channel_info_start",
"Channel : Cr",
"Points : 0",
"Range : 0.000000 - 0.000000",
"Step : 0.010000",
"Channel_info_end",
"Channel_info_start",
"Channel : Mn",
"Points : 0",
"Range : 0.000000 - 0.000000",
"Step : 0.010000",
"Channel_info_end",
"Channel_info_start",
"Channel : Fe",
"Points : 0",
"Range : 0.000000 - 0.000000",
"Step : 0.010000",
"Channel_info_end",
"Channel_info_start",
"Channel : Cu",
"Points : 0",
"Range : 0.000000 - 0.000000",
"Step : 0.010000",
"Channel_info_end",
"Channel_info_start",
"Channel : Zn",
"Points : 0",
"Range : 0.000000 - 0.000000",
"Step : 0.010000",
"Channel_info_end",
"Channel_info_start",
"Channel : Sr",
"Points : 0",
"Range : 0.000000 - 0.000000",
"Step : 0.010000",
"Channel_info_end",
"Channel_info_start",
"Channel : Pb",
"Points : 0",
"Range : 0.000000 - 0.000000",
"Step : 0.010000",
"Channel_info_end",
"",
"Qualitative Result",
"--------------------------------------------------------------------------------",
"Element :  Cd, K , Ca, Ru",
"",
"Peak List",
"--------------------------------------------------------------------------------",
"Channel               Line        keV     Net Int.(cps/uA)",
"--------------------------------------------------------------------------------",
"Na                    ----         0.95     0.018",
"                      ----         1.12     0.009",
"                      ----         2.38     0.055",
"                      CdLL         2.70     1.352",
"                      ----         2.87     0.589",
"                      CdLa         3.17     0.021",
"                      K Ka         3.35     0.022",
"                      K Kb         3.59     0.003",
"                      CaKa         3.68     0.159",
"                      CaKb         4.01     0.022",
"                      ----         6.82     0.023",
"                      ----         8.66     0.024",
"                      RuKa        19.16     0.128",
"--------------------------------------------------------------------------------",
"",
"Quantitative Result",
"--------------------------------------------------------------------------------",
"Analyte               Result             Std.Dev. Proc.-Calc. Line Intensity(cps/uA)",
"--------------------------------------------------------------------------------",
"====[No. 1 Layer]====< Layer1               >===============================",
"Layer1                   0.000 ug/cm2    -------- Flux       -------- --------",
