"Sample    : ti-31498",
"Operator  : Americo",
"Comment  : cal 47",
"Group     : kerr2007ag180cal_lt",
"Date       : 2010-11-17 02:13:23",
"",
"Mesurement Condition",
"------------------------------------------------------------------------------------",
"Instrument : 700HS2   Atmosphere : Vac.   Collimator : 10(mm)   Spin : No",
"------------------------------------------------------------------------------------",
"Analyte               TG kV   uA      FI Acq.(keV)  Anal.(keV)  Time(sec)     DT(%)",
"------------------------------------------------------------------------------------",
"Na                    Rh 50  268-Auto Al  0 - 20    0.8 - 1.2   Live -  179   14",
"",
"<Profile>",
"Channel_info_start",
"Channel : Na",
"Points : 2048",
"Range : 0.000000 - 20.480000",
"Step : 0.010000",
"Channel_info_end",
"0",
"0",
"0",
"0",
"0",
"0",
"0",
"0",
"0",
"0",
"0",
"0",
"0",
"0",
"0",
"0",
"0",
"0",
"0",
"0",
"0",
"0",
"0",
"0",
"0",
"0",
"0",
"0",
"1",
"2",
"4",
"28",
"13",
"20",
"17",
"21",
"23",
"14",
"15",
"19",
"17",
"12",
"20",
"13",
"17",
"15",
"19",
"14",
"16",
"20",
"19",
"19",
"16",
"19",
"9",
"10",
"10",
"21",
"14",
"11",
"20",
"18",
"16",
"18",
"10",
"19",
"8",
"17",
"13",
"17",
"14",
"20",
"12",
"12",
"7",
"12",
"10",
"13",
"17",
"24",
"17",
"18",
"8",
"13",
"21",
"15",
"17",
"13",
"10",
"18",
"22",
"12",
"14",
"16",
"17",
"16",
"13",
"24",
"17",
"10",
"15",
"17",
"22",
"18",
"17",
"14",
"14",
"19",
"17",
"15",
"16",
"16",
"13",
"17",
"16",
"13",
"25",
"17",
"22",
"16",
"21",
"16",
"15",
"16",
"17",
"14",
"15",
"23",
"11",
"22",
"12",
"14",
"23",
"10",
"17",
"17",
"15",
"19",
"13",
"22",
"19",
"18",
"16",
"22",
"20",
"11",
"25",
"31",
"18",
"26",
"24",
"30",
"24",
"21",
"31",
"22",
"22",
"17",
"24",
"19",
"18",
"17",
"14",
"23",
"18",
"25",
"17",
"21",
"26",
"24",
"27",
"22",
"26",
"23",
"29",
"19",
"28",
"24",
"31",
"23",
"33",
"24",
"28",
"26",
"20",
"31",
"34",
"25",
"27",
"30",
"21",
"36",
"37",
"49",
"41",
"47",
"72",
"68",
"92",
"73",
"84",
"96",
"115",
"90",
"95",
"82",
"70",
"59",
"55",
"47",
"36",
"29",
"24",
"17",
"29",
"35",
"29",
"27",
"23",
"21",
"23",
"26",
"20",
"17",
"17",
"24",
"14",
"20",
"31",
"28",
"17",
"23",
"20",
"24",
"19",
"22",
"19",
"23",
"18",
"18",
"22",
"19",
"24",
"21",
"18",
"15",
"29",
"21",
"24",
"24",
"23",
"20",
"21",
"23",
"26",
"26",
"20",
"19",
"21",
"21",
"27",
"34",
"43",
"58",
"43",
"63",
"39",
"104",
"92",
"129",
"119",
"196",
"161",
"223",
"234",
"239",
"263",
"253",
"262",
"248",
"201",
"203",
"165",
"135",
"118",
"81",
"78",
"49",
"42",
"52",
"48",
"44",
"22",
"30",
"29",
"29",
"37",
"29",
"38",
"43",
"24",
"34",
"33",
"34",
"30",
"32",
"26",
"29",
"30",
"41",
"46",
"39",
"49",
"39",
"39",
"49",
"58",
"52",
"53",
"65",
"52",
"56",
"47",
"34",
"51",
"54",
"43",
"51",
"33",
"22",
"39",
"34",
"32",
"43",
"39",
"39",
"42",
"33",
"23",
"36",
"33",
"42",
"23",
"37",
"46",
"41",
"47",
"53",
"45",
"48",
"56",
"61",
"61",
"65",
"83",
"108",
"147",
"138",
"185",
"223",
"274",
"404",
"436",
"543",
"631",
"773",
"861",
"999",
"967",
"1099",
"1025",
"1083",
"977",
"947",
"773",
"688",
"556",
"485",
"315",
"296",
"219",
"232",
"163",
"158",
"132",
"139",
"122",
"122",
"139",
"146",
"139",
"130",
"144",
"157",
"175",
"177",
"192",
"189",
"197",
"194",
"230",
"233",
"218",
"231",
"219",
"241",
"202",
"201",
"197",
"156",
"169",
"150",
"132",
"127",
"145",
"163",
"117",
"136",
"134",
"139",
"142",
"160",
"139",
"173",
"178",
"165",
"170",
"221",
"204",
"239",
"265",
"280",
"357",
"468",
"639",
"864",
"1249",
"1877",
"2505",
"3610",
"5107",
"6998",
"8699",
"11721",
"14692",
"18153",
"20425",
"24506",
"27152",
"29650",
"29267",
"31086",
"29757",
"29793",
"26330",
"24480",
"20958",
"18536",
"14575",
"11718",
"9021",
"7133",
"5008",
"3781",
"2437",
"1745",
"1171",
"804",
"502",
"390",
"245",
"227",
"197",
"192",
"193",
"209",
"232",
"296",
"324",
"405",
"525",
"723",
"815",
"1089",
"1359",
"1803",
"1946",
"2348",
"2718",
"3196",
"3212",
"3595",
"3638",
"3830",
"3713",
"3666",
"3373",
"3240",
"2768",
"2399",
"2053",
"1743",
"1302",
"1074",
"826",
"572",
"423",
"331",
"243",
"158",
"116",
"97",
"66",
"62",
"42",
"50",
"44",
"36",
"43",
"43",
"40",
"47",
"41",
"34",
"34",
"38",
"44",
"42",
"45",
"37",
"46",
"48",
"44",
"54",
"57",
"44",
"80",
"42",
"46",
"57",
"45",
"52",
"58",
"56",
"50",
"76",
"61",
"59",
"50",
"54",
"45",
"55",
"50",
"42",
"49",
"37",
"46",
"49",
"41",
"35",
"45",
"38",
"39",
"44",
"38",
"48",
"39",
"54",
"37",
"41",
"46",
"63",
"50",
"51",
"47",
"53",
"57",
"52",
"47",
"61",
"46",
"49",
"53",
"62",
"72",
"73",
"85",
"47",
"55",
"72",
"77",
"74",
"71",
"84",
"65",
"78",
"68",
"62",
"72",
"72",
"61",
"82",
"75",
"65",
"73",
"73",
"68",
"87",
"64",
"88",
"57",
"81",
"82",
"83",
"68",
"63",
"82",
"74",
"73",
"73",
"82",
"77",
"78",
"89",
"93",
"98",
"98",
"81",
"83",
"82",
"77",
"96",
"100",
"88",
"94",
"98",
"112",
"108",
"98",
"106",
"79",
"96",
"102",
"110",
"101",
"106",
"76",
"92",
"90",
"92",
"84",
"105",
"93",
"87",
"75",
"107",
"74",
"89",
"79",
"87",
"65",
"81",
"71",
"88",
"80",
"87",
"76",
"108",
"90",
"92",
"77",
"76",
"83",
"94",
"86",
"89",
"81",
"74",
"81",
"73",
"83",
"68",
"96",
"67",
"87",
"87",
"80",
"73",
"81",
"84",
"72",
"82",
"76",
"76",
"84",
"81",
"68",
"92",
"74",
"97",
"81",
"95",
"89",
"85",
"95",
"86",
"72",
"75",
"82",
"75",
"84",
"92",
"80",
"98",
"70",
"95",
"68",
"59",
"85",
"87",
"89",
"83",
"78",
"87",
"76",
"78",
"84",
"80",
"75",
"76",
"80",
"88",
"66",
"86",
"86",
"85",
"105",
"71",
"69",
"101",
"61",
"73",
"78",
"78",
"88",
"74",
"88",
"82",
"75",
"66",
"80",
"84",
"68",
"79",
"67",
"70",
"86",
"79",
"84",
"69",
"80",
"71",
"73",
"85",
"79",
"104",
"82",
"90",
"99",
"93",
"86",
"102",
"87",
"99",
"80",
"105",
"90",
"98",
"80",
"82",
"84",
"94",
"93",
"107",
"94",
"84",
"83",
"78",
"90",
"100",
"95",
"84",
"95",
"96",
"83",
"107",
"94",
"122",
"107",
"110",
"118",
"100",
"121",
"112",
"105",
"111",
"89",
"106",
"111",
"122",
"106",
"104",
"108",
"109",
"105",
"86",
"77",
"72",
"89",
"101",
"100",
"80",
"97",
"99",
"79",
"103",
"98",
"78",
"102",
"95",
"96",
"74",
"94",
"97",
"88",
"83",
"105",
"81",
"91",
"92",
"106",
"97",
"102",
"102",
"95",
"119",
"95",
"92",
"95",
"111",
"97",
"91",
"103",
"106",
"126",
"116",
"130",
"133",
"119",
"134",
"137",
"141",
"136",
"122",
"155",
"123",
"105",
"138",
"128",
"125",
"117",
"112",
"122",
"113",
"82",
"80",
"101",
"79",
"91",
"83",
"102",
"111",
"76",
"90",
"105",
"106",
"97",
"92",
"90",
"94",
"104",
"112",
"143",
"131",
"99",
"106",
"116",
"124",
"130",
"137",
"113",
"127",
"149",
"110",
"94",
"127",
"118",
"128",
"113",
"100",
"106",
"113",
"107",
"113",
"102",
"80",
"85",
"101",
"92",
"106",
"84",
"92",
"87",
"77",
"86",
"82",
"84",
"97",
"73",
"70",
"116",
"86",
"79",
"97",
"77",
"98",
"90",
"98",
"89",
"81",
"95",
"90",
"96",
"77",
"107",
"107",
"98",
"114",
"97",
"108",
"89",
"100",
"95",
"93",
"98",
"95",
"103",
"81",
"91",
"84",
"96",
"100",
"81",
"78",
"109",
"86",
"93",
"84",
"87",
"94",
"87",
"99",
"102",
"90",
"76",
"87",
"94",
"80",
"84",
"91",
"85",
"88",
"88",
"95",
"101",
"97",
"91",
"71",
"91",
"95",
"101",
"86",
"96",
"84",
"83",
"97",
"78",
"99",
"71",
"79",
"84",
"85",
"85",
"104",
"76",
"85",
"64",
"76",
"80",
"85",
"85",
"100",
"64",
"85",
"75",
"75",
"66",
"70",
"81",
"75",
"94",
"75",
"87",
"88",
"85",
"90",
"88",
"79",
"79",
"100",
"74",
"77",
"76",
"82",
"63",
"69",
"82",
"85",
"67",
"87",
"79",
"96",
"85",
"93",
"86",
"78",
"64",
"87",
"79",
"77",
"66",
"71",
"104",
"79",
"87",
"92",
"98",
"88",
"74",
"82",
"81",
"95",
"69",
"78",
"96",
"88",
"82",
"68",
"89",
"101",
"81",
"94",
"102",
"89",
"83",
"79",
"86",
"101",
"63",
"100",
"90",
"89",
"78",
"88",
"92",
"88",
"79",
"85",
"102",
"90",
"84",
"67",
"91",
"88",
"88",
"75",
"105",
"88",
"90",
"69",
"82",
"95",
"60",
"96",
"64",
"85",
"67",
"90",
"85",
"83",
"81",
"75",
"88",
"75",
"61",
"74",
"95",
"86",
"82",
"78",
"83",
"92",
"67",
"96",
"90",
"79",
"75",
"73",
"80",
"79",
"83",
"69",
"87",
"84",
"84",
"91",
"88",
"65",
"77",
"70",
"64",
"89",
"75",
"67",
"78",
"81",
"89",
"80",
"78",
"79",
"67",
"79",
"85",
"84",
"72",
"69",
"86",
"81",
"66",
"85",
"105",
"79",
"74",
"67",
"71",
"67",
"76",
"85",
"78",
"98",
"80",
"77",
"65",
"77",
"80",
"78",
"86",
"81",
"81",
"78",
"69",
"74",
"78",
"64",
"79",
"116",
"70",
"66",
"87",
"90",
"72",
"82",
"87",
"95",
"83",
"72",
"86",
"87",
"90",
"81",
"68",
"94",
"74",
"87",
"81",
"80",
"79",
"83",
"86",
"88",
"81",
"65",
"87",
"89",
"74",
"83",
"93",
"79",
"89",
"87",
"88",
"79",
"64",
"71",
"67",
"80",
"69",
"85",
"53",
"75",
"81",
"76",
"90",
"80",
"77",
"78",
"77",
"76",
"87",
"81",
"74",
"94",
"76",
"70",
"74",
"88",
"78",
"54",
"78",
"73",
"69",
"71",
"82",
"81",
"70",
"77",
"75",
"74",
"57",
"68",
"75",
"72",
"69",
"76",
"82",
"74",
"71",
"76",
"76",
"81",
"73",
"57",
"75",
"90",
"69",
"84",
"63",
"76",
"73",
"77",
"72",
"72",
"56",
"70",
"56",
"52",
"74",
"84",
"76",
"74",
"83",
"79",
"80",
"67",
"65",
"67",
"67",
"75",
"70",
"80",
"75",
"86",
"68",
"55",
"63",
"67",
"74",
"52",
"90",
"66",
"57",
"75",
"64",
"79",
"66",
"72",
"62",
"75",
"51",
"74",
"45",
"84",
"68",
"63",
"69",
"64",
"74",
"65",
"63",
"69",
"67",
"61",
"61",
"63",
"67",
"64",
"72",
"58",
"65",
"64",
"66",
"71",
"67",
"66",
"74",
"60",
"64",
"69",
"91",
"71",
"55",
"65",
"76",
"58",
"68",
"71",
"68",
"72",
"61",
"74",
"66",
"65",
"55",
"72",
"59",
"72",
"66",
"62",
"68",
"78",
"79",
"69",
"85",
"70",
"63",
"61",
"67",
"74",
"69",
"74",
"54",
"77",
"79",
"81",
"73",
"75",
"67",
"48",
"80",
"62",
"68",
"59",
"66",
"72",
"77",
"60",
"52",
"62",
"74",
"64",
"84",
"61",
"78",
"78",
"74",
"69",
"72",
"56",
"75",
"66",
"62",
"66",
"65",
"74",
"61",
"69",
"66",
"71",
"67",
"63",
"59",
"75",
"52",
"66",
"68",
"72",
"72",
"68",
"61",
"79",
"71",
"67",
"67",
"80",
"62",
"71",
"67",
"60",
"59",
"68",
"68",
"79",
"83",
"60",
"70",
"64",
"63",
"65",
"58",
"68",
"56",
"57",
"58",
"68",
"59",
"79",
"69",
"48",
"58",
"56",
"64",
"67",
"72",
"61",
"64",
"73",
"50",
"61",
"58",
"74",
"64",
"61",
"69",
"70",
"54",
"76",
"77",
"75",
"45",
"56",
"61",
"76",
"77",
"82",
"72",
"59",
"52",
"66",
"74",
"75",
"53",
"76",
"67",
"63",
"54",
"60",
"58",
"69",
"79",
"44",
"59",
"51",
"60",
"57",
"56",
"63",
"49",
"62",
"65",
"52",
"65",
"55",
"61",
"61",
"58",
"60",
"60",
"64",
"61",
"70",
"51",
"46",
"56",
"60",
"56",
"67",
"59",
"60",
"55",
"58",
"57",
"58",
"70",
"63",
"60",
"61",
"59",
"58",
"60",
"71",
"56",
"61",
"54",
"52",
"53",
"66",
"53",
"67",
"80",
"53",
"53",
"60",
"51",
"62",
"52",
"53",
"61",
"59",
"55",
"58",
"69",
"49",
"61",
"57",
"73",
"63",
"49",
"58",
"54",
"61",
"56",
"49",
"47",
"61",
"53",
"54",
"64",
"57",
"58",
"59",
"45",
"61",
"61",
"52",
"66",
"54",
"64",
"61",
"51",
"62",
"60",
"53",
"59",
"60",
"68",
"63",
"50",
"42",
"62",
"57",
"60",
"48",
"54",
"64",
"50",
"66",
"48",
"56",
"57",
"49",
"50",
"42",
"46",
"50",
"49",
"61",
"63",
"40",
"65",
"54",
"60",
"54",
"54",
"64",
"57",
"49",
"63",
"45",
"48",
"51",
"65",
"59",
"47",
"50",
"49",
"65",
"59",
"71",
"63",
"55",
"54",
"76",
"47",
"55",
"44",
"48",
"51",
"63",
"54",
"54",
"50",
"50",
"54",
"50",
"49",
"67",
"66",
"51",
"69",
"55",
"61",
"58",
"51",
"52",
"59",
"59",
"68",
"53",
"55",
"59",
"59",
"65",
"58",
"61",
"51",
"68",
"63",
"55",
"50",
"57",
"44",
"62",
"71",
"50",
"59",
"60",
"59",
"58",
"52",
"71",
"48",
"41",
"51",
"47",
"63",
"50",
"58",
"51",
"53",
"60",
"60",
"58",
"43",
"59",
"45",
"42",
"43",
"49",
"48",
"59",
"48",
"56",
"37",
"50",
"49",
"49",
"57",
"57",
"63",
"44",
"65",
"56",
"49",
"60",
"49",
"56",
"57",
"42",
"60",
"48",
"47",
"49",
"61",
"48",
"48",
"37",
"52",
"62",
"48",
"34",
"58",
"42",
"46",
"46",
"58",
"54",
"51",
"65",
"63",
"58",
"52",
"57",
"53",
"56",
"52",
"58",
"61",
"54",
"45",
"59",
"49",
"58",
"46",
"58",
"57",
"65",
"49",
"59",
"60",
"49",
"51",
"61",
"41",
"64",
"36",
"39",
"61",
"53",
"45",
"63",
"48",
"54",
"40",
"49",
"51",
"53",
"55",
"53",
"51",
"49",
"58",
"60",
"58",
"58",
"50",
"44",
"61",
"58",
"58",
"54",
"49",
"66",
"51",
"54",
"56",
"74",
"52",
"56",
"54",
"65",
"45",
"68",
"53",
"52",
"46",
"59",
"45",
"69",
"59",
"57",
"59",
"51",
"66",
"64",
"59",
"53",
"54",
"49",
"67",
"68",
"56",
"59",
"70",
"66",
"69",
"55",
"69",
"82",
"61",
"72",
"78",
"55",
"69",
"74",
"92",
"88",
"73",
"61",
"85",
"59",
"66",
"77",
"101",
"88",
"81",
"87",
"89",
"114",
"62",
"73",
"92",
"90",
"98",
"94",
"92",
"109",
"96",
"111",
"97",
"102",
"128",
"118",
"129",
"127",
"120",
"129",
"138",
"135",
"158",
"140",
"154",
"155",
"155",
"196",
"202",
"171",
"185",
"210",
"238",
"230",
"264",
"233",
"246",
"269",
"257",
"244",
"267",
"276",
"283",
"308",
"308",
"328",
"321",
"279",
"325",
"347",
"319",
"401",
"358",
"357",
"342",
"370",
"364",
"373",
"380",
"374",
"394",
"382",
"353",
"340",
"399",
"388",
"363",
"376",
"392",
"361",
"339",
"372",
"336",
"356",
"313",
"312",
"307",
"298",
"285",
"328",
"252",
"252",
"223",
"262",
"279",
"264",
"250",
"213",
"230",
"191",
"206",
"169",
"197",
"181",
"188",
"138",
"158",
"186",
"132",
"135",
"132",
"131",
"108",
"109",
"128",
"119",
"124",
"100",
"100",
"103",
"92",
"103",
"101",
"89",
"74",
"96",
"105",
"63",
"85",
"99",
"80",
"79",
"94",
"77",
"96",
"87",
"74",
"98",
"95",
"108",
"104",
"98",
"95",
"116",
"124",
"121",
"132",
"129",
"142",
"159",
"151",
"151",
"175",
"168",
"183",
"179",
"152",
"196",
"198",
"159",
"196",
"193",
"176",
"154",
"157",
"143",
"185",
"169",
"161",
"131",
"138",
"104",
"115",
"103",
"113",
"122",
"94",
"89",
"88",
"86",
"77",
"75",
"68",
"63",
"73",
"56",
"66",
"62",
"43",
"49",
"56",
"43",
"37",
"51",
"45",
"46",
"51",
"40",
"56",
"56",
"45",
"25771",
"Channel_info_start",
"Channel : Mg",
"Points : 0",
"Range : 0.000000 - 0.000000",
"Step : 0.010000",
"Channel_info_end",
"Channel_info_start",
"Channel : Al",
"Points : 0",
"Range : 0.000000 - 0.000000",
"Step : 0.010000",
"Channel_info_end",
"Channel_info_start",
"Channel : Si",
"Points : 0",
"Range : 0.000000 - 0.000000",
"Step : 0.010000",
"Channel_info_end",
"Channel_info_start",
"Channel : P ",
"Points : 0",
"Range : 0.000000 - 0.000000",
"Step : 0.010000",
"Channel_info_end",
"Channel_info_start",
"Channel : S ",
"Points : 0",
"Range : 0.000000 - 0.000000",
"Step : 0.010000",
"Channel_info_end",
"Channel_info_start",
"Channel : Cl",
"Points : 0",
"Range : 0.000000 - 0.000000",
"Step : 0.010000",
"Channel_info_end",
"Channel_info_start",
"Channel : K ",
"Points : 0",
"Range : 0.000000 - 0.000000",
"Step : 0.010000",
"Channel_info_end",
"Channel_info_start",
"Channel : Ca",
"Points : 0",
"Range : 0.000000 - 0.000000",
"Step : 0.010000",
"Channel_info_end",
"Channel_info_start",
"Channel : Ti",
"Points : 0",
"Range : 0.000000 - 0.000000",
"Step : 0.010000",
"Channel_info_end",
"Channel_info_start",
"Channel : V ",
"Points : 0",
"Range : 0.000000 - 0.000000",
"Step : 0.010000",
"Channel_info_end",
"Channel_info_start",
"Channel : Cr",
"Points : 0",
"Range : 0.000000 - 0.000000",
"Step : 0.010000",
"Channel_info_end",
"Channel_info_start",
"Channel : Mn",
"Points : 0",
"Range : 0.000000 - 0.000000",
"Step : 0.010000",
"Channel_info_end",
"Channel_info_start",
"Channel : Fe",
"Points : 0",
"Range : 0.000000 - 0.000000",
"Step : 0.010000",
"Channel_info_end",
"Channel_info_start",
"Channel : Cu",
"Points : 0",
"Range : 0.000000 - 0.000000",
"Step : 0.010000",
"Channel_info_end",
"Channel_info_start",
"Channel : Zn",
"Points : 0",
"Range : 0.000000 - 0.000000",
"Step : 0.010000",
"Channel_info_end",
"Channel_info_start",
"Channel : Sr",
"Points : 0",
"Range : 0.000000 - 0.000000",
"Step : 0.010000",
"Channel_info_end",
"Channel_info_start",
"Channel : Pb",
"Points : 0",
"Range : 0.000000 - 0.000000",
"Step : 0.010000",
"Channel_info_end",
"",
"Qualitative Result",
"--------------------------------------------------------------------------------",
"Element :  P , Ti, Ca",
"",
"Peak List",
"--------------------------------------------------------------------------------",
"Channel               Line        keV     Net Int.(cps/uA)",
"--------------------------------------------------------------------------------",
"Na                    P Ka         2.02     0.021",
"                      TiKaESC      2.77     0.063",
"                      CaKa         3.70     0.287",
"                      CaKb         4.04     0.032",
"                      TiKa         4.51     9.103",
"                      TiKb         4.94     1.140",
"                      ----        19.13     0.119",
"                      ----        19.40     0.077",
"                      ----        20.04     0.058",
"--------------------------------------------------------------------------------",
"",
"Quantitative Result",
"--------------------------------------------------------------------------------",
"Analyte               Result             Std.Dev. Proc.-Calc. Line Intensity(cps/uA)",
"--------------------------------------------------------------------------------",
"====[No. 1 Layer]====< Layer1               >===============================",
"Layer1                   0.000 ug/cm2    -------- Flux       -------- --------",
