"Sample    : pb15772",
"Operator  : américo",
"Comment  : ",
"Group     : kerr2007ag180cal_lt",
"Date       : 2011-04-08 06:54:51",
"",
"Mesurement Condition",
"------------------------------------------------------------------------------------",
"Instrument : 700HS2   Atmosphere : Vac.   Collimator : 10(mm)   Spin : No",
"------------------------------------------------------------------------------------",
"Analyte               TG kV   uA      FI Acq.(keV)  Anal.(keV)  Time(sec)     DT(%)",
"------------------------------------------------------------------------------------",
"Na                    Rh 50  168-Auto Al  0 - 20    0.8 - 1.2   Live -  179   16",
"",
"<Profile>",
"Channel_info_start",
"Channel : Na",
"Points : 2048",
"Range : 0.000000 - 20.480000",
"Step : 0.010000",
"Channel_info_end",
"0",
"0",
"0",
"0",
"0",
"0",
"0",
"0",
"0",
"0",
"0",
"0",
"0",
"0",
"0",
"0",
"0",
"0",
"0",
"0",
"0",
"0",
"0",
"0",
"0",
"0",
"0",
"0",
"0",
"0",
"13",
"31",
"26",
"36",
"31",
"28",
"25",
"26",
"24",
"34",
"24",
"21",
"38",
"34",
"27",
"27",
"23",
"42",
"36",
"42",
"28",
"40",
"41",
"44",
"54",
"69",
"68",
"99",
"93",
"94",
"95",
"98",
"106",
"115",
"82",
"95",
"79",
"104",
"92",
"95",
"75",
"95",
"65",
"78",
"47",
"52",
"46",
"35",
"32",
"42",
"37",
"31",
"31",
"30",
"17",
"30",
"36",
"28",
"27",
"37",
"28",
"26",
"27",
"34",
"35",
"45",
"31",
"40",
"30",
"33",
"22",
"33",
"28",
"19",
"30",
"30",
"34",
"23",
"35",
"18",
"28",
"32",
"28",
"32",
"22",
"25",
"27",
"27",
"24",
"30",
"27",
"25",
"18",
"32",
"24",
"26",
"23",
"38",
"24",
"23",
"22",
"31",
"28",
"31",
"27",
"31",
"32",
"25",
"19",
"26",
"24",
"36",
"41",
"36",
"16",
"30",
"26",
"23",
"27",
"39",
"36",
"38",
"30",
"35",
"39",
"30",
"24",
"31",
"36",
"40",
"37",
"45",
"28",
"32",
"33",
"37",
"36",
"50",
"44",
"53",
"50",
"51",
"69",
"76",
"97",
"119",
"132",
"161",
"181",
"227",
"281",
"292",
"335",
"335",
"335",
"291",
"295",
"242",
"223",
"193",
"182",
"174",
"143",
"155",
"127",
"157",
"130",
"151",
"136",
"155",
"148",
"157",
"150",
"151",
"150",
"167",
"159",
"174",
"142",
"190",
"196",
"209",
"206",
"215",
"209",
"238",
"284",
"271",
"284",
"285",
"281",
"288",
"340",
"420",
"512",
"706",
"837",
"1122",
"1440",
"1883",
"2177",
"2718",
"3128",
"3709",
"3792",
"4239",
"4201",
"4449",
"4231",
"4295",
"4109",
"4046",
"3711",
"3757",
"3594",
"3434",
"2951",
"2801",
"2482",
"2090",
"1747",
"1497",
"1167",
"888",
"666",
"620",
"406",
"356",
"304",
"342",
"310",
"359",
"364",
"441",
"410",
"492",
"422",
"425",
"382",
"388",
"333",
"284",
"247",
"193",
"180",
"133",
"114",
"111",
"89",
"93",
"86",
"92",
"81",
"93",
"78",
"68",
"72",
"85",
"60",
"66",
"74",
"75",
"58",
"70",
"70",
"58",
"60",
"54",
"66",
"74",
"80",
"88",
"96",
"115",
"115",
"110",
"168",
"154",
"180",
"171",
"146",
"186",
"154",
"175",
"144",
"124",
"144",
"133",
"114",
"100",
"109",
"89",
"64",
"65",
"52",
"54",
"43",
"39",
"39",
"36",
"35",
"34",
"23",
"18",
"22",
"32",
"24",
"16",
"19",
"26",
"31",
"27",
"25",
"21",
"37",
"26",
"17",
"35",
"27",
"24",
"25",
"40",
"40",
"43",
"59",
"62",
"74",
"71",
"88",
"88",
"112",
"175",
"201",
"211",
"229",
"247",
"327",
"352",
"325",
"353",
"347",
"335",
"275",
"265",
"235",
"197",
"165",
"141",
"122",
"75",
"79",
"70",
"55",
"44",
"40",
"41",
"40",
"42",
"46",
"41",
"43",
"40",
"39",
"35",
"40",
"45",
"57",
"54",
"67",
"40",
"60",
"61",
"70",
"71",
"50",
"64",
"50",
"49",
"53",
"49",
"27",
"33",
"36",
"27",
"25",
"27",
"25",
"21",
"25",
"25",
"18",
"32",
"32",
"23",
"23",
"20",
"25",
"33",
"35",
"20",
"15",
"17",
"25",
"24",
"23",
"38",
"25",
"24",
"34",
"20",
"27",
"36",
"34",
"18",
"33",
"32",
"25",
"33",
"34",
"36",
"35",
"27",
"27",
"28",
"30",
"39",
"43",
"34",
"41",
"39",
"41",
"36",
"49",
"42",
"38",
"37",
"37",
"46",
"35",
"36",
"50",
"34",
"32",
"31",
"32",
"44",
"39",
"43",
"45",
"34",
"42",
"48",
"34",
"43",
"38",
"41",
"40",
"42",
"41",
"53",
"51",
"52",
"43",
"44",
"30",
"35",
"55",
"41",
"48",
"50",
"40",
"48",
"39",
"52",
"39",
"45",
"44",
"41",
"33",
"44",
"38",
"43",
"35",
"46",
"40",
"41",
"37",
"37",
"39",
"40",
"27",
"44",
"42",
"38",
"50",
"36",
"42",
"50",
"41",
"34",
"51",
"55",
"38",
"47",
"45",
"34",
"45",
"50",
"40",
"49",
"56",
"43",
"47",
"53",
"54",
"35",
"49",
"50",
"36",
"34",
"47",
"41",
"34",
"36",
"51",
"51",
"50",
"48",
"42",
"47",
"39",
"42",
"42",
"39",
"43",
"47",
"41",
"48",
"38",
"62",
"58",
"56",
"44",
"51",
"51",
"48",
"62",
"58",
"59",
"68",
"55",
"65",
"55",
"54",
"68",
"62",
"55",
"56",
"57",
"57",
"61",
"65",
"65",
"64",
"62",
"66",
"68",
"68",
"67",
"63",
"67",
"73",
"67",
"73",
"57",
"70",
"59",
"68",
"64",
"96",
"55",
"57",
"67",
"67",
"66",
"68",
"80",
"60",
"80",
"68",
"63",
"84",
"71",
"80",
"66",
"77",
"88",
"67",
"85",
"82",
"75",
"106",
"102",
"102",
"78",
"112",
"99",
"105",
"93",
"104",
"94",
"93",
"91",
"97",
"86",
"96",
"86",
"113",
"88",
"106",
"79",
"71",
"91",
"111",
"86",
"124",
"78",
"107",
"102",
"85",
"91",
"79",
"83",
"85",
"71",
"79",
"91",
"95",
"114",
"101",
"83",
"92",
"91",
"95",
"86",
"77",
"80",
"90",
"83",
"93",
"90",
"85",
"70",
"74",
"76",
"81",
"71",
"72",
"81",
"91",
"77",
"76",
"85",
"79",
"75",
"99",
"95",
"92",
"96",
"90",
"85",
"95",
"76",
"79",
"76",
"91",
"98",
"75",
"84",
"95",
"79",
"95",
"85",
"89",
"78",
"77",
"86",
"75",
"84",
"96",
"74",
"92",
"86",
"85",
"78",
"94",
"71",
"104",
"93",
"92",
"88",
"95",
"70",
"72",
"79",
"79",
"91",
"99",
"101",
"100",
"93",
"95",
"83",
"91",
"91",
"112",
"101",
"88",
"93",
"118",
"97",
"109",
"98",
"86",
"81",
"108",
"115",
"108",
"77",
"94",
"85",
"99",
"92",
"102",
"100",
"110",
"98",
"114",
"93",
"108",
"96",
"93",
"108",
"93",
"83",
"113",
"88",
"104",
"93",
"100",
"98",
"103",
"83",
"98",
"99",
"113",
"108",
"108",
"116",
"119",
"104",
"109",
"138",
"109",
"94",
"119",
"132",
"124",
"124",
"128",
"122",
"143",
"115",
"128",
"116",
"110",
"131",
"113",
"125",
"116",
"116",
"123",
"128",
"104",
"98",
"128",
"95",
"108",
"77",
"96",
"81",
"106",
"95",
"119",
"85",
"113",
"93",
"81",
"84",
"88",
"91",
"106",
"100",
"102",
"90",
"73",
"107",
"92",
"93",
"104",
"86",
"103",
"93",
"86",
"96",
"111",
"109",
"109",
"113",
"89",
"88",
"113",
"96",
"111",
"108",
"113",
"124",
"115",
"147",
"108",
"122",
"143",
"150",
"166",
"154",
"148",
"122",
"114",
"142",
"125",
"111",
"113",
"112",
"135",
"129",
"125",
"133",
"96",
"98",
"117",
"121",
"116",
"120",
"119",
"113",
"120",
"90",
"114",
"99",
"123",
"113",
"115",
"122",
"131",
"99",
"113",
"120",
"128",
"143",
"155",
"154",
"182",
"166",
"228",
"241",
"265",
"273",
"308",
"358",
"410",
"461",
"518",
"512",
"615",
"657",
"630",
"656",
"730",
"741",
"741",
"718",
"747",
"643",
"662",
"607",
"574",
"487",
"494",
"461",
"380",
"342",
"320",
"313",
"244",
"244",
"187",
"162",
"179",
"153",
"143",
"137",
"150",
"114",
"140",
"127",
"120",
"117",
"114",
"112",
"123",
"108",
"113",
"118",
"96",
"104",
"118",
"103",
"130",
"102",
"121",
"97",
"119",
"100",
"102",
"112",
"113",
"73",
"134",
"101",
"101",
"105",
"96",
"100",
"105",
"103",
"106",
"103",
"96",
"95",
"100",
"118",
"107",
"85",
"99",
"90",
"83",
"102",
"113",
"99",
"101",
"104",
"116",
"92",
"105",
"117",
"98",
"107",
"106",
"91",
"110",
"117",
"104",
"93",
"110",
"113",
"127",
"117",
"114",
"109",
"105",
"109",
"100",
"114",
"129",
"118",
"139",
"130",
"137",
"127",
"136",
"155",
"153",
"169",
"194",
"197",
"227",
"254",
"290",
"341",
"434",
"515",
"615",
"709",
"953",
"1085",
"1348",
"1583",
"1873",
"2132",
"2751",
"3030",
"3717",
"4154",
"4861",
"5566",
"6467",
"6538",
"7636",
"8188",
"9158",
"9115",
"10037",
"10482",
"11007",
"10649",
"11060",
"10750",
"10855",
"9995",
"9763",
"9033",
"8810",
"7751",
"7219",
"6406",
"5830",
"4766",
"4366",
"3720",
"3151",
"2536",
"2246",
"1747",
"1485",
"1076",
"955",
"742",
"616",
"448",
"383",
"314",
"275",
"218",
"175",
"187",
"163",
"144",
"144",
"128",
"127",
"128",
"118",
"118",
"123",
"116",
"127",
"106",
"110",
"119",
"113",
"110",
"128",
"100",
"108",
"113",
"113",
"96",
"79",
"93",
"116",
"102",
"91",
"120",
"100",
"121",
"114",
"120",
"108",
"125",
"129",
"136",
"143",
"164",
"153",
"161",
"173",
"156",
"213",
"182",
"236",
"202",
"206",
"239",
"238",
"185",
"239",
"249",
"243",
"223",
"212",
"235",
"210",
"204",
"199",
"196",
"178",
"148",
"179",
"147",
"130",
"121",
"137",
"130",
"120",
"120",
"92",
"90",
"93",
"104",
"93",
"74",
"97",
"103",
"92",
"94",
"81",
"71",
"96",
"65",
"106",
"90",
"91",
"93",
"78",
"92",
"93",
"86",
"100",
"75",
"98",
"93",
"114",
"86",
"96",
"103",
"107",
"118",
"101",
"105",
"111",
"106",
"92",
"108",
"121",
"103",
"131",
"127",
"117",
"131",
"134",
"132",
"147",
"166",
"171",
"191",
"198",
"197",
"227",
"238",
"255",
"260",
"271",
"307",
"290",
"320",
"336",
"380",
"370",
"394",
"380",
"436",
"443",
"442",
"502",
"491",
"535",
"504",
"508",
"520",
"570",
"520",
"612",
"579",
"581",
"606",
"565",
"629",
"663",
"636",
"748",
"839",
"1002",
"1008",
"1273",
"1449",
"1766",
"1888",
"2211",
"2679",
"3123",
"3356",
"3884",
"4297",
"4813",
"5031",
"5595",
"6069",
"6447",
"6549",
"6885",
"7095",
"7336",
"7066",
"7482",
"7226",
"7089",
"6470",
"6302",
"6094",
"5733",
"5136",
"4896",
"4524",
"4006",
"3470",
"3163",
"2845",
"2530",
"2211",
"1997",
"1791",
"1514",
"1256",
"1129",
"975",
"960",
"833",
"718",
"640",
"614",
"541",
"552",
"509",
"491",
"450",
"453",
"450",
"444",
"430",
"442",
"418",
"393",
"387",
"387",
"365",
"388",
"347",
"329",
"322",
"276",
"272",
"271",
"268",
"278",
"224",
"191",
"193",
"176",
"160",
"163",
"150",
"136",
"125",
"146",
"123",
"110",
"104",
"117",
"94",
"114",
"95",
"107",
"80",
"93",
"121",
"103",
"101",
"124",
"95",
"85",
"88",
"88",
"91",
"98",
"86",
"93",
"77",
"94",
"82",
"88",
"80",
"74",
"50",
"86",
"60",
"60",
"73",
"76",
"65",
"91",
"70",
"72",
"64",
"59",
"64",
"46",
"53",
"82",
"60",
"65",
"71",
"62",
"59",
"70",
"63",
"59",
"64",
"65",
"59",
"69",
"73",
"65",
"79",
"61",
"62",
"58",
"49",
"53",
"70",
"57",
"60",
"55",
"59",
"71",
"68",
"76",
"58",
"62",
"53",
"72",
"57",
"71",
"72",
"65",
"58",
"70",
"62",
"47",
"61",
"74",
"55",
"67",
"62",
"86",
"75",
"74",
"66",
"92",
"76",
"92",
"107",
"86",
"83",
"79",
"88",
"80",
"97",
"92",
"102",
"94",
"102",
"92",
"115",
"96",
"88",
"113",
"108",
"103",
"95",
"91",
"97",
"89",
"93",
"98",
"79",
"84",
"92",
"83",
"107",
"110",
"116",
"116",
"124",
"122",
"160",
"167",
"188",
"237",
"255",
"309",
"342",
"399",
"404",
"458",
"554",
"651",
"676",
"740",
"780",
"866",
"860",
"893",
"941",
"1010",
"997",
"1016",
"1141",
"1106",
"983",
"1075",
"987",
"996",
"859",
"871",
"806",
"752",
"697",
"696",
"590",
"583",
"502",
"454",
"453",
"390",
"315",
"307",
"296",
"288",
"276",
"250",
"257",
"275",
"240",
"230",
"250",
"275",
"277",
"300",
"299",
"323",
"307",
"325",
"322",
"355",
"271",
"380",
"375",
"366",
"341",
"334",
"364",
"349",
"328",
"286",
"290",
"334",
"286",
"254",
"266",
"249",
"223",
"208",
"210",
"174",
"160",
"149",
"154",
"120",
"121",
"117",
"117",
"81",
"83",
"81",
"73",
"69",
"51",
"95",
"69",
"71",
"67",
"54",
"58",
"54",
"58",
"52",
"61",
"65",
"57",
"63",
"60",
"55",
"51",
"72",
"64",
"67",
"77",
"72",
"103",
"77",
"81",
"91",
"73",
"82",
"78",
"95",
"83",
"83",
"84",
"84",
"84",
"94",
"71",
"86",
"93",
"77",
"83",
"85",
"68",
"74",
"58",
"51",
"62",
"47",
"76",
"60",
"53",
"61",
"45",
"58",
"54",
"46",
"43",
"50",
"47",
"53",
"49",
"75",
"46",
"48",
"37",
"52",
"33",
"34",
"46",
"51",
"58",
"41",
"32",
"50",
"55",
"47",
"42",
"44",
"47",
"47",
"40",
"58",
"38",
"49",
"35",
"55",
"58",
"40",
"37",
"54",
"44",
"47",
"40",
"42",
"39",
"43",
"60",
"44",
"38",
"50",
"41",
"40",
"48",
"57",
"34",
"48",
"48",
"33",
"46",
"42",
"54",
"37",
"39",
"42",
"47",
"44",
"47",
"49",
"48",
"54",
"34",
"55",
"38",
"42",
"39",
"42",
"35",
"46",
"39",
"47",
"45",
"31",
"38",
"52",
"54",
"42",
"40",
"53",
"44",
"45",
"41",
"50",
"36",
"45",
"49",
"39",
"56",
"46",
"44",
"60",
"43",
"48",
"46",
"30",
"37",
"52",
"51",
"30",
"42",
"48",
"46",
"43",
"35",
"41",
"40",
"56",
"44",
"51",
"46",
"28",
"60",
"45",
"50",
"41",
"38",
"44",
"38",
"46",
"30",
"42",
"47",
"46",
"46",
"46",
"49",
"47",
"47",
"58",
"36",
"48",
"38",
"40",
"32",
"51",
"44",
"42",
"46",
"51",
"46",
"40",
"45",
"46",
"42",
"38",
"33",
"44",
"43",
"54",
"46",
"46",
"38",
"46",
"32",
"39",
"41",
"53",
"36",
"40",
"41",
"40",
"47",
"39",
"47",
"51",
"33",
"50",
"39",
"41",
"49",
"31",
"54",
"57",
"44",
"33",
"35",
"54",
"31",
"35",
"58",
"43",
"47",
"44",
"41",
"52",
"41",
"31",
"63",
"39",
"41",
"46",
"45",
"39",
"42",
"55",
"45",
"47",
"53",
"49",
"48",
"38",
"45",
"42",
"40",
"45",
"52",
"50",
"47",
"42",
"47",
"53",
"45",
"42",
"49",
"40",
"44",
"42",
"51",
"44",
"55",
"51",
"46",
"58",
"59",
"48",
"41",
"44",
"57",
"47",
"38",
"43",
"50",
"44",
"54",
"43",
"48",
"54",
"53",
"51",
"37",
"51",
"53",
"52",
"62",
"57",
"71",
"56",
"48",
"68",
"62",
"63",
"64",
"64",
"43",
"63",
"70",
"60",
"75",
"51",
"65",
"74",
"76",
"72",
"82",
"73",
"77",
"100",
"73",
"78",
"76",
"95",
"106",
"83",
"86",
"93",
"103",
"107",
"86",
"114",
"105",
"136",
"109",
"112",
"131",
"129",
"132",
"107",
"152",
"127",
"159",
"162",
"161",
"168",
"181",
"144",
"156",
"192",
"188",
"181",
"238",
"214",
"212",
"215",
"219",
"231",
"244",
"218",
"255",
"238",
"240",
"223",
"262",
"247",
"246",
"226",
"250",
"278",
"239",
"256",
"271",
"245",
"218",
"242",
"246",
"217",
"226",
"226",
"241",
"225",
"200",
"180",
"194",
"215",
"180",
"172",
"208",
"179",
"165",
"189",
"166",
"162",
"157",
"138",
"143",
"130",
"136",
"143",
"106",
"133",
"110",
"116",
"140",
"96",
"107",
"99",
"110",
"102",
"89",
"86",
"90",
"100",
"82",
"81",
"82",
"82",
"61",
"64",
"62",
"71",
"56",
"53",
"77",
"73",
"68",
"56",
"77",
"68",
"62",
"65",
"81",
"90",
"91",
"89",
"103",
"113",
"114",
"127",
"144",
"134",
"137",
"162",
"149",
"149",
"150",
"180",
"195",
"192",
"212",
"193",
"241",
"219",
"237",
"225",
"241",
"240",
"236",
"251",
"253",
"251",
"232",
"208",
"255",
"204",
"207",
"226",
"212",
"193",
"170",
"156",
"165",
"151",
"153",
"132",
"116",
"124",
"98",
"80",
"95",
"99",
"70",
"68",
"58",
"60",
"58",
"47",
"52",
"44",
"46",
"38",
"41",
"40",
"38",
"20763",
"Channel_info_start",
"Channel : Mg",
"Points : 0",
"Range : 0.000000 - 0.000000",
"Step : 0.010000",
"Channel_info_end",
"Channel_info_start",
"Channel : Al",
"Points : 0",
"Range : 0.000000 - 0.000000",
"Step : 0.010000",
"Channel_info_end",
"Channel_info_start",
"Channel : Si",
"Points : 0",
"Range : 0.000000 - 0.000000",
"Step : 0.010000",
"Channel_info_end",
"Channel_info_start",
"Channel : P ",
"Points : 0",
"Range : 0.000000 - 0.000000",
"Step : 0.010000",
"Channel_info_end",
"Channel_info_start",
"Channel : S ",
"Points : 0",
"Range : 0.000000 - 0.000000",
"Step : 0.010000",
"Channel_info_end",
"Channel_info_start",
"Channel : Cl",
"Points : 0",
"Range : 0.000000 - 0.000000",
"Step : 0.010000",
"Channel_info_end",
"Channel_info_start",
"Channel : K ",
"Points : 0",
"Range : 0.000000 - 0.000000",
"Step : 0.010000",
"Channel_info_end",
"Channel_info_start",
"Channel : Ca",
"Points : 0",
"Range : 0.000000 - 0.000000",
"Step : 0.010000",
"Channel_info_end",
"Channel_info_start",
"Channel : Ti",
"Points : 0",
"Range : 0.000000 - 0.000000",
"Step : 0.010000",
"Channel_info_end",
"Channel_info_start",
"Channel : V ",
"Points : 0",
"Range : 0.000000 - 0.000000",
"Step : 0.010000",
"Channel_info_end",
"Channel_info_start",
"Channel : Cr",
"Points : 0",
"Range : 0.000000 - 0.000000",
"Step : 0.010000",
"Channel_info_end",
"Channel_info_start",
"Channel : Mn",
"Points : 0",
"Range : 0.000000 - 0.000000",
"Step : 0.010000",
"Channel_info_end",
"Channel_info_start",
"Channel : Fe",
"Points : 0",
"Range : 0.000000 - 0.000000",
"Step : 0.010000",
"Channel_info_end",
"Channel_info_start",
"Channel : Cu",
"Points : 0",
"Range : 0.000000 - 0.000000",
"Step : 0.010000",
"Channel_info_end",
"Channel_info_start",
"Channel : Zn",
"Points : 0",
"Range : 0.000000 - 0.000000",
"Step : 0.010000",
"Channel_info_end",
"Channel_info_start",
"Channel : Sr",
"Points : 0",
"Range : 0.000000 - 0.000000",
"Step : 0.010000",
"Channel_info_end",
"Channel_info_start",
"Channel : Pb",
"Points : 0",
"Range : 0.000000 - 0.000000",
"Step : 0.010000",
"Channel_info_end",
"",
"Qualitative Result",
"--------------------------------------------------------------------------------",
"Element :  Pb, S , Cl, Ca, Ir, Ru",
"",
"Peak List",
"--------------------------------------------------------------------------------",
"Channel               Line        keV     Net Int.(cps/uA)",
"--------------------------------------------------------------------------------",
"Na                    ----         0.60     0.021",
"                      ----         0.68     0.023",
"                      ----         1.83     0.104",
"                      ----         2.14     0.039",
"                      PbMa         2.36     1.192",
"                      S Ka         2.36     0.535",
"                      ClKa         2.66     0.147",
"                      ----         3.08     0.053",
"                      CaKa         3.69     0.145",
"                      CaKb         4.02     0.021",
"                      PbLL         9.18     0.265",
"                      IrLa         9.18     0.114",
"                      PbLa        10.55     6.622",
"                      IrLb1       10.71     0.062",
"                      PbLn        11.39     0.080",
"                      PbLb4       12.24     0.153",
"                      PbLb1       12.62     4.542",
"                      ----        13.04     0.092",
"                      PbLg1       14.76     0.692",
"                      PbLg2       15.16     0.197",
"                      RuKa        19.24     0.135",
"                      ----        19.92     0.060",
"--------------------------------------------------------------------------------",
"",
"Quantitative Result",
"--------------------------------------------------------------------------------",
"Analyte               Result             Std.Dev. Proc.-Calc. Line Intensity(cps/uA)",
"--------------------------------------------------------------------------------",
"====[No. 1 Layer]====< Layer1               >===============================",
"Layer1                   0.000 ug/cm2    -------- Flux       -------- --------",
