"Sample    : te15768",
"Operator  : américo",
"Comment  : ",
"Group     : kerr2007ag180cal_lt",
"Date       : 2011-04-08 06:01:22",
"",
"Mesurement Condition",
"------------------------------------------------------------------------------------",
"Instrument : 700HS2   Atmosphere : Vac.   Collimator : 10(mm)   Spin : No",
"------------------------------------------------------------------------------------",
"Analyte               TG kV   uA      FI Acq.(keV)  Anal.(keV)  Time(sec)     DT(%)",
"------------------------------------------------------------------------------------",
"Na                    Rh 50  360-Auto Al  0 - 20    0.8 - 1.2   Live -  179   15",
"",
"<Profile>",
"Channel_info_start",
"Channel : Na",
"Points : 2048",
"Range : 0.000000 - 20.480000",
"Step : 0.010000",
"Channel_info_end",
"0",
"0",
"0",
"0",
"0",
"0",
"0",
"0",
"0",
"0",
"0",
"0",
"0",
"0",
"0",
"0",
"0",
"0",
"0",
"0",
"0",
"0",
"0",
"0",
"0",
"0",
"0",
"0",
"1",
"2",
"18",
"33",
"41",
"47",
"44",
"48",
"40",
"41",
"43",
"47",
"40",
"37",
"43",
"43",
"35",
"33",
"35",
"37",
"44",
"39",
"34",
"33",
"35",
"36",
"40",
"39",
"39",
"37",
"28",
"27",
"25",
"36",
"36",
"43",
"38",
"32",
"36",
"32",
"29",
"44",
"37",
"45",
"34",
"46",
"36",
"55",
"42",
"37",
"47",
"41",
"42",
"35",
"36",
"32",
"37",
"36",
"39",
"54",
"37",
"43",
"36",
"30",
"38",
"40",
"31",
"40",
"28",
"41",
"40",
"40",
"43",
"42",
"52",
"45",
"24",
"41",
"38",
"38",
"47",
"34",
"37",
"51",
"32",
"37",
"45",
"44",
"27",
"43",
"35",
"31",
"41",
"32",
"42",
"37",
"47",
"38",
"39",
"41",
"56",
"34",
"38",
"36",
"33",
"37",
"27",
"40",
"34",
"33",
"45",
"44",
"43",
"36",
"43",
"42",
"38",
"42",
"25",
"39",
"59",
"52",
"44",
"51",
"48",
"44",
"50",
"47",
"49",
"58",
"55",
"43",
"52",
"57",
"66",
"35",
"45",
"44",
"41",
"36",
"47",
"58",
"51",
"52",
"59",
"47",
"65",
"46",
"54",
"49",
"45",
"46",
"55",
"44",
"48",
"58",
"56",
"72",
"66",
"70",
"69",
"84",
"71",
"75",
"105",
"79",
"110",
"124",
"139",
"165",
"193",
"222",
"249",
"232",
"210",
"243",
"227",
"201",
"174",
"162",
"132",
"121",
"104",
"74",
"77",
"90",
"59",
"63",
"63",
"77",
"87",
"87",
"107",
"90",
"114",
"123",
"124",
"148",
"158",
"186",
"154",
"157",
"141",
"147",
"142",
"132",
"136",
"127",
"106",
"90",
"81",
"104",
"82",
"60",
"72",
"76",
"75",
"70",
"66",
"55",
"57",
"73",
"73",
"73",
"75",
"62",
"60",
"83",
"67",
"83",
"63",
"87",
"81",
"89",
"75",
"81",
"83",
"79",
"70",
"80",
"66",
"85",
"58",
"69",
"55",
"59",
"65",
"57",
"58",
"57",
"59",
"81",
"58",
"69",
"67",
"63",
"80",
"57",
"56",
"66",
"47",
"71",
"53",
"69",
"49",
"74",
"58",
"64",
"56",
"66",
"60",
"62",
"69",
"70",
"73",
"77",
"76",
"77",
"56",
"73",
"98",
"90",
"82",
"101",
"73",
"76",
"80",
"81",
"98",
"118",
"102",
"102",
"126",
"157",
"170",
"235",
"246",
"273",
"331",
"458",
"459",
"583",
"595",
"659",
"683",
"707",
"701",
"774",
"654",
"632",
"508",
"432",
"405",
"368",
"292",
"307",
"253",
"222",
"204",
"211",
"196",
"221",
"233",
"221",
"272",
"305",
"360",
"381",
"431",
"478",
"538",
"670",
"783",
"899",
"1021",
"1319",
"1634",
"2235",
"2709",
"3665",
"4308",
"5617",
"6552",
"8026",
"9196",
"10802",
"11367",
"12322",
"13040",
"13150",
"12318",
"12113",
"11097",
"10240",
"8413",
"7591",
"5839",
"4850",
"3517",
"2878",
"2161",
"1763",
"1434",
"1441",
"1481",
"1813",
"2186",
"2702",
"3437",
"4386",
"4932",
"6154",
"6479",
"7487",
"7521",
"8312",
"8224",
"8474",
"7850",
"7888",
"7290",
"6803",
"5869",
"5600",
"4807",
"4225",
"3686",
"3238",
"2588",
"2184",
"1847",
"1603",
"1431",
"1465",
"1286",
"1338",
"1343",
"1474",
"1465",
"1719",
"1737",
"1834",
"1873",
"1919",
"1793",
"1730",
"1519",
"1461",
"1231",
"1105",
"919",
"781",
"652",
"593",
"424",
"392",
"370",
"368",
"297",
"368",
"399",
"467",
"511",
"645",
"698",
"780",
"811",
"962",
"984",
"989",
"963",
"938",
"888",
"906",
"738",
"732",
"584",
"543",
"424",
"363",
"316",
"308",
"251",
"281",
"294",
"339",
"366",
"381",
"485",
"563",
"524",
"574",
"649",
"687",
"605",
"681",
"654",
"635",
"544",
"509",
"457",
"381",
"328",
"315",
"264",
"223",
"165",
"157",
"139",
"158",
"129",
"132",
"104",
"104",
"80",
"71",
"85",
"89",
"58",
"67",
"66",
"59",
"64",
"58",
"65",
"67",
"55",
"60",
"62",
"61",
"64",
"70",
"60",
"78",
"61",
"80",
"89",
"77",
"95",
"89",
"72",
"81",
"79",
"88",
"76",
"92",
"80",
"95",
"81",
"74",
"89",
"101",
"103",
"104",
"101",
"103",
"99",
"91",
"108",
"96",
"78",
"86",
"99",
"105",
"94",
"94",
"87",
"92",
"89",
"98",
"84",
"83",
"82",
"94",
"95",
"86",
"88",
"72",
"79",
"88",
"75",
"88",
"69",
"84",
"76",
"86",
"93",
"78",
"91",
"106",
"79",
"99",
"99",
"88",
"112",
"65",
"87",
"94",
"75",
"100",
"116",
"96",
"95",
"96",
"88",
"104",
"104",
"99",
"111",
"85",
"99",
"124",
"110",
"109",
"105",
"121",
"112",
"118",
"95",
"123",
"118",
"117",
"108",
"130",
"130",
"137",
"146",
"139",
"142",
"127",
"113",
"114",
"131",
"150",
"137",
"137",
"133",
"121",
"146",
"117",
"126",
"169",
"129",
"137",
"128",
"134",
"122",
"136",
"132",
"142",
"137",
"163",
"132",
"148",
"127",
"154",
"145",
"170",
"143",
"132",
"156",
"113",
"118",
"130",
"101",
"131",
"123",
"144",
"119",
"113",
"103",
"112",
"125",
"142",
"123",
"106",
"134",
"126",
"153",
"139",
"136",
"130",
"99",
"115",
"137",
"124",
"117",
"135",
"118",
"132",
"135",
"127",
"144",
"115",
"122",
"135",
"129",
"136",
"132",
"143",
"140",
"145",
"136",
"124",
"126",
"164",
"145",
"144",
"145",
"165",
"137",
"141",
"137",
"140",
"130",
"154",
"158",
"143",
"161",
"164",
"174",
"154",
"145",
"126",
"160",
"147",
"157",
"153",
"141",
"169",
"144",
"173",
"137",
"166",
"138",
"140",
"158",
"139",
"169",
"143",
"170",
"147",
"160",
"131",
"136",
"156",
"148",
"175",
"174",
"151",
"167",
"174",
"160",
"156",
"149",
"179",
"151",
"176",
"168",
"161",
"161",
"175",
"158",
"187",
"175",
"185",
"132",
"172",
"132",
"177",
"162",
"161",
"175",
"173",
"157",
"151",
"156",
"157",
"174",
"161",
"170",
"159",
"157",
"151",
"159",
"185",
"164",
"155",
"161",
"159",
"160",
"172",
"150",
"164",
"149",
"178",
"171",
"181",
"176",
"159",
"153",
"195",
"160",
"170",
"206",
"191",
"182",
"198",
"182",
"166",
"207",
"212",
"200",
"230",
"178",
"228",
"223",
"184",
"210",
"216",
"218",
"219",
"174",
"175",
"177",
"163",
"176",
"188",
"182",
"169",
"172",
"155",
"165",
"154",
"159",
"174",
"162",
"150",
"137",
"160",
"131",
"152",
"136",
"146",
"135",
"174",
"144",
"143",
"146",
"159",
"155",
"160",
"154",
"147",
"160",
"161",
"134",
"143",
"143",
"142",
"145",
"159",
"154",
"160",
"162",
"189",
"160",
"189",
"195",
"187",
"202",
"185",
"207",
"204",
"229",
"216",
"224",
"212",
"201",
"226",
"191",
"215",
"173",
"187",
"216",
"205",
"170",
"176",
"161",
"176",
"164",
"168",
"141",
"160",
"159",
"196",
"177",
"172",
"152",
"170",
"160",
"160",
"143",
"168",
"157",
"167",
"155",
"139",
"132",
"154",
"155",
"147",
"146",
"167",
"158",
"156",
"158",
"196",
"147",
"156",
"154",
"159",
"149",
"159",
"154",
"154",
"143",
"138",
"158",
"159",
"140",
"149",
"149",
"149",
"151",
"160",
"173",
"140",
"125",
"156",
"162",
"168",
"160",
"147",
"153",
"169",
"142",
"150",
"143",
"161",
"140",
"148",
"159",
"167",
"156",
"183",
"181",
"168",
"142",
"147",
"170",
"159",
"151",
"156",
"154",
"143",
"143",
"135",
"171",
"157",
"148",
"139",
"155",
"163",
"159",
"153",
"157",
"138",
"146",
"162",
"135",
"134",
"127",
"133",
"164",
"152",
"163",
"178",
"158",
"170",
"146",
"160",
"141",
"153",
"148",
"166",
"140",
"189",
"172",
"166",
"186",
"210",
"167",
"187",
"202",
"206",
"216",
"222",
"216",
"221",
"204",
"225",
"225",
"228",
"193",
"224",
"239",
"215",
"181",
"204",
"199",
"186",
"173",
"167",
"148",
"151",
"138",
"157",
"165",
"164",
"137",
"128",
"147",
"121",
"149",
"140",
"135",
"130",
"131",
"137",
"139",
"141",
"142",
"139",
"148",
"163",
"131",
"147",
"148",
"142",
"154",
"148",
"127",
"166",
"146",
"138",
"139",
"138",
"137",
"146",
"148",
"148",
"119",
"143",
"136",
"174",
"123",
"162",
"126",
"141",
"131",
"148",
"135",
"129",
"138",
"146",
"171",
"150",
"142",
"136",
"149",
"137",
"151",
"146",
"137",
"165",
"118",
"119",
"134",
"160",
"150",
"151",
"143",
"147",
"154",
"147",
"150",
"156",
"133",
"150",
"126",
"157",
"154",
"126",
"129",
"147",
"143",
"152",
"115",
"148",
"129",
"159",
"126",
"145",
"129",
"160",
"135",
"125",
"127",
"136",
"134",
"147",
"138",
"131",
"144",
"144",
"145",
"155",
"135",
"152",
"147",
"132",
"128",
"139",
"125",
"168",
"148",
"153",
"130",
"145",
"130",
"145",
"136",
"136",
"140",
"126",
"126",
"123",
"150",
"134",
"148",
"147",
"133",
"154",
"123",
"125",
"125",
"135",
"107",
"122",
"127",
"136",
"126",
"155",
"137",
"148",
"137",
"145",
"138",
"158",
"125",
"120",
"107",
"133",
"126",
"122",
"133",
"148",
"154",
"129",
"159",
"164",
"140",
"174",
"146",
"169",
"150",
"164",
"153",
"173",
"171",
"174",
"182",
"186",
"162",
"176",
"202",
"173",
"161",
"193",
"157",
"194",
"178",
"157",
"160",
"131",
"150",
"167",
"174",
"166",
"161",
"168",
"136",
"153",
"152",
"138",
"147",
"132",
"126",
"136",
"132",
"131",
"124",
"129",
"129",
"133",
"120",
"129",
"150",
"131",
"120",
"136",
"158",
"108",
"125",
"142",
"125",
"137",
"121",
"133",
"128",
"126",
"110",
"136",
"155",
"146",
"130",
"133",
"129",
"116",
"143",
"112",
"118",
"129",
"114",
"132",
"125",
"134",
"126",
"133",
"127",
"132",
"106",
"117",
"131",
"130",
"104",
"133",
"124",
"129",
"134",
"135",
"106",
"132",
"100",
"136",
"107",
"125",
"110",
"123",
"121",
"125",
"140",
"126",
"113",
"116",
"107",
"118",
"146",
"101",
"121",
"123",
"116",
"144",
"110",
"129",
"115",
"113",
"119",
"113",
"128",
"135",
"114",
"120",
"124",
"127",
"95",
"131",
"100",
"131",
"115",
"129",
"119",
"105",
"111",
"110",
"131",
"120",
"103",
"119",
"107",
"111",
"115",
"117",
"109",
"130",
"128",
"122",
"109",
"99",
"117",
"113",
"117",
"115",
"124",
"125",
"118",
"122",
"118",
"127",
"100",
"123",
"111",
"120",
"128",
"104",
"102",
"120",
"91",
"125",
"92",
"115",
"112",
"124",
"121",
"119",
"125",
"106",
"93",
"101",
"124",
"127",
"113",
"106",
"102",
"110",
"111",
"110",
"91",
"123",
"113",
"122",
"121",
"121",
"114",
"99",
"143",
"120",
"109",
"125",
"106",
"118",
"114",
"109",
"113",
"123",
"111",
"108",
"130",
"114",
"100",
"105",
"105",
"120",
"112",
"124",
"110",
"132",
"116",
"131",
"110",
"110",
"98",
"102",
"121",
"116",
"115",
"106",
"120",
"124",
"115",
"115",
"127",
"103",
"100",
"111",
"103",
"119",
"90",
"122",
"123",
"112",
"130",
"106",
"112",
"112",
"91",
"104",
"95",
"104",
"109",
"119",
"111",
"115",
"96",
"102",
"112",
"95",
"92",
"111",
"108",
"105",
"91",
"100",
"123",
"101",
"91",
"103",
"122",
"108",
"106",
"106",
"97",
"121",
"99",
"103",
"94",
"99",
"85",
"103",
"88",
"95",
"107",
"109",
"87",
"105",
"107",
"120",
"105",
"102",
"108",
"111",
"116",
"106",
"100",
"98",
"99",
"94",
"94",
"97",
"78",
"109",
"97",
"113",
"111",
"93",
"105",
"121",
"87",
"107",
"97",
"97",
"101",
"99",
"83",
"89",
"115",
"109",
"99",
"118",
"92",
"106",
"95",
"95",
"93",
"88",
"111",
"90",
"89",
"103",
"79",
"95",
"85",
"97",
"93",
"103",
"99",
"101",
"95",
"90",
"92",
"119",
"96",
"93",
"111",
"90",
"101",
"67",
"108",
"74",
"95",
"84",
"101",
"106",
"106",
"100",
"111",
"100",
"110",
"99",
"113",
"97",
"91",
"84",
"72",
"94",
"100",
"92",
"100",
"100",
"81",
"96",
"96",
"72",
"96",
"92",
"100",
"94",
"91",
"77",
"101",
"92",
"91",
"89",
"84",
"91",
"88",
"93",
"88",
"85",
"82",
"80",
"92",
"87",
"111",
"100",
"99",
"87",
"91",
"77",
"97",
"86",
"97",
"79",
"97",
"89",
"83",
"94",
"92",
"76",
"86",
"88",
"86",
"103",
"96",
"94",
"94",
"90",
"86",
"90",
"87",
"93",
"82",
"87",
"88",
"77",
"82",
"80",
"94",
"96",
"78",
"80",
"87",
"104",
"81",
"85",
"101",
"83",
"86",
"89",
"105",
"88",
"81",
"87",
"95",
"90",
"87",
"90",
"87",
"100",
"78",
"87",
"86",
"104",
"86",
"82",
"91",
"91",
"94",
"77",
"87",
"94",
"100",
"80",
"84",
"83",
"75",
"82",
"91",
"89",
"102",
"90",
"79",
"99",
"75",
"79",
"100",
"76",
"89",
"75",
"95",
"85",
"72",
"96",
"80",
"93",
"95",
"93",
"88",
"83",
"86",
"82",
"93",
"79",
"79",
"93",
"81",
"90",
"67",
"75",
"90",
"86",
"86",
"86",
"73",
"98",
"82",
"80",
"75",
"87",
"74",
"74",
"85",
"74",
"81",
"87",
"93",
"72",
"89",
"93",
"88",
"105",
"81",
"78",
"76",
"82",
"75",
"77",
"86",
"81",
"75",
"90",
"76",
"102",
"82",
"79",
"85",
"100",
"65",
"74",
"77",
"88",
"78",
"86",
"84",
"87",
"79",
"92",
"80",
"90",
"76",
"72",
"82",
"101",
"96",
"82",
"86",
"71",
"99",
"85",
"99",
"85",
"67",
"98",
"98",
"76",
"80",
"84",
"85",
"79",
"80",
"90",
"74",
"86",
"91",
"83",
"61",
"85",
"75",
"97",
"67",
"77",
"75",
"84",
"95",
"100",
"76",
"92",
"81",
"92",
"86",
"80",
"80",
"83",
"71",
"85",
"76",
"77",
"70",
"84",
"86",
"81",
"82",
"72",
"76",
"92",
"74",
"64",
"87",
"85",
"78",
"74",
"87",
"89",
"91",
"83",
"92",
"89",
"74",
"66",
"101",
"84",
"86",
"73",
"89",
"94",
"84",
"90",
"100",
"86",
"82",
"76",
"86",
"90",
"79",
"91",
"94",
"74",
"82",
"114",
"84",
"106",
"75",
"86",
"77",
"102",
"85",
"82",
"76",
"104",
"94",
"75",
"86",
"106",
"96",
"88",
"74",
"75",
"99",
"99",
"97",
"100",
"83",
"94",
"102",
"100",
"101",
"101",
"101",
"87",
"77",
"96",
"100",
"115",
"99",
"106",
"111",
"110",
"99",
"109",
"117",
"102",
"100",
"105",
"108",
"129",
"116",
"116",
"119",
"107",
"118",
"112",
"120",
"121",
"108",
"132",
"122",
"130",
"116",
"133",
"143",
"155",
"142",
"148",
"156",
"148",
"163",
"180",
"155",
"174",
"151",
"195",
"197",
"208",
"214",
"215",
"204",
"233",
"241",
"243",
"252",
"274",
"281",
"260",
"281",
"275",
"289",
"324",
"329",
"332",
"339",
"339",
"372",
"431",
"355",
"397",
"437",
"428",
"437",
"451",
"462",
"481",
"484",
"464",
"492",
"480",
"478",
"496",
"505",
"529",
"492",
"441",
"561",
"548",
"509",
"517",
"531",
"562",
"483",
"521",
"512",
"513",
"469",
"475",
"485",
"468",
"435",
"459",
"458",
"447",
"407",
"418",
"402",
"357",
"367",
"379",
"350",
"376",
"322",
"290",
"337",
"291",
"260",
"272",
"282",
"268",
"252",
"264",
"228",
"233",
"212",
"233",
"184",
"219",
"174",
"168",
"184",
"152",
"172",
"158",
"140",
"157",
"141",
"136",
"138",
"142",
"122",
"114",
"139",
"140",
"113",
"128",
"146",
"127",
"133",
"142",
"124",
"169",
"155",
"148",
"166",
"157",
"172",
"180",
"202",
"185",
"229",
"235",
"248",
"263",
"242",
"275",
"279",
"288",
"310",
"293",
"395",
"347",
"309",
"372",
"362",
"380",
"356",
"365",
"375",
"352",
"303",
"300",
"336",
"356",
"301",
"289",
"279",
"266",
"246",
"228",
"220",
"202",
"195",
"204",
"170",
"166",
"168",
"131",
"117",
"137",
"127",
"104",
"105",
"101",
"91",
"79",
"88",
"83",
"81",
"78",
"86",
"84",
"73",
"94865",
"Channel_info_start",
"Channel : Mg",
"Points : 0",
"Range : 0.000000 - 0.000000",
"Step : 0.010000",
"Channel_info_end",
"Channel_info_start",
"Channel : Al",
"Points : 0",
"Range : 0.000000 - 0.000000",
"Step : 0.010000",
"Channel_info_end",
"Channel_info_start",
"Channel : Si",
"Points : 0",
"Range : 0.000000 - 0.000000",
"Step : 0.010000",
"Channel_info_end",
"Channel_info_start",
"Channel : P ",
"Points : 0",
"Range : 0.000000 - 0.000000",
"Step : 0.010000",
"Channel_info_end",
"Channel_info_start",
"Channel : S ",
"Points : 0",
"Range : 0.000000 - 0.000000",
"Step : 0.010000",
"Channel_info_end",
"Channel_info_start",
"Channel : Cl",
"Points : 0",
"Range : 0.000000 - 0.000000",
"Step : 0.010000",
"Channel_info_end",
"Channel_info_start",
"Channel : K ",
"Points : 0",
"Range : 0.000000 - 0.000000",
"Step : 0.010000",
"Channel_info_end",
"Channel_info_start",
"Channel : Ca",
"Points : 0",
"Range : 0.000000 - 0.000000",
"Step : 0.010000",
"Channel_info_end",
"Channel_info_start",
"Channel : Ti",
"Points : 0",
"Range : 0.000000 - 0.000000",
"Step : 0.010000",
"Channel_info_end",
"Channel_info_start",
"Channel : V ",
"Points : 0",
"Range : 0.000000 - 0.000000",
"Step : 0.010000",
"Channel_info_end",
"Channel_info_start",
"Channel : Cr",
"Points : 0",
"Range : 0.000000 - 0.000000",
"Step : 0.010000",
"Channel_info_end",
"Channel_info_start",
"Channel : Mn",
"Points : 0",
"Range : 0.000000 - 0.000000",
"Step : 0.010000",
"Channel_info_end",
"Channel_info_start",
"Channel : Fe",
"Points : 0",
"Range : 0.000000 - 0.000000",
"Step : 0.010000",
"Channel_info_end",
"Channel_info_start",
"Channel : Cu",
"Points : 0",
"Range : 0.000000 - 0.000000",
"Step : 0.010000",
"Channel_info_end",
"Channel_info_start",
"Channel : Zn",
"Points : 0",
"Range : 0.000000 - 0.000000",
"Step : 0.010000",
"Channel_info_end",
"Channel_info_start",
"Channel : Sr",
"Points : 0",
"Range : 0.000000 - 0.000000",
"Step : 0.010000",
"Channel_info_end",
"Channel_info_start",
"Channel : Pb",
"Points : 0",
"Range : 0.000000 - 0.000000",
"Step : 0.010000",
"Channel_info_end",
"",
"Qualitative Result",
"--------------------------------------------------------------------------------",
"Element :  P , S , Te, K , Ca, Ru",
"",
"Peak List",
"--------------------------------------------------------------------------------",
"Channel               Line        keV     Net Int.(cps/uA)",
"--------------------------------------------------------------------------------",
"Na                    P Ka         2.00     0.035",
"                      S Ka         2.27     0.022",
"                      TeLL         3.34     0.080",
"                      K Ka         3.34     0.038",
"                      CaKa         3.76     2.713",
"                      CaKb         4.04     0.380",
"                      TeLb1        4.04     1.354",
"                      TeLb2        4.30     0.317",
"                      TeLg1        4.56     0.147",
"                      TeLg2        4.83     0.104",
"                      ----        10.04     0.027",
"                      RuKa        19.24     0.131",
"                      ----        19.96     0.048",
"--------------------------------------------------------------------------------",
"",
"Quantitative Result",
"--------------------------------------------------------------------------------",
"Analyte               Result             Std.Dev. Proc.-Calc. Line Intensity(cps/uA)",
"--------------------------------------------------------------------------------",
"====[No. 1 Layer]====< Layer1               >===============================",
"Layer1                   0.000 ug/cm2    -------- Flux       -------- --------",
